elevation_meters,elevation_factor,rain_intensity_mm_hr,cumulative_rainfall_3h_mm,soil_saturation_percent,drainage_capacity_m3s,drainage_saturation_percent,current_water_level_cm,water_level_rise_rate_10m,future_water_level_15m_cm,future_water_level_30m_cm,future_water_level_60m_cm,is_anomaly,risk_class,risk_label
569.5,0.36,8.4,21.4,35.2,21.0,24.6,12.5,0.3,12.5,13.2,12.5,0,1,MODERATE
551.4,0.781,54.2,109.9,78.9,19.7,100.0,35.6,7.12,46.4,57.6,75.1,0,3,CRITICAL
576.7,0.193,23.7,68.5,57.4,24.4,97.6,26.7,3.02,30.8,36.5,44.6,0,3,CRITICAL
576.7,0.193,16.4,60.3,69.6,15.7,100.0,28.6,3.54,34.0,39.9,49.4,0,3,CRITICAL
572.3,0.295,3.1,13.1,32.3,11.2,15.6,6.8,-0.28,6.2,6.2,4.7,0,0,LOW
557.9,0.63,3.1,15.4,46.4,19.7,12.8,12.4,-0.24,12.3,11.0,10.6,0,0,LOW
584.5,0.012,1.1,24.7,46.0,22.6,3.9,3.8,-0.24,3.0,2.7,1.6,0,0,LOW
551.1,0.788,36.2,133.1,92.8,19.8,100.0,34.8,6.74,44.9,54.5,73.0,0,3,CRITICAL
566.1,0.44,16.5,50.1,63.0,16.0,100.0,29.6,4.42,36.2,42.0,53.6,0,3,CRITICAL
546.7,0.891,22.2,80.6,68.7,11.0,100.0,36.0,6.0,45.0,54.9,72.1,0,3,CRITICAL
542.5,0.988,0.4,28.2,44.8,14.0,2.2,14.3,-0.33,13.7,13.2,14.0,0,1,MODERATE
579.7,0.123,63.1,122.3,84.7,23.7,100.0,29.7,6.3,39.3,48.8,65.0,0,3,CRITICAL
574.8,0.237,32.2,97.6,79.4,10.0,100.0,27.8,3.7,33.8,39.7,50.5,0,3,CRITICAL
555.2,0.693,4.3,40.7,59.3,11.3,39.5,19.1,-0.27,19.0,18.8,16.2,0,1,MODERATE
562.4,0.526,3.6,18.1,46.5,16.3,18.0,10.1,-0.0,10.3,9.5,9.4,0,0,LOW
584.8,0.005,3.6,25.6,43.2,11.8,23.1,5.2,-0.13,5.1,4.3,3.4,0,0,LOW
545.1,0.928,6.5,23.5,49.9,22.9,24.8,15.8,-0.13,15.8,14.8,13.7,0,1,MODERATE
582.2,0.065,13.4,47.2,59.3,22.1,62.9,15.6,-0.07,15.4,15.2,15.1,0,1,MODERATE
573.4,0.27,10.2,62.6,53.3,16.0,59.5,18.1,0.32,18.3,18.4,19.8,0,1,MODERATE
560.1,0.579,6.2,20.2,48.6,16.6,31.8,18.1,0.05,17.7,19.2,19.6,0,1,MODERATE
583.7,0.03,17.0,79.5,63.1,17.3,100.0,24.6,2.54,28.0,32.0,41.1,0,2,HIGH
553.4,0.735,2.7,24.8,40.9,24.4,7.9,14.8,-0.01,15.0,14.1,14.0,0,1,MODERATE
583.7,0.03,6.2,34.9,52.4,10.9,52.2,14.9,0.03,15.3,14.3,16.7,0,1,MODERATE
545.4,0.921,8.2,36.1,51.6,13.5,54.8,23.5,0.3,23.7,24.6,25.7,0,2,HIGH
560.0,0.581,11.0,44.4,60.9,13.1,89.5,31.6,3.19,36.3,41.5,49.4,0,3,CRITICAL
555.6,0.684,27.7,69.5,63.9,25.0,100.0,37.2,4.54,43.7,50.4,65.1,0,3,CRITICAL
579.9,0.119,4.0,25.2,35.8,22.5,11.1,6.4,0.05,7.0,6.9,4.9,0,0,LOW
577.1,0.184,13.0,48.4,63.0,12.0,100.0,25.9,2.16,29.2,31.9,38.8,0,2,HIGH
572.9,0.281,16.2,50.1,50.3,17.3,82.4,27.4,3.77,32.6,38.6,48.5,0,3,CRITICAL
542.2,0.995,0.9,27.7,39.1,21.1,2.9,14.0,-0.13,13.3,12.8,14.6,0,0,LOW
580.9,0.095,16.8,68.2,65.8,12.2,100.0,24.9,2.54,29.1,33.1,40.9,0,2,HIGH
580.7,0.1,3.4,15.2,29.7,21.7,8.1,6.5,-0.09,6.5,5.5,7.5,0,0,LOW
579.2,0.135,1.2,35.7,55.5,10.4,11.2,6.8,-0.18,7.0,6.9,7.1,0,0,LOW
576.9,0.188,53.5,118.5,81.4,23.1,100.0,30.4,5.58,39.1,47.1,62.1,0,3,CRITICAL
576.2,0.205,60.7,95.9,71.8,14.9,100.0,30.6,7.32,41.4,52.8,72.7,0,3,CRITICAL
584.2,0.019,29.7,98.7,71.7,24.6,100.0,24.3,4.37,30.6,36.6,49.4,0,3,CRITICAL
573.3,0.272,6.5,35.3,47.9,15.8,34.5,13.3,-0.12,13.3,11.9,14.1,0,0,LOW
565.2,0.46,1.8,33.9,50.4,15.5,10.2,6.5,0.03,6.4,6.2,7.9,0,0,LOW
572.9,0.281,20.7,47.2,51.8,16.0,100.0,28.2,3.05,32.7,38.2,46.5,0,3,CRITICAL
580.8,0.098,10.4,34.8,48.4,10.0,88.1,22.9,2.22,26.3,29.9,35.6,0,2,HIGH
561.0,0.558,2.3,22.5,49.3,21.9,9.1,8.0,-0.3,7.6,7.4,5.7,0,0,LOW
577.2,0.181,12.3,56.5,52.7,13.0,87.3,22.1,2.3,25.5,29.7,33.9,0,2,HIGH
559.8,0.586,0.6,9.1,38.5,17.4,2.3,7.1,0.01,6.6,7.6,8.1,0,0,LOW
546.6,0.893,43.2,88.3,83.3,17.8,100.0,34.0,6.56,44.2,53.6,73.1,0,3,CRITICAL
570.7,0.333,5.4,38.8,58.4,23.4,23.6,11.6,0.14,11.8,12.7,12.6,0,0,LOW
580.6,0.102,19.6,65.8,58.1,13.7,100.0,28.1,3.47,33.3,38.8,47.4,0,3,CRITICAL
545.3,0.923,6.7,22.0,37.4,18.1,24.2,16.0,-0.13,16.0,16.0,13.7,0,1,MODERATE
559.5,0.593,13.2,43.9,46.1,16.3,65.3,26.9,0.21,27.4,28.2,29.1,0,2,HIGH
558.4,0.619,14.2,31.2,50.7,22.8,55.3,25.0,0.14,25.5,25.5,26.2,0,2,HIGH
551.5,0.779,3.7,23.2,32.2,15.0,13.9,14.9,-0.08,14.4,14.6,13.1,0,1,MODERATE
568.8,0.377,62.9,94.0,78.3,10.4,100.0,31.4,6.68,41.4,50.5,69.7,0,3,CRITICAL
551.1,0.788,26.9,76.8,66.0,21.3,100.0,37.5,5.0,44.6,51.5,66.6,0,3,CRITICAL
585.0,0.0,50.5,114.9,93.1,19.8,100.0,27.5,5.96,36.1,44.4,60.8,0,3,CRITICAL
547.4,0.874,40.5,114.5,81.6,20.5,100.0,38.1,6.18,47.5,57.1,72.6,0,3,CRITICAL
577.2,0.181,16.4,49.3,45.2,14.7,88.2,26.3,3.7,31.7,37.8,46.2,0,3,CRITICAL
571.7,0.309,45.9,105.2,88.0,22.8,100.0,30.3,5.13,38.5,46.3,59.5,0,3,CRITICAL
560.4,0.572,1.7,23.3,38.5,22.7,5.0,11.0,-0.3,11.0,10.4,10.4,0,0,LOW
572.4,0.293,3.9,36.7,57.7,14.1,27.9,13.3,0.0,13.3,13.2,14.1,0,1,MODERATE
553.5,0.733,0.8,35.3,39.4,23.2,2.4,8.9,-0.11,8.8,8.3,6.6,0,0,LOW
578.6,0.149,7.1,19.1,45.5,15.1,37.4,14.4,0.16,14.4,13.9,16.9,0,1,MODERATE
545.7,0.914,8.9,40.5,55.4,20.4,42.3,23.4,0.07,23.8,22.8,22.8,0,2,HIGH
571.7,0.309,5.7,32.9,45.9,18.0,25.4,10.6,0.16,10.7,11.5,10.7,0,0,LOW
552.8,0.749,31.8,52.0,48.4,18.0,100.0,36.6,5.19,44.1,52.1,67.5,0,3,CRITICAL
584.0,0.023,7.9,27.4,35.7,12.9,38.3,9.2,-0.13,8.5,8.9,7.6,0,0,LOW
583.9,0.026,5.9,40.2,42.6,23.0,19.1,6.0,0.24,6.4,6.7,7.2,0,0,LOW
549.9,0.816,14.1,55.7,57.4,22.3,63.5,26.1,-0.07,26.1,25.0,24.4,0,2,HIGH
566.2,0.437,2.7,44.3,44.5,21.5,9.8,9.3,0.13,9.2,9.7,9.9,0,0,LOW
561.0,0.558,29.2,114.8,83.5,19.3,100.0,33.4,5.34,41.9,48.8,63.3,0,3,CRITICAL
570.4,0.34,1.4,9.0,26.0,10.0,6.4,6.4,-0.02,6.2,5.8,7.0,0,0,LOW
572.2,0.298,78.0,177.8,100.0,21.8,100.0,30.3,8.48,43.5,55.6,79.6,0,3,CRITICAL
569.8,0.353,26.6,103.6,73.2,12.5,100.0,29.1,4.64,36.1,42.6,54.7,0,3,CRITICAL
571.6,0.312,4.0,47.0,53.5,17.4,21.5,7.6,-0.3,7.1,6.3,5.0,0,0,LOW
545.9,0.909,0.1,33.7,48.4,24.3,0.3,15.0,0.01,14.8,14.1,16.0,0,1,MODERATE
562.2,0.53,30.4,104.8,76.0,18.8,100.0,33.2,5.0,40.3,47.9,61.6,0,3,CRITICAL
570.8,0.33,22.1,70.0,68.9,14.3,100.0,32.6,4.31,39.1,45.4,56.9,0,3,CRITICAL
555.9,0.677,23.5,80.8,70.7,24.8,100.0,35.1,4.89,42.3,49.1,63.0,0,3,CRITICAL
574.5,0.244,26.6,88.9,68.5,18.2,100.0,31.5,3.9,37.5,42.4,55.8,0,3,CRITICAL
568.2,0.391,1.4,8.6,35.3,18.3,4.7,4.4,0.22,5.1,5.0,4.3,0,0,LOW
577.8,0.167,8.0,44.6,52.5,14.1,52.1,18.0,0.35,18.3,19.2,19.6,0,1,MODERATE
581.6,0.079,2.2,39.6,57.1,14.1,15.6,7.6,-0.11,7.9,7.3,8.1,0,0,LOW
554.2,0.716,35.8,83.5,81.7,17.3,100.0,32.5,5.96,41.3,50.5,67.2,0,3,CRITICAL
561.6,0.544,17.6,37.7,52.8,18.6,87.4,27.8,4.43,34.0,41.6,54.2,0,3,CRITICAL
576.9,0.188,7.2,39.6,56.2,24.7,28.7,10.4,-0.23,10.1,9.9,10.4,0,0,LOW
579.6,0.126,1.2,23.3,40.8,20.8,4.1,3.0,0.02,2.7,3.0,4.8,0,0,LOW
556.6,0.66,6.7,41.5,57.8,22.8,29.7,18.5,-0.04,18.3,18.8,19.2,0,1,MODERATE
579.5,0.128,7.1,11.7,38.5,23.8,20.1,10.5,0.19,10.7,10.3,12.1,0,0,LOW
579.5,0.128,23.5,72.6,74.4,10.7,100.0,29.3,3.14,33.9,38.0,47.6,0,3,CRITICAL
566.3,0.435,18.3,52.0,47.6,23.1,66.0,23.4,0.11,24.0,23.0,23.9,0,2,HIGH
552.9,0.747,39.3,63.6,67.9,23.5,100.0,36.0,5.75,44.6,52.9,69.7,0,3,CRITICAL
569.5,0.36,11.5,31.6,52.7,13.0,81.6,25.0,3.05,29.3,34.3,43.0,0,2,HIGH
584.7,0.007,2.3,43.0,54.7,14.1,15.6,5.4,0.06,5.7,4.7,6.1,0,0,LOW
563.4,0.502,22.5,71.0,71.5,19.1,100.0,31.1,4.51,38.0,45.0,58.1,0,3,CRITICAL
570.3,0.342,25.7,90.4,83.3,19.7,100.0,29.0,4.07,35.2,41.7,51.1,0,3,CRITICAL
554.7,0.705,14.8,42.5,43.9,18.1,62.8,28.0,0.21,28.7,29.3,28.3,0,2,HIGH
577.5,0.174,26.5,84.5,77.2,15.1,100.0,25.8,4.5,32.2,40.2,53.2,0,3,CRITICAL
573.1,0.277,12.3,72.7,72.4,15.5,100.0,31.1,2.2,34.4,37.6,44.5,0,3,CRITICAL
570.9,0.328,13.3,61.3,69.5,11.6,100.0,28.3,2.42,32.3,35.7,43.8,0,3,CRITICAL
551.5,0.779,10.0,46.0,61.2,14.5,73.9,28.3,-0.12,28.6,27.5,27.6,0,2,HIGH
546.2,0.902,0.5,6.7,32.4,20.1,1.4,13.6,0.18,13.8,14.6,13.4,0,1,MODERATE
559.8,0.586,2.1,22.4,39.4,24.3,6.0,6.7,-0.14,6.4,7.2,7.2,0,0,LOW
546.3,0.9,0.6,23.2,51.2,15.4,3.5,12.1,-0.27,11.3,12.0,10.4,0,0,LOW
570.5,0.337,18.2,64.4,52.6,21.8,76.8,22.7,2.99,27.2,30.8,41.0,0,2,HIGH
550.9,0.793,6.8,45.3,49.2,12.2,48.0,24.9,-0.26,24.9,23.4,22.1,0,2,HIGH
552.8,0.749,12.8,45.4,43.2,10.2,94.9,35.5,3.75,40.9,46.1,55.6,0,3,CRITICAL
573.9,0.258,42.9,117.4,88.2,21.7,100.0,29.2,4.74,36.3,44.3,55.0,0,3,CRITICAL
575.7,0.216,5.2,34.3,46.3,24.5,17.2,5.3,-0.01,5.2,5.6,5.2,0,0,LOW
581.1,0.091,9.5,15.7,40.0,11.0,60.5,15.9,0.17,16.2,16.1,18.7,0,1,MODERATE
564.8,0.47,25.4,73.1,58.5,20.5,100.0,33.8,4.68,41.1,48.3,59.9,0,3,CRITICAL
561.4,0.549,4.7,20.9,39.5,16.2,20.1,10.2,-0.05,10.3,9.8,8.7,0,0,LOW
581.7,0.077,1.4,35.1,39.4,11.4,8.5,5.5,0.12,5.7,6.0,6.4,0,0,LOW
556.2,0.67,6.2,22.8,44.7,21.3,22.8,16.9,0.16,17.6,17.6,17.3,0,1,MODERATE
566.9,0.421,3.2,31.2,40.1,11.6,19.4,13.0,-0.12,13.1,12.8,13.4,0,0,LOW
578.3,0.156,47.8,164.6,100.0,19.6,100.0,25.0,6.11,34.5,42.9,59.3,0,3,CRITICAL
572.2,0.298,29.7,63.9,52.1,23.0,100.0,30.0,4.22,36.0,42.9,52.8,0,3,CRITICAL
574.1,0.253,18.1,44.7,49.2,15.6,99.9,30.3,3.75,36.0,40.7,50.4,0,3,CRITICAL
548.8,0.842,36.9,107.7,79.3,19.9,100.0,36.0,6.22,45.1,55.2,70.7,0,3,CRITICAL
560.5,0.57,29.3,75.6,67.5,20.0,100.0,30.1,4.86,37.5,43.7,57.6,0,3,CRITICAL
551.1,0.788,3.7,15.5,34.3,10.1,22.0,17.4,-0.22,17.0,17.1,16.1,0,1,MODERATE
577.8,0.167,40.2,103.0,88.7,10.6,100.0,25.1,5.52,33.7,41.8,57.4,0,3,CRITICAL
572.5,0.291,14.0,30.8,35.8,14.9,58.9,21.0,0.25,21.7,22.6,21.0,0,2,HIGH
578.3,0.156,29.7,70.8,65.9,15.9,100.0,26.7,3.77,32.2,37.3,48.6,0,3,CRITICAL
546.9,0.886,40.8,118.5,86.2,20.9,100.0,38.5,7.2,49.0,59.4,79.2,0,3,CRITICAL
567.9,0.398,6.9,42.9,45.0,21.6,25.2,12.0,0.19,12.5,12.5,14.6,0,0,LOW
566.3,0.435,2.1,29.6,52.1,19.4,9.9,6.6,-0.32,6.1,5.2,3.9,0,0,LOW
544.4,0.944,4.7,21.9,40.0,10.9,30.2,21.9,-0.26,21.9,21.8,20.8,0,1,MODERATE
563.8,0.493,10.0,41.6,56.6,23.4,42.3,17.2,0.29,17.8,17.7,18.8,0,1,MODERATE
548.5,0.849,30.7,44.0,60.0,15.2,100.0,37.5,5.83,45.9,54.5,71.1,0,3,CRITICAL
560.9,0.56,35.5,78.6,66.8,14.2,100.0,32.2,5.25,40.2,48.5,63.2,0,3,CRITICAL
544.8,0.935,0.1,27.3,39.3,20.9,0.3,13.2,0.15,13.8,13.3,14.4,0,1,MODERATE
548.1,0.858,12.9,61.4,64.7,15.9,91.9,34.8,5.08,42.2,49.8,65.3,0,3,CRITICAL
577.0,0.186,9.7,55.2,62.4,20.3,52.2,16.4,0.18,16.6,16.7,16.9,0,1,MODERATE
549.8,0.819,4.5,44.8,52.1,13.4,30.6,16.3,-0.26,16.3,14.7,15.8,0,1,MODERATE
577.9,0.165,2.3,7.5,30.5,21.5,5.7,3.0,-0.13,2.5,3.3,3.2,0,0,LOW
576.8,0.191,7.4,28.3,42.4,20.1,27.3,8.5,0.01,8.3,9.0,8.4,0,0,LOW
565.0,0.465,51.5,119.6,89.2,22.5,100.0,30.8,7.2,42.1,52.3,71.8,0,3,CRITICAL
558.4,0.619,7.0,53.0,62.8,22.0,35.0,15.0,-0.11,15.0,15.4,14.6,0,1,MODERATE
546.4,0.898,13.2,67.8,59.6,21.4,64.3,26.5,0.41,26.8,27.6,30.5,0,2,HIGH
551.5,0.779,21.9,56.1,48.6,10.8,100.0,35.4,4.55,42.7,48.8,60.1,0,3,CRITICAL
582.0,0.07,8.1,46.6,59.1,12.1,69.2,17.9,0.26,18.5,18.0,20.1,0,1,MODERATE
561.3,0.551,64.2,80.7,65.5,22.5,100.0,32.9,8.1,45.1,56.4,79.1,0,3,CRITICAL
554.9,0.7,59.1,92.2,82.0,16.9,100.0,32.1,8.34,44.7,56.2,80.5,0,3,CRITICAL
552.4,0.758,5.2,24.6,44.6,13.6,29.8,17.0,0.1,16.7,18.2,16.0,0,1,MODERATE
564.6,0.474,12.4,64.5,63.3,15.9,86.4,28.1,3.63,34.0,38.5,47.4,0,3,CRITICAL
575.9,0.212,6.4,40.5,52.8,21.6,27.4,11.8,-0.07,11.2,11.7,12.5,0,0,LOW
549.5,0.826,6.0,33.3,50.6,19.5,27.2,19.6,-0.24,19.5,18.8,17.5,0,1,MODERATE
543.9,0.956,0.7,2.7,40.0,17.7,2.8,16.1,-0.06,15.8,16.4,14.6,0,1,MODERATE
557.3,0.644,16.9,76.0,64.6,11.9,100.0,32.9,4.8,40.3,48.1,60.3,0,3,CRITICAL
583.9,0.026,12.6,45.0,61.0,17.8,75.6,22.0,2.66,25.6,30.2,38.6,0,2,HIGH
565.5,0.453,1.0,4.9,35.7,14.6,4.3,8.1,-0.12,8.1,7.4,5.8,0,0,LOW
579.4,0.13,5.9,50.3,50.6,24.7,21.2,10.6,-0.24,10.4,9.6,10.3,0,0,LOW
571.2,0.321,43.0,122.9,93.6,21.7,100.0,27.1,4.84,34.6,41.4,54.8,0,3,CRITICAL
566.4,0.433,4.9,37.8,57.9,15.6,31.8,15.7,0.04,15.8,15.6,16.5,0,1,MODERATE
552.7,0.751,2.8,33.3,46.6,15.8,14.5,14.0,-0.19,13.5,13.3,14.7,0,1,MODERATE
554.3,0.714,12.1,51.9,48.4,22.8,45.0,20.5,0.38,21.0,20.8,23.4,0,1,MODERATE
578.4,0.153,76.4,144.6,93.6,18.1,100.0,30.2,8.27,42.8,55.9,78.7,0,3,CRITICAL
576.1,0.207,5.0,14.9,31.5,12.1,22.8,10.9,-0.28,10.5,9.8,10.4,0,0,LOW
565.7,0.449,20.1,47.2,49.8,25.0,70.1,25.2,0.32,25.9,26.8,25.5,0,2,HIGH
583.8,0.028,25.8,75.5,71.4,15.2,100.0,28.6,3.8,34.4,39.4,52.3,0,3,CRITICAL
560.6,0.567,4.9,15.2,30.1,12.3,21.0,11.0,-0.11,11.0,10.4,11.9,0,0,LOW
580.5,0.105,23.4,69.8,67.6,18.3,100.0,25.0,3.09,29.7,34.3,41.7,0,2,HIGH
582.5,0.058,8.3,38.4,53.6,19.1,40.8,14.0,0.1,14.5,13.4,12.9,0,1,MODERATE
569.6,0.358,18.0,64.3,67.5,16.2,100.0,31.1,3.58,36.6,41.4,53.5,0,3,CRITICAL
562.8,0.516,18.1,72.4,62.1,11.1,100.0,29.6,3.9,35.4,40.7,52.6,0,3,CRITICAL
555.4,0.688,13.8,61.8,68.1,24.6,66.9,23.8,0.1,24.0,23.7,24.3,0,2,HIGH
553.5,0.733,1.7,6.6,29.1,15.8,5.5,11.9,-0.22,11.9,10.6,10.0,0,0,LOW
566.8,0.423,32.5,85.8,72.9,17.7,100.0,31.1,4.62,37.6,45.9,57.9,0,3,CRITICAL
583.6,0.033,7.0,24.9,33.5,17.4,23.6,9.6,0.13,9.8,10.1,11.6,0,0,LOW
560.5,0.57,3.7,38.8,54.7,15.5,22.9,13.0,0.02,12.7,13.2,11.6,0,1,MODERATE
563.7,0.495,0.7,12.9,46.2,20.2,2.8,5.4,0.2,5.6,6.6,6.0,0,0,LOW
582.4,0.06,16.1,46.7,53.5,17.5,86.1,20.5,2.14,23.5,26.9,32.8,0,2,HIGH
568.1,0.393,20.4,54.4,59.5,12.4,100.0,33.7,4.22,39.8,46.0,59.4,0,3,CRITICAL
564.9,0.467,0.3,12.7,42.7,15.5,1.4,8.0,0.19,8.4,9.2,9.9,0,0,LOW
571.6,0.312,12.9,35.0,56.8,21.7,59.1,21.2,0.2,21.7,22.0,21.2,0,2,HIGH
569.0,0.372,4.6,43.7,44.8,20.2,17.9,7.1,0.26,7.1,6.9,7.9,0,0,LOW
548.5,0.849,18.7,59.5,65.2,23.8,89.6,35.8,5.22,43.2,50.7,65.0,0,3,CRITICAL
556.0,0.674,3.4,28.7,40.6,12.6,19.2,16.4,-0.13,16.1,16.6,16.4,0,1,MODERATE
569.7,0.356,21.1,73.1,60.4,13.7,100.0,30.6,3.41,36.2,40.4,49.6,0,3,CRITICAL
550.9,0.793,8.8,33.2,43.6,24.0,28.0,19.3,-0.06,18.8,19.5,18.5,0,1,MODERATE
584.1,0.021,49.7,162.9,100.0,14.4,100.0,25.0,5.6,33.2,41.7,56.6,0,3,CRITICAL
562.6,0.521,2.7,25.7,51.5,20.4,11.9,8.0,0.02,8.1,7.5,8.7,0,0,LOW
564.8,0.47,7.5,18.8,37.7,20.8,23.8,10.2,0.21,10.0,10.9,13.0,0,0,LOW
559.5,0.593,2.2,41.1,50.1,13.0,14.8,14.6,-0.16,14.5,14.9,12.2,0,1,MODERATE
566.7,0.426,46.6,124.7,100.0,23.7,100.0,29.2,6.62,38.8,49.9,69.4,0,3,CRITICAL
559.1,0.602,37.8,112.8,95.6,23.9,100.0,35.5,5.04,43.1,49.8,66.5,0,3,CRITICAL
554.2,0.716,5.4,36.8,48.3,24.1,18.9,16.4,-0.01,16.1,15.6,15.1,0,1,MODERATE
561.7,0.542,19.4,38.7,54.1,21.9,83.9,28.9,4.54,35.4,43.2,56.7,0,3,CRITICAL
577.6,0.172,30.6,65.4,66.1,12.8,100.0,25.9,3.86,31.4,37.0,47.3,0,3,CRITICAL
574.4,0.247,14.6,51.9,60.4,10.2,100.0,29.9,3.32,34.4,39.1,48.5,0,3,CRITICAL
559.4,0.595,13.6,63.1,65.6,14.7,100.0,30.8,4.45,37.3,44.4,55.6,0,3,CRITICAL
547.7,0.867,5.0,37.1,50.7,16.2,27.4,18.6,-0.02,18.6,18.9,17.5,0,1,MODERATE
552.6,0.753,1.8,39.3,41.3,16.7,7.8,13.2,-0.32,12.8,11.4,11.5,0,0,LOW
563.7,0.495,41.0,92.8,73.0,17.8,100.0,29.6,5.33,37.7,44.8,60.6,0,3,CRITICAL
576.8,0.191,41.5,100.4,79.3,10.9,100.0,28.1,5.51,36.6,44.4,61.2,0,3,CRITICAL
574.1,0.253,18.0,40.1,46.9,11.0,100.0,32.0,3.98,37.5,44.8,53.4,0,3,CRITICAL
559.6,0.591,7.5,48.9,64.0,19.7,42.6,18.3,0.35,18.7,20.1,21.8,0,1,MODERATE
558.2,0.623,7.7,44.1,52.8,19.8,35.9,16.5,-0.14,16.3,16.1,16.5,0,1,MODERATE
551.6,0.777,23.3,29.0,40.5,20.1,82.2,31.1,5.1,39.1,45.9,60.1,0,3,CRITICAL
553.9,0.723,40.9,139.4,92.0,22.1,100.0,34.2,6.73,44.7,53.4,72.2,0,3,CRITICAL
546.3,0.9,39.3,73.2,70.7,10.7,100.0,38.2,6.5,47.7,57.1,77.2,0,3,CRITICAL
544.4,0.944,27.2,66.1,69.4,21.0,100.0,36.2,5.93,45.3,53.6,69.9,0,3,CRITICAL
548.2,0.856,18.5,50.6,51.3,10.9,100.0,39.0,5.44,47.6,55.6,70.3,0,3,CRITICAL
563.3,0.505,1.6,42.1,54.5,21.8,7.0,7.7,-0.12,7.2,7.1,7.9,0,0,LOW
562.4,0.526,3.2,20.2,44.3,22.1,11.2,12.6,0.0,13.1,12.7,11.3,0,0,LOW
552.4,0.758,41.2,88.7,82.8,22.7,100.0,32.7,6.78,42.6,52.6,72.6,0,3,CRITICAL
567.9,0.398,16.8,51.2,60.8,20.9,85.5,27.5,3.56,33.2,37.8,49.8,0,3,CRITICAL
542.7,0.984,0.2,39.0,41.8,25.0,0.6,12.8,-0.25,12.5,11.5,12.8,0,0,LOW
565.7,0.449,1.9,19.9,40.6,15.4,8.8,7.2,-0.05,7.1,6.2,8.6,0,0,LOW
562.2,0.53,19.6,86.4,70.6,16.2,100.0,32.7,3.73,37.9,43.4,55.9,0,3,CRITICAL
566.9,0.421,0.1,6.3,29.7,15.7,0.3,8.1,-0.1,8.1,8.2,6.6,0,0,LOW
577.3,0.179,3.2,34.5,47.1,12.5,21.1,10.2,-0.23,10.1,9.5,10.4,0,0,LOW
565.3,0.458,14.3,34.2,37.8,22.7,41.7,19.6,0.29,20.3,20.3,22.5,0,1,MODERATE
552.0,0.767,21.2,49.8,55.0,15.6,100.0,35.9,5.11,43.7,51.2,65.5,0,3,CRITICAL
542.3,0.993,19.0,40.0,50.6,14.1,100.0,40.8,4.53,47.9,54.7,68.2,0,3,CRITICAL
581.1,0.091,4.6,10.2,28.1,12.9,17.5,6.6,0.18,6.6,6.9,7.2,0,0,LOW
559.5,0.593,22.4,86.7,67.9,20.3,100.0,35.2,4.76,42.7,50.0,61.3,0,3,CRITICAL
558.3,0.621,4.9,12.5,26.4,12.6,18.0,13.0,-0.04,13.2,13.0,14.1,0,1,MODERATE
546.1,0.905,7.1,16.2,32.3,23.0,17.4,18.5,0.03,18.1,17.7,20.2,0,1,MODERATE
580.7,0.1,24.7,53.2,65.2,14.7,100.0,30.0,3.61,35.7,41.3,50.6,0,3,CRITICAL
545.3,0.923,18.9,37.2,55.3,15.8,100.0,39.5,4.82,47.0,53.2,69.2,0,3,CRITICAL
573.1,0.277,34.1,107.2,74.7,16.6,100.0,31.4,4.43,38.3,45.6,56.7,0,3,CRITICAL
575.3,0.226,19.3,35.0,57.4,17.4,100.0,27.8,4.02,33.8,40.2,51.7,0,3,CRITICAL
545.7,0.914,15.1,65.0,66.8,11.2,100.0,34.9,5.06,42.6,50.6,63.6,0,3,CRITICAL
546.6,0.893,1.8,14.5,34.4,14.0,7.7,11.4,-0.25,11.0,10.8,9.6,0,0,LOW
543.1,0.974,8.3,18.4,41.2,14.9,40.2,22.1,-0.06,21.9,21.1,23.2,0,1,MODERATE
580.9,0.095,5.5,38.1,42.4,15.7,26.0,6.5,-0.11,6.3,5.3,5.6,0,0,LOW
560.1,0.579,5.0,13.0,31.5,13.7,20.1,13.7,0.06,13.5,13.1,13.3,0,1,MODERATE
582.8,0.051,65.0,137.4,100.0,14.9,100.0,25.6,7.05,36.5,47.7,65.2,0,3,CRITICAL
555.8,0.679,9.0,32.5,42.5,24.5,27.3,18.8,-0.05,18.9,18.6,18.8,0,1,MODERATE
552.4,0.758,40.1,104.9,80.3,11.7,100.0,35.5,6.49,45.3,55.3,73.3,0,3,CRITICAL
583.0,0.047,18.0,63.2,60.4,14.4,100.0,27.7,3.28,32.9,37.4,46.7,0,3,CRITICAL
569.2,0.367,28.5,71.6,70.1,21.8,100.0,27.9,5.18,35.6,43.2,58.0,0,3,CRITICAL
581.6,0.079,12.6,50.8,61.2,15.4,87.6,26.2,2.51,30.1,32.9,41.7,0,2,HIGH
570.3,0.342,15.5,53.3,47.5,24.8,52.0,19.2,0.15,19.7,20.6,19.8,0,1,MODERATE
542.5,0.988,12.2,40.1,50.4,18.7,57.5,27.7,0.11,27.8,28.6,28.7,0,2,HIGH
563.5,0.5,3.9,7.8,26.0,16.2,11.0,12.5,-0.25,12.6,11.0,10.4,0,0,LOW
561.6,0.544,23.1,54.7,56.9,16.6,100.0,33.7,4.19,39.8,46.9,56.6,0,3,CRITICAL
578.5,0.151,5.9,40.3,43.4,24.8,18.1,5.8,-0.18,5.2,5.4,6.4,0,0,LOW
552.0,0.767,0.4,8.1,36.9,16.5,1.6,7.8,-0.02,7.5,7.9,7.3,0,0,LOW
572.3,0.295,18.7,58.7,65.5,10.9,100.0,27.2,4.04,32.9,39.0,50.5,0,3,CRITICAL
553.3,0.737,3.5,30.1,47.8,19.0,15.4,14.4,0.02,14.3,15.2,14.9,0,1,MODERATE
577.0,0.186,50.8,130.2,97.4,11.3,100.0,26.0,5.21,33.6,41.0,56.9,0,3,CRITICAL
564.0,0.488,55.4,109.1,82.2,12.8,100.0,32.7,7.19,43.6,55.3,74.6,0,3,CRITICAL
563.1,0.509,44.3,75.7,66.9,10.8,100.0,31.3,5.33,38.9,47.9,63.9,0,3,CRITICAL
563.7,0.495,8.3,43.9,50.3,22.6,32.3,15.0,-0.18,14.3,15.0,13.2,0,1,MODERATE
553.8,0.726,0.3,7.3,32.8,21.1,0.8,11.5,-0.06,11.0,10.5,12.1,0,0,LOW
577.4,0.177,47.4,117.6,79.6,20.8,100.0,28.4,6.22,37.3,47.7,65.4,0,3,CRITICAL
554.8,0.702,10.1,46.3,50.1,22.3,39.7,19.0,0.4,19.9,19.7,22.4,0,1,MODERATE
567.3,0.412,61.2,136.2,100.0,12.5,100.0,28.8,6.73,38.6,48.1,67.3,0,3,CRITICAL
554.1,0.719,59.6,135.8,100.0,14.3,100.0,33.2,8.35,46.2,58.6,80.2,0,3,CRITICAL
583.4,0.037,34.5,121.5,100.0,23.0,100.0,24.2,4.65,30.9,38.6,52.4,0,3,CRITICAL
574.7,0.24,6.3,34.0,48.5,14.0,38.2,12.9,-0.0,13.0,13.7,11.4,0,1,MODERATE
564.2,0.484,8.8,51.9,53.3,24.3,33.8,14.2,-0.22,14.1,14.0,13.8,0,1,MODERATE
561.7,0.542,34.3,91.9,67.2,18.0,100.0,30.8,5.24,38.4,46.1,62.4,0,3,CRITICAL
556.5,0.663,6.9,37.3,48.4,15.2,38.4,19.6,-0.23,18.9,19.5,18.1,0,1,MODERATE
547.3,0.877,3.3,26.1,33.1,24.4,7.8,11.7,0.08,11.5,12.2,10.9,0,0,LOW
582.1,0.067,14.6,50.1,50.1,15.6,82.1,24.8,2.08,27.8,30.7,37.6,0,2,HIGH
552.1,0.765,49.5,139.5,89.8,17.2,100.0,33.0,6.71,43.2,52.1,72.6,0,3,CRITICAL
577.1,0.184,21.4,76.4,60.8,11.1,100.0,27.5,3.77,32.8,38.4,50.7,0,3,CRITICAL
547.9,0.863,15.2,67.2,56.3,24.9,60.1,24.2,0.22,24.0,25.2,25.3,0,2,HIGH
573.1,0.277,1.8,10.0,33.2,20.3,5.2,7.8,-0.31,6.9,7.4,6.3,0,0,LOW
558.5,0.616,17.2,59.7,52.6,14.2,100.0,30.9,4.25,37.4,43.9,56.6,0,3,CRITICAL
571.7,0.309,83.0,238.5,100.0,17.8,100.0,29.8,9.04,43.2,56.0,83.7,0,3,CRITICAL
583.1,0.044,2.7,9.9,34.9,18.9,8.7,3.9,0.24,4.7,5.5,4.0,0,0,LOW
579.0,0.14,13.1,42.2,54.8,21.4,58.7,20.1,0.32,20.1,20.2,21.1,0,1,MODERATE
543.7,0.96,37.8,80.6,70.4,19.4,100.0,37.5,6.55,47.5,56.3,75.6,0,3,CRITICAL
568.5,0.384,24.3,52.3,56.4,13.0,100.0,32.5,4.21,38.7,45.4,58.1,0,3,CRITICAL
571.3,0.319,21.5,56.0,62.6,22.7,100.0,27.2,3.15,31.9,36.6,45.9,0,3,CRITICAL
555.3,0.691,21.8,81.7,63.2,20.6,100.0,35.5,4.22,42.3,48.2,61.0,0,3,CRITICAL
573.0,0.279,8.0,16.8,44.0,14.0,44.0,17.7,0.22,17.6,19.0,18.2,0,1,MODERATE
544.7,0.937,6.3,37.8,40.4,16.8,26.5,18.0,0.03,18.1,17.8,17.3,0,1,MODERATE
546.4,0.898,29.8,92.0,70.6,17.6,100.0,34.0,6.42,43.4,53.2,70.8,0,3,CRITICAL
548.5,0.849,29.9,114.7,88.4,23.7,100.0,37.6,5.64,45.9,54.4,71.1,0,3,CRITICAL
553.7,0.728,36.3,63.0,61.5,23.5,100.0,32.8,6.43,42.9,53.0,68.5,0,3,CRITICAL
562.0,0.535,44.0,106.5,79.8,18.3,100.0,29.5,5.66,38.1,46.1,62.8,0,3,CRITICAL
561.9,0.537,12.9,47.4,59.2,12.9,100.0,34.8,4.02,40.6,45.9,57.8,0,3,CRITICAL
552.0,0.767,12.5,55.5,65.3,24.3,58.8,21.9,0.24,22.6,23.1,21.9,0,2,HIGH
564.8,0.47,28.8,65.2,53.8,25.0,100.0,32.9,4.12,39.5,46.1,56.9,0,3,CRITICAL
572.1,0.3,18.9,72.9,58.1,11.4,100.0,27.4,3.99,33.0,39.5,50.3,0,3,CRITICAL
583.5,0.035,21.8,44.9,48.8,22.0,84.6,23.8,3.43,28.8,33.6,42.2,0,2,HIGH
550.7,0.798,28.6,93.4,69.8,12.5,100.0,35.4,5.39,43.5,52.5,65.6,0,3,CRITICAL
555.3,0.691,39.7,69.3,57.8,20.3,100.0,36.2,6.45,45.4,56.2,73.0,0,3,CRITICAL
545.9,0.909,7.4,26.0,43.3,20.2,27.8,17.4,0.34,17.4,18.2,19.2,0,1,MODERATE
574.2,0.251,8.5,32.1,52.1,12.1,64.0,17.1,0.27,18.0,17.2,19.8,0,1,MODERATE
558.0,0.628,1.8,29.8,46.5,13.9,10.5,13.0,-0.35,12.0,12.8,10.8,0,0,LOW
547.5,0.872,15.5,74.2,63.7,10.6,100.0,36.2,4.17,42.5,49.4,60.0,0,3,CRITICAL
543.3,0.97,0.7,8.5,28.5,12.8,2.7,12.0,0.14,11.7,12.7,11.9,0,0,LOW
554.7,0.705,11.3,43.0,42.7,14.2,59.5,22.2,-0.05,22.5,22.1,22.4,0,2,HIGH
576.5,0.198,14.1,74.4,72.8,15.4,100.0,28.6,2.85,33.3,37.2,44.7,0,3,CRITICAL
549.7,0.821,6.1,19.2,47.5,21.7,23.4,14.1,0.32,14.6,15.6,17.8,0,1,MODERATE
583.9,0.026,16.1,48.2,49.4,22.2,62.7,19.5,-0.04,19.9,18.8,20.5,0,1,MODERATE
576.3,0.202,0.6,34.6,54.2,12.6,4.5,5.1,0.1,5.4,6.2,4.0,0,0,LOW
572.1,0.3,0.7,24.4,43.5,12.8,4.2,8.6,0.14,8.8,8.6,9.4,0,0,LOW
545.9,0.909,31.1,57.6,59.3,10.0,100.0,39.4,5.56,47.4,56.5,73.2,0,3,CRITICAL
578.3,0.156,8.0,14.6,39.0,23.8,22.9,10.2,0.27,11.0,11.9,11.3,0,0,LOW
582.5,0.058,2.4,8.4,30.2,12.0,10.6,3.0,0.22,3.6,4.6,4.8,0,0,LOW
549.5,0.826,13.3,64.3,70.7,21.8,75.5,28.1,4.51,34.5,41.2,54.9,0,3,CRITICAL
547.5,0.872,26.5,100.7,89.3,15.9,100.0,39.4,6.25,48.3,58.4,77.2,0,3,CRITICAL
583.6,0.033,4.4,29.5,53.5,12.1,34.0,11.4,-0.17,11.6,10.2,11.8,0,0,LOW
545.8,0.912,17.6,66.6,71.0,16.7,100.0,35.5,4.56,41.9,48.7,60.5,0,3,CRITICAL
542.1,0.998,1.6,32.2,55.5,23.3,6.7,14.6,-0.14,14.4,13.4,13.7,0,1,MODERATE
579.2,0.135,1.0,29.7,38.1,11.1,6.0,6.2,-0.2,5.7,6.5,3.5,0,0,LOW
549.3,0.83,13.6,53.8,57.8,23.5,58.5,23.1,0.23,23.6,23.8,22.7,0,2,HIGH
582.5,0.058,14.0,56.1,51.2,11.5,100.0,24.9,2.05,28.2,31.5,37.6,0,2,HIGH
553.4,0.735,18.3,39.7,40.8,18.6,70.2,29.4,0.06,29.4,29.4,29.0,0,2,HIGH
570.5,0.337,23.3,58.3,49.7,12.6,100.0,28.8,3.33,34.1,38.4,47.7,0,3,CRITICAL
563.0,0.512,67.0,154.9,100.0,12.8,100.0,34.5,7.69,46.0,57.1,79.0,0,3,CRITICAL
551.7,0.774,13.1,23.8,46.9,20.0,53.8,21.3,0.07,21.4,22.5,22.0,0,2,HIGH
565.8,0.447,7.0,50.6,53.7,18.0,36.5,17.7,0.02,18.1,17.7,16.3,0,1,MODERATE
580.8,0.098,28.5,86.9,81.5,22.0,100.0,28.2,3.95,33.7,40.6,49.9,0,3,CRITICAL
584.3,0.016,5.7,48.0,46.5,16.4,28.3,11.2,-0.02,11.7,11.4,12.3,0,0,LOW
553.1,0.742,10.4,64.2,53.4,15.8,61.5,24.7,0.0,24.5,24.6,26.0,0,2,HIGH
575.8,0.214,1.5,24.2,40.5,16.2,6.6,3.1,-0.02,3.3,3.9,4.5,0,0,LOW
566.2,0.437,0.5,12.1,36.8,15.2,2.1,6.2,-0.16,5.9,5.9,3.6,0,0,LOW
553.8,0.726,59.2,109.0,88.4,10.6,100.0,37.0,7.55,48.1,60.1,82.3,0,3,CRITICAL
580.6,0.102,32.5,72.7,62.4,14.2,100.0,27.2,4.4,33.4,41.1,51.4,0,3,CRITICAL
583.9,0.026,21.4,73.9,62.3,16.3,100.0,27.2,2.56,30.8,35.5,42.9,0,3,CRITICAL
574.7,0.24,9.5,57.4,59.0,12.4,79.1,22.5,2.62,26.1,31.1,39.1,0,2,HIGH
543.2,0.972,3.4,38.4,55.9,13.7,24.3,18.5,0.22,19.0,18.7,20.9,0,1,MODERATE
563.7,0.495,3.1,11.8,26.5,15.6,9.2,9.8,-0.23,9.8,9.3,7.9,0,0,LOW
549.0,0.837,5.2,43.6,55.6,14.3,35.4,19.2,-0.2,19.0,19.5,19.3,0,1,MODERATE
569.8,0.353,14.3,43.4,49.9,10.3,100.0,31.9,3.68,36.9,43.8,53.8,0,3,CRITICAL
567.8,0.4,22.6,37.5,54.9,14.6,100.0,33.6,4.27,39.9,46.2,57.8,0,3,CRITICAL
552.8,0.749,19.4,64.9,68.9,16.0,100.0,32.6,4.69,39.8,47.4,59.3,0,3,CRITICAL
569.8,0.353,5.9,24.8,34.6,11.0,32.5,16.3,0.1,16.8,16.1,17.6,0,1,MODERATE
580.4,0.107,55.8,99.6,85.1,23.5,100.0,29.1,6.43,38.8,48.7,67.0,0,3,CRITICAL
573.0,0.279,24.1,94.1,72.2,16.3,100.0,28.7,3.18,33.7,38.4,46.0,0,3,CRITICAL
573.2,0.274,14.5,43.9,57.6,23.6,61.9,20.8,0.19,21.4,22.1,23.3,0,2,HIGH
549.8,0.819,17.0,28.2,39.3,22.1,52.9,25.6,0.05,25.9,25.4,24.4,0,2,HIGH
557.3,0.644,9.8,35.7,53.6,15.0,61.3,22.6,-0.03,22.9,22.5,23.7,0,2,HIGH
567.1,0.416,5.1,16.7,46.1,17.5,23.5,14.1,-0.07,13.8,13.0,15.0,0,1,MODERATE
547.9,0.863,7.9,28.4,45.6,23.6,26.7,17.8,-0.05,17.9,18.2,17.5,0,1,MODERATE
569.1,0.37,25.5,63.2,51.7,14.1,100.0,32.0,3.72,37.8,43.1,54.5,0,3,CRITICAL
545.8,0.912,0.3,26.0,41.1,24.5,0.9,11.5,-0.37,10.6,10.1,7.6,0,0,LOW
555.9,0.677,2.2,13.2,40.1,19.4,8.0,9.6,0.06,9.5,9.0,9.5,0,0,LOW
567.3,0.412,0.8,34.1,43.0,14.4,4.2,8.4,-0.03,8.2,9.1,10.0,0,0,LOW
556.7,0.658,0.7,16.2,31.9,24.2,1.6,11.8,-0.14,11.3,11.8,9.7,0,0,LOW
573.6,0.265,34.8,81.4,68.0,19.8,100.0,26.4,5.26,34.0,42.2,55.3,0,3,CRITICAL
584.8,0.005,21.9,75.6,58.2,20.3,100.0,25.6,2.83,29.9,34.0,40.8,0,2,HIGH
571.9,0.305,11.6,37.7,52.1,19.9,53.1,16.6,0.2,16.5,17.9,16.3,0,1,MODERATE
572.9,0.281,1.9,7.2,25.7,13.0,6.6,4.2,-0.2,3.9,3.0,3.8,0,0,LOW
554.7,0.705,12.2,35.3,41.8,24.0,37.2,17.7,-0.15,17.6,18.1,18.0,0,1,MODERATE
570.8,0.33,11.5,20.1,40.3,20.9,38.8,12.3,-0.02,12.0,13.2,11.4,0,1,MODERATE
562.0,0.535,3.4,11.6,26.6,14.4,11.0,12.0,-0.14,12.0,10.8,12.1,0,0,LOW
544.0,0.953,10.2,52.7,49.8,15.4,57.7,26.5,0.18,27.1,26.2,28.7,0,2,HIGH
549.9,0.816,9.2,55.4,53.1,15.8,54.1,26.4,0.26,26.9,27.8,26.5,0,2,HIGH
571.9,0.305,17.2,60.0,53.2,16.2,98.8,29.9,3.84,35.8,40.8,51.7,0,3,CRITICAL
557.4,0.642,18.1,49.9,61.7,24.6,79.4,26.3,4.93,33.3,40.9,53.3,0,3,CRITICAL
553.2,0.74,0.8,29.5,48.3,21.5,3.1,11.1,-0.04,11.5,11.3,10.3,0,0,LOW
564.5,0.477,8.4,23.3,44.9,13.7,48.2,17.8,0.17,17.9,19.0,19.0,0,1,MODERATE
584.5,0.012,17.7,48.5,47.4,22.7,64.7,19.4,0.48,19.7,20.8,21.3,0,1,MODERATE
583.7,0.03,12.6,25.0,45.4,16.0,62.6,15.4,0.13,15.9,15.7,17.4,0,1,MODERATE
561.2,0.553,34.9,68.4,67.3,11.5,100.0,32.1,5.51,39.9,47.8,64.4,0,3,CRITICAL
568.6,0.381,19.3,52.9,50.6,20.1,85.0,29.5,3.54,34.4,39.6,49.9,0,3,CRITICAL
566.1,0.44,3.2,25.9,46.1,20.7,12.5,7.1,0.12,7.0,7.1,9.0,0,0,LOW
583.5,0.035,1.3,23.0,45.5,10.7,9.7,3.0,-0.29,2.8,2.6,0.0,0,0,LOW
568.3,0.388,18.5,65.0,60.4,16.9,100.0,32.3,4.03,38.0,44.2,57.2,0,3,CRITICAL
578.0,0.163,0.5,32.0,45.0,19.9,2.0,6.2,-0.31,5.7,5.3,2.8,0,0,LOW
582.2,0.065,15.9,59.7,60.0,23.8,70.1,17.4,0.27,18.0,17.5,18.6,0,1,MODERATE
567.8,0.4,50.7,152.6,100.0,24.7,100.0,33.3,6.7,43.1,54.3,73.9,0,3,CRITICAL
561.5,0.547,15.4,38.3,53.2,21.2,67.6,23.3,0.33,24.2,24.7,26.8,0,2,HIGH
569.2,0.367,8.8,38.4,45.0,15.2,45.6,17.8,0.36,18.5,19.8,19.9,0,1,MODERATE
571.9,0.305,18.6,36.5,45.3,17.2,85.7,26.5,3.75,32.0,38.2,49.5,0,3,CRITICAL
554.3,0.714,11.0,60.4,60.7,10.4,100.0,32.4,4.17,38.4,45.4,55.4,0,3,CRITICAL
554.3,0.714,14.2,56.3,62.0,14.4,100.0,36.1,3.47,41.6,45.7,57.6,0,3,CRITICAL
573.8,0.26,51.1,161.7,100.0,13.6,100.0,30.8,6.44,40.2,50.4,69.7,0,3,CRITICAL
558.7,0.612,8.8,63.1,57.8,18.3,48.6,17.6,-0.07,17.6,18.0,18.5,0,1,MODERATE
577.7,0.17,58.5,183.7,100.0,21.3,100.0,28.3,6.51,38.3,48.8,65.3,0,3,CRITICAL
549.6,0.823,42.4,104.7,75.8,17.7,100.0,35.1,6.59,45.0,54.1,73.6,0,3,CRITICAL
553.0,0.744,3.9,35.1,40.6,12.3,22.5,14.5,-0.29,14.5,13.9,13.4,0,1,MODERATE
563.1,0.509,1.3,17.1,44.2,14.8,6.8,7.1,-0.26,6.3,6.3,5.3,0,0,LOW
565.1,0.463,1.9,11.4,30.0,15.0,6.6,7.4,-0.23,7.3,6.8,7.9,0,0,LOW
577.4,0.177,0.3,1.2,34.0,16.7,1.1,5.8,-0.03,5.9,6.6,6.3,0,0,LOW
555.8,0.679,1.8,42.6,49.0,18.1,8.5,10.0,0.18,10.6,10.3,12.1,0,0,LOW
561.2,0.553,20.7,62.2,55.0,17.7,100.0,35.3,3.79,41.4,46.7,55.5,0,3,CRITICAL
544.8,0.935,1.3,33.9,54.2,16.4,7.5,11.7,-0.05,11.8,12.5,12.4,0,0,LOW
569.8,0.353,6.9,48.5,47.3,16.9,33.8,12.7,-0.21,11.9,12.7,11.7,0,0,LOW
566.7,0.426,33.5,62.7,59.1,19.5,100.0,30.7,4.27,37.3,43.6,56.0,0,3,CRITICAL
568.6,0.381,0.4,24.4,46.2,11.1,2.9,8.9,-0.33,8.7,7.5,5.5,0,0,LOW
574.9,0.235,30.3,73.4,69.9,17.1,100.0,29.0,3.72,34.5,40.8,50.7,0,3,CRITICAL
583.3,0.04,6.0,35.7,56.1,21.9,26.9,9.6,-0.06,10.0,9.5,9.5,0,0,LOW
547.3,0.877,2.3,26.6,44.0,24.2,7.3,12.2,0.09,12.7,12.2,12.4,0,0,LOW
569.8,0.353,21.5,49.9,49.4,22.5,82.6,24.1,3.38,29.5,34.9,45.0,0,2,HIGH
582.1,0.067,17.8,68.1,65.0,14.4,100.0,24.2,2.24,27.8,30.9,36.6,0,2,HIGH
547.5,0.872,37.8,89.0,76.9,23.5,100.0,35.4,6.38,45.1,54.2,72.7,0,3,CRITICAL
566.3,0.435,23.9,55.3,56.2,10.1,100.0,29.7,3.83,35.7,41.1,53.1,0,3,CRITICAL
547.8,0.865,29.3,104.6,81.6,15.4,100.0,35.2,5.83,43.6,52.9,70.2,0,3,CRITICAL
578.9,0.142,6.0,30.1,40.3,23.3,18.2,4.7,-0.23,3.9,4.0,1.7,0,0,LOW
567.0,0.419,3.5,30.1,53.2,18.3,17.8,10.7,0.27,11.1,12.1,11.8,0,0,LOW
551.6,0.777,25.0,90.2,70.9,17.0,100.0,35.4,5.04,43.0,50.8,65.9,0,3,CRITICAL
576.7,0.193,29.6,71.2,65.9,16.7,100.0,26.4,4.77,33.7,41.6,54.9,0,3,CRITICAL
562.8,0.516,83.8,157.4,100.0,10.9,100.0,31.4,8.56,43.9,57.9,80.5,0,3,CRITICAL
562.2,0.53,9.6,20.4,49.8,14.9,56.2,22.6,0.1,23.1,23.6,22.3,0,2,HIGH
565.4,0.456,8.4,38.6,46.6,19.8,34.6,17.1,0.08,17.1,18.2,17.6,0,1,MODERATE
557.2,0.647,27.0,89.4,74.3,19.1,100.0,33.8,4.48,40.2,46.4,60.3,0,3,CRITICAL
551.1,0.788,7.5,25.7,47.2,11.8,52.5,22.0,0.24,22.6,22.7,23.3,0,2,HIGH
551.1,0.788,48.1,103.5,72.2,10.6,100.0,35.9,6.56,45.9,54.7,74.2,0,3,CRITICAL
544.4,0.944,35.2,64.0,71.2,19.0,100.0,37.7,5.7,46.5,55.1,70.0,0,3,CRITICAL
545.7,0.914,10.1,59.1,66.9,12.6,93.8,37.4,4.49,44.4,51.5,62.3,0,3,CRITICAL
570.4,0.34,25.0,69.5,61.6,16.8,100.0,30.6,3.69,36.0,40.9,50.9,0,3,CRITICAL
579.0,0.14,25.3,67.6,56.8,11.4,100.0,27.5,3.79,32.7,39.4,49.5,0,3,CRITICAL
547.1,0.881,2.0,9.2,36.7,22.4,5.7,15.4,0.1,15.7,15.7,15.5,0,1,MODERATE
543.9,0.956,41.9,95.0,83.5,21.8,100.0,36.8,7.13,47.7,58.7,78.9,0,3,CRITICAL
546.2,0.902,12.7,37.0,43.2,22.9,41.9,21.0,0.38,21.5,21.5,24.0,0,1,MODERATE
575.9,0.212,31.5,71.6,55.9,19.8,100.0,29.7,4.02,35.6,41.1,53.6,0,3,CRITICAL
552.9,0.747,6.9,34.7,44.7,14.1,38.3,20.6,0.19,20.8,21.7,21.6,0,1,MODERATE
557.9,0.63,40.7,95.1,73.7,15.2,100.0,34.8,6.44,44.8,54.4,73.0,0,3,CRITICAL
561.2,0.553,8.9,27.1,37.8,16.0,36.8,15.9,0.11,16.3,16.6,15.3,0,1,MODERATE
583.5,0.035,0.2,3.9,24.9,23.9,0.4,3.0,-0.36,2.2,1.1,0.0,0,0,LOW
558.5,0.616,42.4,142.2,100.0,20.7,100.0,34.0,6.85,44.6,54.8,73.5,0,3,CRITICAL
550.7,0.798,1.7,36.0,43.7,10.5,12.4,14.3,-0.06,13.9,13.5,12.3,0,1,MODERATE
552.3,0.76,6.9,14.6,47.2,21.7,26.3,15.8,-0.02,15.9,15.8,16.5,0,1,MODERATE
545.0,0.93,53.9,83.8,78.5,23.7,100.0,36.3,8.58,48.9,62.3,85.0,0,3,CRITICAL
582.0,0.07,54.1,125.1,90.7,11.6,100.0,24.3,5.44,32.9,41.2,57.5,0,3,CRITICAL
579.7,0.123,15.3,61.3,64.5,24.5,70.5,20.5,0.37,21.3,22.5,22.5,0,2,HIGH
561.8,0.54,18.0,39.6,42.1,11.0,100.0,33.3,4.78,40.6,47.1,60.4,0,3,CRITICAL
583.1,0.044,10.7,22.1,47.7,13.7,65.2,15.4,0.22,16.1,15.2,18.2,0,1,MODERATE
562.5,0.523,6.2,46.7,48.7,24.2,21.8,13.8,0.27,14.2,14.0,16.2,0,1,MODERATE
579.5,0.128,7.2,19.1,34.5,19.3,22.5,6.1,-0.19,6.2,5.9,5.6,0,0,LOW
568.4,0.386,20.1,70.4,56.0,17.2,100.0,31.4,3.81,37.6,43.6,54.8,0,3,CRITICAL
563.1,0.509,25.1,106.3,78.8,13.3,100.0,32.6,3.86,38.7,44.1,55.1,0,3,CRITICAL
563.6,0.498,28.2,79.1,63.0,24.6,100.0,33.2,4.69,40.4,46.3,59.4,0,3,CRITICAL
567.0,0.419,28.1,72.9,61.6,18.2,100.0,29.4,4.5,36.3,42.6,55.5,0,3,CRITICAL
551.1,0.788,1.7,18.8,46.5,14.2,9.7,11.0,-0.29,10.6,9.6,7.9,0,0,LOW
553.6,0.73,12.3,36.7,46.0,12.2,81.2,32.8,3.53,38.4,42.7,53.3,0,3,CRITICAL
584.8,0.005,1.1,23.5,46.2,21.8,4.1,3.0,-0.04,3.0,2.7,3.5,0,0,LOW
544.6,0.94,14.4,55.1,60.1,16.7,90.7,34.0,4.54,40.9,48.5,59.5,0,3,CRITICAL
542.9,0.979,10.5,49.3,63.9,13.0,90.3,35.8,4.76,42.6,50.6,62.9,0,3,CRITICAL
570.9,0.328,39.4,107.5,91.5,15.7,100.0,28.7,5.42,36.5,44.3,61.2,0,3,CRITICAL
556.5,0.663,7.8,40.1,57.0,11.1,70.1,24.5,-0.11,24.2,23.8,23.0,0,2,HIGH
569.7,0.356,2.2,21.4,48.0,15.4,12.0,8.8,0.22,9.0,8.8,8.4,0,0,LOW
573.3,0.272,2.8,43.9,56.0,11.2,24.5,8.4,-0.28,7.5,8.3,7.0,0,0,LOW
543.1,0.974,25.8,77.9,60.6,13.9,100.0,35.6,5.98,45.0,53.2,69.4,0,3,CRITICAL
554.2,0.716,17.3,43.4,58.5,10.4,100.0,35.6,4.97,42.9,50.5,66.1,0,3,CRITICAL
565.2,0.46,1.9,20.9,49.8,20.5,8.1,6.6,-0.0,6.7,6.9,6.8,0,0,LOW
564.5,0.477,1.6,15.9,34.9,18.1,5.4,9.9,-0.1,9.6,9.1,8.6,0,0,LOW
542.0,1.0,21.7,88.3,71.0,17.0,100.0,35.0,6.12,44.6,53.3,68.7,0,3,CRITICAL
560.5,0.57,1.4,11.6,25.9,15.6,4.1,8.3,-0.04,8.1,7.5,8.9,0,0,LOW
558.8,0.609,31.1,66.7,61.8,13.6,100.0,34.9,5.88,44.0,52.9,68.2,0,3,CRITICAL
573.9,0.258,22.0,71.4,72.8,12.7,100.0,27.8,3.86,33.7,38.9,50.6,0,3,CRITICAL
550.1,0.812,1.5,3.8,32.6,12.8,6.7,10.0,-0.21,9.9,9.8,7.8,0,0,LOW
548.5,0.849,1.6,16.9,34.7,22.0,4.4,15.3,-0.09,15.5,14.7,16.0,0,1,MODERATE
582.9,0.049,77.7,131.2,87.0,17.1,100.0,24.7,8.1,37.2,49.7,70.3,0,3,CRITICAL
575.0,0.233,8.4,44.3,51.0,21.1,35.5,9.9,0.04,10.2,10.1,11.9,0,0,LOW
562.3,0.528,8.3,31.5,42.2,19.4,31.6,12.5,0.33,13.0,13.0,14.9,0,1,MODERATE
550.5,0.802,30.2,113.7,81.2,11.7,100.0,36.4,5.41,44.2,52.2,66.4,0,3,CRITICAL
575.9,0.212,53.0,66.0,68.7,17.1,100.0,29.1,5.83,37.4,45.9,61.4,0,3,CRITICAL
568.6,0.381,76.8,246.4,100.0,10.9,100.0,31.4,8.65,44.7,56.6,80.6,0,3,CRITICAL
584.2,0.019,25.2,92.3,82.3,16.6,100.0,24.4,3.6,29.7,34.5,46.7,0,2,HIGH
562.9,0.514,8.5,27.9,47.9,12.8,55.7,19.2,-0.02,19.4,18.7,20.3,0,1,MODERATE
581.3,0.086,1.6,6.1,26.2,14.4,5.1,3.0,-0.15,2.3,2.8,1.7,0,0,LOW
550.0,0.814,27.0,67.5,69.3,13.6,100.0,37.1,5.68,45.7,53.9,70.1,0,3,CRITICAL
563.4,0.502,14.7,55.1,54.0,19.6,70.9,22.4,0.21,22.3,23.7,22.3,0,2,HIGH
579.6,0.126,9.9,34.5,39.2,18.6,36.5,13.6,0.19,13.9,14.6,13.8,0,1,MODERATE
557.8,0.633,42.6,95.3,86.3,13.1,100.0,33.5,6.82,43.3,54.6,71.5,0,3,CRITICAL
566.0,0.442,2.1,22.3,38.5,20.6,6.9,10.0,-0.2,9.2,8.5,8.1,0,0,LOW
582.6,0.056,12.2,37.3,53.2,18.0,63.1,15.6,0.16,15.6,16.3,15.4,0,1,MODERATE
574.2,0.251,0.2,4.6,35.1,15.4,0.8,4.0,0.0,4.4,3.3,2.8,0,0,LOW
559.3,0.598,11.4,26.2,53.1,16.6,63.8,23.2,0.02,23.7,22.9,22.9,0,2,HIGH
574.9,0.235,1.0,30.9,47.6,18.4,4.5,3.2,0.08,3.7,2.9,5.3,0,0,LOW
561.2,0.553,2.3,33.3,56.3,18.9,12.0,10.7,0.24,10.9,11.0,11.1,0,0,LOW
578.8,0.144,2.3,35.7,51.6,14.1,14.7,6.7,-0.02,7.1,5.9,4.9,0,0,LOW
557.3,0.644,18.9,41.5,52.4,13.5,100.0,35.6,3.76,41.1,47.7,58.3,0,3,CRITICAL
573.1,0.277,24.7,67.9,70.5,20.3,100.0,29.8,4.53,36.7,43.0,56.9,0,3,CRITICAL
566.8,0.423,15.8,23.2,47.0,15.2,85.5,29.4,3.45,34.9,40.5,48.4,0,3,CRITICAL
570.1,0.347,58.9,127.9,99.5,15.7,100.0,29.0,6.14,38.2,46.7,64.6,0,3,CRITICAL
551.5,0.779,8.5,40.2,48.0,16.7,42.8,21.6,0.07,21.4,21.4,21.6,0,1,MODERATE
547.7,0.867,6.1,31.0,36.5,16.0,24.4,15.0,0.02,15.3,14.3,13.8,0,1,MODERATE
566.0,0.442,36.5,98.4,73.1,19.2,100.0,32.7,4.89,39.6,47.9,60.4,0,3,CRITICAL
581.7,0.077,4.6,33.0,45.0,15.2,23.8,6.8,0.05,6.4,6.6,8.8,0,0,LOW
568.5,0.384,59.5,183.4,100.0,10.7,100.0,32.5,6.52,42.2,52.6,71.6,0,3,CRITICAL
546.8,0.888,0.2,38.2,57.6,23.0,0.9,13.8,-0.39,13.4,11.9,11.4,0,0,LOW
543.0,0.977,63.0,118.2,83.2,17.8,100.0,36.3,8.71,49.6,61.7,87.5,0,3,CRITICAL
542.8,0.981,0.8,28.2,35.0,12.6,3.9,12.5,0.09,12.8,11.9,13.6,0,0,LOW
542.4,0.991,39.9,83.5,78.8,19.9,100.0,40.1,6.2,49.8,59.0,75.1,0,3,CRITICAL
558.4,0.619,13.5,41.3,47.0,23.0,48.3,20.7,-0.02,20.7,20.6,22.1,0,1,MODERATE
542.9,0.979,89.2,163.5,100.0,15.9,100.0,35.7,10.6,51.5,67.8,96.2,0,3,CRITICAL
584.1,0.021,1.4,35.3,50.2,23.2,5.3,4.9,0.12,4.6,5.4,4.8,0,0,LOW
548.5,0.849,14.5,64.5,54.0,15.7,87.3,35.8,4.7,43.0,49.4,62.1,0,3,CRITICAL
548.6,0.847,62.7,209.0,100.0,18.1,100.0,34.4,7.84,46.2,58.5,81.2,0,3,CRITICAL
555.3,0.691,13.3,51.9,48.7,24.9,45.5,23.5,-0.05,23.9,24.2,22.6,0,2,HIGH
566.0,0.442,17.9,53.4,53.1,23.2,71.7,25.6,0.42,26.6,26.7,27.7,0,2,HIGH
561.0,0.558,21.4,93.4,85.4,14.1,100.0,34.4,3.77,39.7,46.2,56.7,0,3,CRITICAL
553.5,0.733,10.9,32.2,40.7,20.3,38.2,18.5,0.23,18.8,19.2,20.2,0,1,MODERATE
572.6,0.288,17.8,66.1,62.9,12.1,100.0,27.6,2.69,31.9,34.7,42.4,0,2,HIGH
559.8,0.586,15.8,77.3,73.8,11.0,100.0,35.6,4.71,43.0,49.7,62.3,0,3,CRITICAL
561.7,0.542,41.7,82.7,62.2,21.0,100.0,31.8,5.66,40.4,49.3,65.0,0,3,CRITICAL
564.6,0.474,0.8,33.6,47.2,16.8,3.9,9.6,-0.36,9.6,8.6,7.1,0,0,LOW
573.6,0.265,5.9,33.0,49.1,10.7,47.4,14.8,-0.04,14.5,15.3,14.4,0,1,MODERATE
560.2,0.577,54.1,120.2,90.4,12.1,100.0,34.9,6.95,45.5,55.0,76.2,0,3,CRITICAL
582.3,0.063,39.8,97.5,77.0,16.8,100.0,24.8,4.73,32.1,38.4,52.1,0,3,CRITICAL
552.8,0.749,10.9,61.4,66.6,20.8,61.1,23.0,-0.11,22.8,22.4,22.4,0,2,HIGH
558.5,0.616,17.4,63.4,70.7,15.7,100.0,32.7,4.59,40.0,46.6,59.9,0,3,CRITICAL
548.5,0.849,5.8,22.2,45.3,16.3,28.2,17.1,0.18,17.3,17.9,16.8,0,1,MODERATE
547.7,0.867,3.8,30.7,40.4,16.9,15.9,17.5,0.0,17.0,18.3,16.6,0,1,MODERATE
567.3,0.412,11.2,38.4,40.8,19.0,42.1,14.9,0.15,15.2,15.5,16.9,0,1,MODERATE
544.1,0.951,7.8,37.3,39.4,22.8,23.6,19.3,0.26,19.5,20.9,19.2,0,1,MODERATE
559.9,0.584,15.8,50.3,57.4,20.4,77.8,28.0,4.4,34.3,41.1,53.8,0,3,CRITICAL
582.1,0.067,1.5,14.0,34.4,15.7,5.8,3.0,-0.11,2.9,2.3,1.0,0,0,LOW
571.9,0.305,66.0,129.3,95.1,20.4,100.0,30.3,6.71,40.6,50.7,71.0,0,3,CRITICAL
562.8,0.516,77.1,214.8,100.0,14.3,100.0,32.8,8.43,45.5,59.1,81.2,0,3,CRITICAL
547.6,0.87,21.6,66.2,65.7,17.4,100.0,34.5,5.32,42.7,51.4,63.6,0,3,CRITICAL
543.0,0.977,13.8,35.1,54.5,22.0,59.8,30.7,0.12,30.7,31.2,31.9,0,2,HIGH
542.5,0.988,6.7,21.5,46.6,14.6,37.4,22.3,-0.07,21.7,22.5,21.3,0,2,HIGH
573.1,0.277,30.3,67.4,57.2,15.0,100.0,28.3,4.62,35.6,42.8,55.6,0,3,CRITICAL
562.7,0.519,20.8,81.5,71.5,15.0,100.0,33.9,4.08,40.3,46.8,56.8,0,3,CRITICAL
573.2,0.274,3.2,26.9,37.6,20.3,10.4,8.7,0.2,8.9,10.2,9.1,0,0,LOW
543.3,0.97,43.5,145.7,100.0,18.6,100.0,37.0,7.3,48.3,59.4,80.1,0,3,CRITICAL
555.5,0.686,31.1,55.4,57.6,13.6,100.0,33.9,6.13,42.8,51.9,68.1,0,3,CRITICAL
575.8,0.214,53.9,168.3,100.0,10.4,100.0,28.5,6.1,37.3,47.6,64.7,0,3,CRITICAL
564.5,0.477,23.3,62.6,68.7,22.3,100.0,34.3,4.57,40.8,48.5,60.7,0,3,CRITICAL
572.7,0.286,17.1,35.0,56.1,20.3,82.7,25.7,2.71,29.7,32.9,41.5,0,2,HIGH
570.3,0.342,9.8,39.8,46.1,23.4,33.8,12.5,-0.09,12.1,11.9,11.8,0,0,LOW
547.1,0.881,48.6,80.9,60.8,19.3,100.0,36.7,6.9,46.9,57.0,75.4,0,3,CRITICAL
572.3,0.295,36.2,69.6,56.2,19.2,100.0,28.6,4.8,35.4,42.9,57.1,0,3,CRITICAL
546.6,0.893,0.8,18.1,32.6,18.9,2.4,12.9,0.12,13.3,13.5,12.9,0,1,MODERATE
577.2,0.181,0.5,28.0,44.7,24.6,1.6,5.1,-0.11,4.6,5.4,6.0,0,0,LOW
562.1,0.533,8.5,43.8,56.1,17.0,49.1,18.1,-0.1,18.3,18.0,19.0,0,1,MODERATE
558.9,0.607,29.9,96.0,83.8,23.2,100.0,33.0,4.45,39.7,46.1,58.7,0,3,CRITICAL
549.3,0.83,78.6,215.1,100.0,11.5,100.0,37.9,10.06,52.8,68.4,97.3,0,3,CRITICAL
564.9,0.467,2.9,21.9,43.4,18.2,12.1,12.5,-0.11,12.2,12.8,12.2,0,0,LOW
575.7,0.216,16.2,62.2,62.0,13.5,100.0,29.6,2.45,33.7,37.1,43.8,0,3,CRITICAL
567.5,0.407,8.6,38.9,55.9,12.6,66.8,25.3,-0.19,24.6,25.4,25.2,0,2,HIGH
558.3,0.621,63.1,152.0,97.8,22.3,100.0,35.8,8.46,48.6,60.2,83.6,0,3,CRITICAL
548.4,0.851,33.2,83.7,73.4,12.9,100.0,37.3,5.76,46.0,55.4,70.0,0,3,CRITICAL
582.6,0.056,32.8,101.5,77.6,11.3,100.0,23.7,4.74,30.7,37.2,50.5,0,3,CRITICAL
557.9,0.63,11.4,25.8,47.0,22.3,42.0,18.2,0.34,19.1,18.7,20.9,0,1,MODERATE
559.0,0.605,9.6,31.7,43.5,18.2,40.2,19.3,0.08,19.1,19.3,21.3,0,1,MODERATE
578.1,0.16,5.7,48.1,57.5,12.0,47.8,12.3,-0.28,12.1,11.4,10.4,0,0,LOW
584.6,0.009,1.0,27.0,41.8,16.8,4.4,3.9,-0.02,3.8,3.2,3.8,0,0,LOW
565.7,0.449,36.0,83.3,65.4,19.1,100.0,31.9,5.77,40.3,49.2,65.0,0,3,CRITICAL
565.5,0.453,30.2,93.1,77.9,20.6,100.0,29.1,4.77,36.4,42.7,57.6,0,3,CRITICAL
584.3,0.016,130.0,391.8,100.0,11.2,100.0,28.5,11.07,45.1,62.2,94.4,0,3,CRITICAL
545.4,0.921,102.5,258.8,100.0,10.8,100.0,36.1,12.17,54.3,72.6,106.6,0,3,CRITICAL
573.6,0.265,14.6,65.8,68.9,14.3,100.0,26.4,3.72,32.2,38.0,48.2,0,3,CRITICAL
544.6,0.94,26.4,58.4,50.2,24.9,93.1,37.4,5.9,46.0,54.3,71.6,0,3,CRITICAL
578.6,0.149,52.1,91.0,71.1,22.9,100.0,24.9,5.21,32.4,40.7,53.9,0,3,CRITICAL
561.2,0.553,34.1,95.4,81.7,17.3,100.0,34.4,5.9,43.1,51.3,67.3,0,3,CRITICAL
582.2,0.065,5.1,27.2,53.5,21.6,22.1,5.7,-0.03,5.8,5.0,6.4,0,0,LOW
556.8,0.656,10.8,54.3,49.5,12.5,74.8,27.0,-0.0,27.2,27.5,27.1,0,2,HIGH
558.3,0.621,2.5,24.8,35.3,23.1,6.7,7.2,0.21,7.5,8.2,10.1,0,0,LOW
571.4,0.316,55.4,106.8,86.1,24.3,100.0,29.4,7.1,40.4,50.4,69.7,0,3,CRITICAL
546.2,0.902,16.8,53.4,62.2,21.2,86.3,34.8,4.98,42.0,49.4,64.4,0,3,CRITICAL
549.7,0.821,4.7,36.7,55.0,10.2,44.4,19.5,-0.24,19.1,18.2,17.3,0,1,MODERATE
550.3,0.807,20.0,28.4,53.0,19.8,93.7,36.1,5.54,44.5,53.1,66.9,0,3,CRITICAL
578.8,0.144,17.3,50.6,63.3,18.5,100.0,30.5,3.59,36.1,40.8,51.2,0,3,CRITICAL
582.3,0.063,8.0,54.7,52.9,16.4,45.2,15.5,0.22,15.7,15.5,15.2,0,1,MODERATE
575.4,0.223,2.2,17.3,29.9,24.3,4.7,3.4,-0.09,3.3,4.0,3.3,0,0,LOW
549.7,0.821,20.0,45.5,58.1,13.3,100.0,36.7,5.52,45.2,52.5,67.2,0,3,CRITICAL
566.6,0.428,13.2,39.0,57.4,12.2,100.0,32.0,4.03,38.2,43.6,56.1,0,3,CRITICAL
580.9,0.095,26.6,77.0,77.3,17.4,100.0,26.8,4.13,33.3,39.8,50.9,0,3,CRITICAL
542.1,0.998,13.2,68.7,64.0,18.5,79.9,35.6,4.59,42.7,49.2,62.7,0,3,CRITICAL
583.2,0.042,34.4,67.7,73.1,11.2,100.0,26.3,4.51,33.2,39.2,50.8,0,3,CRITICAL
558.5,0.616,14.4,49.5,62.7,19.5,81.0,27.8,3.32,32.9,38.2,45.8,0,3,CRITICAL
550.3,0.807,14.8,58.5,59.0,10.9,100.0,35.9,4.16,42.2,49.0,59.8,0,3,CRITICAL
584.8,0.005,37.7,49.7,60.6,10.6,100.0,23.8,4.74,31.1,37.9,51.9,0,3,CRITICAL
579.6,0.126,9.3,36.6,56.8,10.6,87.2,22.2,2.54,26.0,30.7,35.3,0,2,HIGH
572.2,0.298,2.6,10.6,26.3,14.6,8.2,8.4,-0.07,8.0,8.4,9.1,0,0,LOW
546.6,0.893,0.5,33.0,40.9,22.1,1.6,11.7,0.1,12.3,12.4,11.6,0,0,LOW
584.0,0.023,25.3,59.2,66.3,21.9,100.0,27.9,3.47,32.9,37.6,46.7,0,3,CRITICAL
559.9,0.584,17.4,62.4,60.0,23.9,76.4,24.3,3.5,29.9,35.0,45.6,0,3,CRITICAL
542.7,0.984,21.9,43.6,45.4,11.3,100.0,38.7,6.04,47.7,57.4,74.7,0,3,CRITICAL
571.8,0.307,4.3,32.2,46.6,16.2,21.6,12.7,0.05,12.3,12.2,13.0,0,0,LOW
582.9,0.049,2.6,37.0,45.5,10.1,20.5,5.1,-0.28,4.7,3.5,3.0,0,0,LOW
574.7,0.24,0.3,9.4,40.1,19.9,1.1,3.0,-0.28,2.9,2.5,3.1,0,0,LOW
562.4,0.526,7.8,38.4,40.1,19.7,27.8,13.0,0.02,12.9,13.7,14.0,0,1,MODERATE
543.9,0.956,16.0,75.1,61.1,21.8,78.5,32.0,4.34,38.9,45.5,57.5,0,3,CRITICAL
556.0,0.674,9.0,40.7,46.9,21.7,34.0,16.5,-0.16,16.5,16.8,15.1,0,1,MODERATE
551.5,0.779,10.4,39.7,57.7,12.2,86.1,34.4,3.96,40.2,45.6,58.2,0,3,CRITICAL
569.2,0.367,42.2,124.6,84.8,20.4,100.0,27.8,5.0,35.7,42.7,55.6,0,3,CRITICAL
556.8,0.656,7.7,44.3,57.9,19.6,39.8,19.5,-0.14,19.8,19.8,17.2,0,1,MODERATE
578.8,0.144,13.0,65.6,64.6,22.6,65.0,17.7,0.3,18.4,18.1,18.8,0,1,MODERATE
566.9,0.421,27.6,96.2,71.1,18.6,100.0,28.1,5.23,35.5,43.7,59.4,0,3,CRITICAL
543.4,0.967,9.1,37.8,54.9,22.3,39.2,22.1,-0.07,22.1,20.9,22.5,0,1,MODERATE
582.8,0.051,17.5,36.5,51.2,11.4,100.0,26.5,2.49,30.4,34.7,41.8,0,2,HIGH
543.0,0.977,35.7,99.7,87.3,16.1,100.0,39.5,6.35,49.0,58.8,77.6,0,3,CRITICAL
545.0,0.93,53.8,154.8,98.1,16.4,100.0,35.8,8.55,48.7,62.0,86.4,0,3,CRITICAL
545.5,0.919,2.9,37.0,39.6,24.2,8.3,15.1,0.19,15.0,15.4,16.6,0,1,MODERATE
557.7,0.635,47.0,91.9,67.3,20.6,100.0,31.8,7.32,42.5,53.0,74.2,0,3,CRITICAL
582.4,0.06,12.2,64.3,56.3,21.2,56.7,14.3,0.06,14.2,14.8,13.8,0,1,MODERATE
544.7,0.937,5.4,28.9,45.0,11.8,36.0,22.5,0.11,22.7,22.4,23.6,0,2,HIGH
576.4,0.2,11.1,62.5,70.1,11.0,100.0,30.8,2.57,34.2,39.3,44.9,0,3,CRITICAL
583.1,0.044,70.4,107.8,87.8,17.4,100.0,28.8,7.02,39.5,49.4,71.2,0,3,CRITICAL
565.3,0.458,12.2,31.1,44.4,19.7,48.1,17.3,-0.12,17.5,16.4,18.2,0,1,MODERATE
569.7,0.356,7.2,27.1,46.5,14.9,39.3,15.7,0.16,16.3,16.1,15.9,0,1,MODERATE
547.7,0.867,18.1,51.4,50.9,17.3,93.2,37.5,5.27,45.0,53.0,67.9,0,3,CRITICAL
549.2,0.833,4.9,41.6,46.5,24.6,16.2,17.1,0.11,17.4,16.7,16.8,0,1,MODERATE
543.8,0.958,1.4,7.4,28.9,12.8,5.5,14.2,-0.35,13.5,12.8,11.7,0,0,LOW
565.2,0.46,2.5,15.7,46.3,16.1,12.6,9.7,-0.26,9.3,8.6,6.4,0,0,LOW
573.8,0.26,2.5,20.2,44.2,17.1,11.3,5.7,0.22,6.5,6.5,5.7,0,0,LOW
566.3,0.435,3.0,25.6,46.6,21.0,11.6,11.5,-0.26,11.2,10.3,9.6,0,0,LOW
578.2,0.158,2.7,8.9,25.6,19.6,6.2,4.9,-0.21,5.0,3.8,2.0,0,0,LOW
565.2,0.46,18.4,62.1,52.8,17.7,96.1,28.7,3.6,34.2,40.4,51.1,0,3,CRITICAL
557.5,0.64,3.6,39.3,47.0,15.6,19.0,12.1,-0.12,12.4,12.5,9.9,0,0,LOW
573.3,0.272,7.6,54.2,63.2,14.3,58.8,20.8,0.33,21.2,22.6,21.4,0,2,HIGH
567.2,0.414,40.9,63.0,61.0,23.0,100.0,33.9,4.91,41.7,49.1,60.9,0,3,CRITICAL
559.6,0.591,11.6,47.5,54.9,20.7,53.8,23.1,-0.09,22.7,22.6,22.8,0,2,HIGH
543.8,0.958,19.8,83.3,67.7,18.4,100.0,37.3,4.52,43.6,50.4,65.2,0,3,CRITICAL
577.9,0.165,3.4,32.8,54.3,16.3,19.8,7.9,0.08,7.8,7.4,7.6,0,0,LOW
584.8,0.005,3.8,34.8,49.0,18.5,17.6,7.7,0.05,7.8,8.2,6.6,0,0,LOW
564.0,0.488,0.8,35.5,41.0,10.9,5.3,7.1,0.14,6.9,6.8,7.1,0,0,LOW
560.0,0.581,3.3,23.0,37.3,17.9,12.0,13.6,-0.03,13.8,12.9,12.0,0,0,LOW
574.4,0.247,5.9,47.1,60.1,20.3,30.6,10.4,0.13,10.8,10.0,11.4,0,0,LOW
577.4,0.177,3.5,25.0,40.0,17.3,14.2,5.7,0.22,5.6,5.7,6.0,0,0,LOW
550.1,0.812,1.7,29.0,51.1,17.9,8.5,13.1,-0.04,13.3,12.2,12.7,0,0,LOW
545.3,0.923,2.3,42.7,50.9,14.7,13.9,14.7,0.14,15.3,15.3,16.5,0,1,MODERATE
556.7,0.658,11.1,27.1,49.8,13.3,72.7,29.2,-0.09,28.8,28.2,27.3,0,2,HIGH
545.4,0.921,4.2,41.0,42.1,21.6,14.3,17.2,-0.29,16.4,16.9,15.6,0,1,MODERATE
544.5,0.942,8.2,21.5,32.1,20.0,23.0,19.6,0.23,20.4,19.7,22.4,0,1,MODERATE
549.9,0.816,12.6,25.8,49.8,24.1,45.6,24.9,0.06,24.7,25.1,26.1,0,2,HIGH
552.4,0.758,21.1,48.5,55.8,10.2,100.0,33.4,4.37,39.7,47.3,58.9,0,3,CRITICAL
583.9,0.026,0.7,9.5,34.8,20.6,2.1,3.0,-0.03,2.9,3.8,1.7,0,0,LOW
557.3,0.644,28.9,60.8,55.0,11.7,100.0,36.6,4.61,43.1,49.7,64.3,0,3,CRITICAL
572.3,0.295,17.8,38.9,46.0,11.7,100.0,28.2,3.56,33.4,39.8,48.6,0,3,CRITICAL
565.8,0.447,1.5,36.7,42.1,11.0,10.0,10.9,-0.08,11.0,10.0,12.2,0,0,LOW
563.1,0.509,37.2,68.4,67.4,11.3,100.0,30.0,5.35,38.1,45.3,62.6,0,3,CRITICAL
584.0,0.023,45.7,98.6,76.1,18.9,100.0,29.2,4.4,36.1,42.9,53.9,0,3,CRITICAL
572.7,0.286,1.1,13.3,42.4,19.7,4.1,4.9,-0.09,4.9,4.4,4.3,0,0,LOW
554.0,0.721,5.8,18.4,34.2,17.5,19.8,15.4,-0.2,14.7,13.9,12.7,0,1,MODERATE
571.2,0.321,29.5,96.6,81.9,12.3,100.0,30.6,3.81,35.9,42.5,53.7,0,3,CRITICAL
576.1,0.207,24.8,64.3,62.0,13.9,100.0,27.5,4.29,34.0,41.3,50.7,0,3,CRITICAL
560.5,0.57,3.7,25.2,38.9,15.6,16.1,11.6,-0.31,11.2,11.4,9.1,0,0,LOW
572.4,0.293,4.2,13.7,41.2,17.3,17.5,6.5,0.09,6.8,7.1,7.3,0,0,LOW
562.5,0.523,8.3,41.6,48.6,17.4,40.6,20.3,0.14,20.4,21.7,20.5,0,1,MODERATE
543.2,0.972,11.9,48.6,51.3,21.1,50.6,22.5,0.37,22.9,22.8,24.1,0,2,HIGH
557.4,0.642,17.3,56.9,53.4,19.7,82.1,29.8,4.85,36.6,44.0,57.3,0,3,CRITICAL
542.8,0.981,8.3,32.7,53.6,18.5,42.1,25.7,-0.07,25.8,25.7,27.0,0,2,HIGH
558.2,0.623,11.2,43.3,57.8,11.5,98.5,34.2,3.46,39.4,45.1,53.7,0,3,CRITICAL
568.4,0.386,24.8,61.6,60.7,22.7,100.0,32.4,4.71,39.5,46.1,58.1,0,3,CRITICAL
584.8,0.005,0.7,10.3,40.0,11.4,4.3,4.2,-0.33,3.5,2.3,3.4,0,0,LOW
562.4,0.526,5.2,39.8,52.9,14.5,33.2,17.4,-0.04,17.4,16.7,16.8,0,1,MODERATE
568.9,0.374,22.5,73.9,60.6,10.3,100.0,31.7,4.53,38.6,44.7,59.6,0,3,CRITICAL
573.9,0.258,40.6,116.6,89.0,19.2,100.0,30.7,5.04,38.3,46.1,60.0,0,3,CRITICAL
557.7,0.635,12.9,24.5,46.0,14.5,71.6,26.1,0.05,26.5,25.4,25.3,0,2,HIGH
559.7,0.588,13.7,60.3,55.3,19.0,69.8,24.9,-0.06,24.5,24.2,25.7,0,2,HIGH
562.0,0.535,2.0,21.6,43.7,10.6,14.4,9.0,-0.28,8.3,8.8,7.9,0,0,LOW
549.6,0.823,10.7,66.0,62.7,10.3,100.0,38.0,3.54,43.4,49.4,60.0,0,3,CRITICAL
559.5,0.593,13.7,50.7,47.2,24.1,47.0,21.2,-0.04,20.8,21.5,22.5,0,1,MODERATE
564.4,0.479,5.0,50.6,63.9,13.8,40.5,19.2,-0.16,18.6,19.3,17.7,0,1,MODERATE
567.1,0.416,5.6,40.1,44.8,16.3,26.9,10.6,-0.18,10.8,9.9,8.7,0,0,LOW
567.3,0.412,8.5,31.9,54.9,14.7,55.6,19.4,0.18,20.1,20.7,22.0,0,1,MODERATE
557.6,0.637,0.4,33.8,37.3,24.5,1.1,9.6,0.11,9.9,10.8,10.9,0,0,LOW
575.9,0.212,7.0,33.2,42.8,24.4,21.5,8.1,0.23,8.1,9.5,10.7,0,0,LOW
558.7,0.612,4.3,27.1,53.1,13.8,29.0,13.1,0.18,13.1,13.1,15.5,0,1,MODERATE
581.4,0.084,7.1,50.9,60.8,16.1,46.9,10.9,0.26,11.6,12.6,12.3,0,0,LOW
559.8,0.586,2.3,34.6,54.8,22.3,9.9,12.5,0.07,12.6,12.4,13.3,0,0,LOW
577.0,0.186,39.8,112.9,77.0,10.8,100.0,29.1,5.09,37.0,43.6,58.3,0,3,CRITICAL
569.0,0.372,16.2,30.9,38.6,17.7,61.8,23.7,0.42,24.6,25.7,26.8,0,2,HIGH
576.1,0.207,20.5,54.2,61.8,13.9,100.0,29.6,3.9,35.7,40.7,51.9,0,3,CRITICAL
549.8,0.819,28.0,110.7,93.0,13.4,100.0,38.5,6.17,47.9,57.3,75.8,0,3,CRITICAL
583.9,0.026,12.4,46.9,46.8,16.0,63.5,16.8,0.0,16.4,16.5,18.4,0,1,MODERATE
547.0,0.884,1.6,21.2,49.0,16.8,8.2,14.7,-0.3,14.5,13.2,14.3,0,1,MODERATE
575.6,0.219,13.9,42.9,44.1,22.8,47.0,16.0,0.48,16.5,17.8,18.5,0,1,MODERATE
559.6,0.591,15.9,34.4,42.4,19.3,61.1,25.8,0.14,26.2,26.1,24.8,0,2,HIGH
547.7,0.867,24.6,70.0,68.7,20.7,100.0,37.7,5.74,46.1,54.1,69.4,0,3,CRITICAL
556.3,0.667,10.2,52.4,66.1,24.1,49.0,24.1,0.16,24.6,23.7,24.1,0,2,HIGH
568.6,0.381,2.5,20.0,37.4,24.5,6.7,7.6,-0.0,7.4,7.6,9.1,0,0,LOW
579.7,0.123,6.0,21.2,41.2,12.1,35.8,9.1,-0.25,8.4,9.1,8.9,0,0,LOW
574.2,0.251,8.1,33.0,54.0,19.2,39.9,15.6,-0.08,15.3,16.1,14.5,0,1,MODERATE
584.8,0.005,18.7,51.3,62.7,19.9,100.0,27.8,2.09,30.6,33.5,38.3,0,2,HIGH
553.2,0.74,15.2,52.9,66.4,23.9,73.9,25.6,0.12,26.0,25.9,26.3,0,2,HIGH
578.4,0.153,7.9,25.4,34.6,23.0,20.8,6.1,-0.14,5.9,5.2,6.7,0,0,LOW
567.2,0.414,77.5,204.2,100.0,18.6,100.0,30.5,7.85,42.5,54.4,77.4,0,3,CRITICAL
543.1,0.974,16.8,65.7,60.7,18.9,94.4,39.0,5.54,47.0,54.8,72.3,0,3,CRITICAL
570.4,0.34,4.9,47.6,55.7,10.1,47.3,19.7,0.09,20.3,19.6,21.1,0,1,MODERATE
573.6,0.265,1.9,28.0,38.2,10.7,11.9,8.0,-0.17,7.3,6.6,8.6,0,0,LOW
558.4,0.619,3.0,12.6,45.6,23.0,10.4,8.6,0.17,8.5,9.7,8.8,0,0,LOW
574.4,0.247,5.1,16.3,38.0,16.5,20.6,10.9,-0.11,10.9,9.8,10.9,0,0,LOW
577.8,0.167,3.2,26.0,50.7,17.1,16.6,7.5,-0.08,7.6,7.9,7.4,0,0,LOW
560.7,0.565,3.7,8.6,31.1,17.0,11.8,9.1,0.09,8.9,9.4,10.1,0,0,LOW
564.6,0.474,6.0,27.5,51.9,17.2,31.7,12.5,-0.2,12.6,12.6,11.4,0,0,LOW
554.7,0.705,3.4,7.4,24.6,11.6,12.6,12.2,-0.28,11.9,11.5,9.7,0,0,LOW
553.0,0.744,40.9,74.6,59.6,19.9,100.0,33.0,5.91,41.8,49.9,68.6,0,3,CRITICAL
554.8,0.702,1.5,21.4,44.1,19.4,6.0,9.5,0.21,10.2,9.5,9.6,0,0,LOW
574.1,0.253,13.4,63.9,54.1,18.0,70.5,18.7,-0.06,18.3,18.5,19.0,0,1,MODERATE
579.4,0.13,9.5,50.2,54.8,19.3,47.2,17.2,0.01,17.4,17.6,16.9,0,1,MODERATE
555.0,0.698,72.7,102.3,73.4,10.2,100.0,37.2,9.35,50.9,65.5,92.0,0,3,CRITICAL
560.7,0.565,2.1,36.2,41.9,14.5,10.6,10.2,-0.07,9.6,9.3,8.5,0,0,LOW
572.2,0.298,9.1,43.8,59.1,18.8,50.1,15.3,0.12,15.8,14.8,14.2,0,1,MODERATE
569.1,0.37,62.8,186.2,100.0,21.1,100.0,31.0,7.28,41.7,52.8,73.2,0,3,CRITICAL
567.4,0.409,36.1,105.8,89.2,17.3,100.0,32.2,5.2,39.9,47.4,60.8,0,3,CRITICAL
580.4,0.107,30.6,76.1,67.9,24.1,100.0,26.4,4.26,32.3,38.8,50.0,0,3,CRITICAL
556.8,0.656,5.4,17.3,46.8,15.1,29.3,16.8,0.21,17.3,16.7,17.3,0,1,MODERATE
572.6,0.288,3.4,42.6,54.8,21.0,15.5,10.1,0.15,10.7,10.8,10.2,0,0,LOW
574.2,0.251,19.9,50.3,49.1,19.1,89.5,24.0,3.34,29.5,33.6,42.3,0,2,HIGH
544.0,0.953,47.7,93.9,74.1,12.4,100.0,39.4,8.04,51.0,62.6,85.8,0,3,CRITICAL
568.6,0.381,14.6,29.3,39.8,15.1,67.3,21.5,-0.08,21.8,20.8,19.8,0,1,MODERATE
571.7,0.309,15.3,57.8,63.0,23.9,70.6,22.0,0.18,22.6,21.8,21.6,0,1,MODERATE
568.3,0.388,5.9,52.4,62.7,10.6,61.1,18.6,0.1,19.1,19.7,17.9,0,1,MODERATE
554.6,0.707,26.4,70.6,70.0,11.5,100.0,35.4,4.88,42.4,50.7,63.5,0,3,CRITICAL
559.9,0.584,3.7,18.8,45.6,15.1,19.6,12.9,-0.27,12.4,12.6,10.8,0,0,LOW
570.6,0.335,7.0,40.2,48.5,13.4,44.3,17.9,-0.01,17.8,17.8,19.1,0,1,MODERATE
576.2,0.205,10.0,19.0,32.4,10.1,56.1,19.3,0.37,19.4,20.0,23.2,0,1,MODERATE
549.1,0.835,12.8,47.0,56.7,19.6,64.8,29.6,-0.11,29.6,29.7,29.5,0,2,HIGH
564.4,0.479,5.0,24.4,45.8,18.3,21.9,11.0,0.15,11.6,10.5,11.1,0,0,LOW
564.7,0.472,2.2,33.9,45.9,13.1,13.5,10.3,0.12,10.6,11.1,12.4,0,0,LOW
575.6,0.219,17.0,39.3,45.7,10.6,100.0,27.6,3.49,33.1,37.3,49.6,0,3,CRITICAL
554.2,0.716,6.1,30.3,45.6,21.4,22.7,13.2,-0.26,13.1,12.6,10.8,0,0,LOW
575.3,0.226,15.7,76.6,60.5,10.9,100.0,27.9,3.26,32.6,36.8,47.4,0,3,CRITICAL
547.4,0.874,3.0,34.5,46.3,24.7,9.8,15.8,0.25,16.2,17.3,17.7,0,1,MODERATE
564.9,0.467,11.8,39.4,45.4,21.8,43.0,18.6,0.24,19.2,19.4,19.1,0,1,MODERATE
556.1,0.672,13.7,62.1,58.3,11.5,100.0,35.3,4.52,41.7,48.0,62.9,0,3,CRITICAL
562.5,0.523,1.0,16.7,38.9,18.8,3.6,8.3,-0.14,7.9,7.9,7.2,0,0,LOW
560.9,0.56,7.4,39.5,59.2,22.4,34.2,14.1,-0.18,14.0,12.8,13.8,0,0,LOW
579.1,0.137,2.6,12.1,35.5,21.2,7.6,7.2,-0.13,7.5,7.0,6.1,0,0,LOW
547.2,0.879,1.2,4.1,25.1,15.6,3.4,15.3,-0.19,15.0,15.3,12.9,0,1,MODERATE
567.4,0.409,82.8,141.6,100.0,13.2,100.0,32.8,8.88,45.7,59.1,85.6,0,3,CRITICAL
560.0,0.581,7.0,37.4,56.7,21.7,32.0,15.8,0.17,16.2,16.8,16.8,0,1,MODERATE
561.8,0.54,29.9,75.4,75.0,14.9,100.0,34.3,5.24,42.1,49.5,64.3,0,3,CRITICAL
565.3,0.458,5.3,50.1,59.8,19.7,28.2,15.7,0.13,16.0,16.7,17.2,0,1,MODERATE
566.1,0.44,20.6,51.2,49.4,19.3,92.3,29.8,3.33,34.9,39.2,49.0,0,3,CRITICAL
580.6,0.102,25.7,73.2,60.2,10.3,100.0,28.9,3.18,33.9,39.2,47.1,0,3,CRITICAL
576.7,0.193,16.3,51.5,46.6,22.9,58.0,15.0,0.19,15.2,16.3,15.4,0,1,MODERATE
553.1,0.742,11.5,19.9,33.3,12.2,54.9,22.2,-0.12,21.8,21.7,20.3,0,1,MODERATE
568.4,0.386,9.6,17.6,30.0,15.8,31.9,12.5,0.04,12.4,12.4,13.9,0,0,LOW
547.2,0.879,7.7,41.8,52.6,17.4,40.7,23.2,-0.01,22.8,22.3,23.0,0,2,HIGH
559.5,0.593,47.7,110.5,79.9,23.3,100.0,31.7,7.24,42.7,52.9,73.9,0,3,CRITICAL
575.8,0.214,32.0,70.3,56.8,19.5,100.0,26.8,5.05,34.2,42.9,57.1,0,3,CRITICAL
565.1,0.463,60.4,149.9,100.0,10.0,100.0,31.3,7.73,42.7,55.4,74.3,0,3,CRITICAL
582.1,0.067,2.4,28.6,51.1,15.7,13.7,4.3,0.03,4.4,4.4,2.8,0,0,LOW
573.8,0.26,23.6,61.6,58.7,11.8,100.0,27.0,3.87,32.6,38.5,49.8,0,3,CRITICAL
583.2,0.042,50.2,113.1,83.4,13.9,100.0,28.0,5.3,35.7,44.9,58.2,0,3,CRITICAL
561.8,0.54,3.6,8.4,38.0,19.7,12.2,7.5,-0.04,7.8,7.7,7.0,0,0,LOW
580.5,0.105,1.2,33.3,47.4,21.8,4.6,4.3,-0.33,3.3,4.0,3.0,0,0,LOW
570.9,0.328,24.3,75.4,74.2,15.4,100.0,28.0,4.42,34.8,40.3,53.5,0,3,CRITICAL
582.3,0.063,15.4,38.3,39.5,14.2,75.0,23.0,0.12,22.8,23.6,23.0,0,2,HIGH
572.9,0.281,33.2,72.0,63.3,14.2,100.0,31.8,4.92,38.9,46.0,61.5,0,3,CRITICAL
559.0,0.605,2.7,29.8,44.8,18.3,11.6,12.1,-0.01,12.3,12.2,10.5,0,0,LOW
547.5,0.872,28.5,47.6,55.2,13.4,100.0,36.6,6.13,45.5,55.3,73.9,0,3,CRITICAL
571.8,0.307,4.1,18.5,40.5,16.8,17.3,11.6,0.07,12.1,10.9,13.6,0,0,LOW
560.6,0.567,3.2,19.9,43.6,17.0,14.4,10.6,0.12,11.2,10.4,10.5,0,0,LOW
560.1,0.579,3.2,6.3,27.0,11.2,13.5,11.8,-0.32,11.6,11.8,9.7,0,0,LOW
545.2,0.926,30.3,55.1,53.8,19.4,100.0,34.7,5.96,43.9,52.8,69.7,0,3,CRITICAL
556.4,0.665,19.7,35.8,42.7,15.1,97.5,30.7,4.24,37.4,44.3,56.3,0,3,CRITICAL
568.6,0.381,13.3,57.2,60.2,11.3,100.0,27.9,2.57,31.6,36.3,41.2,0,3,CRITICAL
547.5,0.872,8.0,39.0,45.5,19.4,32.8,17.1,0.17,17.4,17.2,17.7,0,1,MODERATE
546.1,0.905,37.7,99.9,81.9,19.9,100.0,33.9,6.35,43.7,53.7,71.2,0,3,CRITICAL
556.6,0.66,9.0,55.6,56.9,14.9,60.1,22.1,-0.16,22.0,20.8,22.2,0,1,MODERATE
550.3,0.807,30.5,90.1,70.2,16.3,100.0,37.0,5.62,45.2,54.5,68.0,0,3,CRITICAL
555.4,0.688,10.4,58.1,64.1,14.7,79.4,31.4,4.22,37.4,43.7,55.3,0,3,CRITICAL
557.9,0.63,8.5,33.8,50.5,10.9,68.9,25.8,0.27,26.6,26.5,26.3,0,2,HIGH
550.6,0.8,11.2,61.1,57.4,20.0,56.3,25.8,0.41,26.5,26.7,28.5,0,2,HIGH
583.4,0.037,6.5,31.0,38.7,16.8,26.2,9.7,-0.24,9.1,8.0,7.3,0,0,LOW
551.9,0.77,24.8,64.1,66.7,24.3,100.0,34.2,5.52,42.2,50.1,68.0,0,3,CRITICAL
557.6,0.637,12.6,17.8,31.2,14.4,47.8,18.8,0.2,19.4,18.5,18.3,0,1,MODERATE
550.5,0.802,4.8,42.5,55.6,15.1,30.9,18.7,-0.2,17.9,18.8,19.0,0,1,MODERATE
542.9,0.979,41.4,109.7,90.6,11.7,100.0,40.4,6.72,50.2,61.2,80.0,0,3,CRITICAL
582.5,0.058,8.7,63.9,69.6,23.2,45.7,10.5,-0.14,10.7,10.7,8.6,0,0,LOW
558.3,0.621,14.1,49.3,64.2,13.7,100.0,30.7,4.1,36.5,43.1,55.5,0,3,CRITICAL
556.1,0.672,42.7,86.7,80.8,22.8,100.0,36.9,6.92,47.0,56.8,76.9,0,3,CRITICAL
570.5,0.337,17.6,43.3,56.7,19.7,88.6,27.3,3.5,32.5,37.4,47.1,0,3,CRITICAL
571.9,0.305,2.2,25.0,37.9,16.0,9.1,9.5,-0.01,9.0,8.9,8.4,0,0,LOW
579.1,0.137,50.6,105.0,90.3,18.6,100.0,30.3,5.45,38.5,45.9,60.4,0,3,CRITICAL
561.1,0.556,17.8,54.7,56.7,19.3,91.5,30.1,4.01,36.0,42.7,52.7,0,3,CRITICAL
558.4,0.619,7.3,20.2,43.0,15.4,35.7,14.8,0.25,15.2,15.8,17.3,0,1,MODERATE
581.8,0.074,2.7,6.5,24.0,13.0,8.7,3.0,-0.15,2.6,3.2,2.8,0,0,LOW
553.8,0.726,28.4,106.1,93.0,21.3,100.0,36.1,5.95,44.5,53.5,71.8,0,3,CRITICAL
575.7,0.216,17.4,48.4,55.8,19.8,85.8,24.9,3.2,30.0,33.8,43.1,0,2,HIGH
551.8,0.772,13.7,51.8,56.2,21.8,61.8,27.3,0.31,27.7,28.8,28.4,0,2,HIGH
550.1,0.812,40.4,126.2,87.3,16.7,100.0,36.1,6.32,45.7,54.3,74.4,0,3,CRITICAL
542.4,0.991,28.0,103.3,78.4,16.3,100.0,39.0,5.82,48.0,56.5,72.1,0,3,CRITICAL
543.0,0.977,3.0,44.3,45.2,24.3,9.8,14.2,0.04,14.4,14.5,15.8,0,1,MODERATE
584.1,0.021,6.7,25.9,43.6,12.8,39.9,8.9,0.08,9.0,9.9,7.9,0,0,LOW
546.5,0.895,5.1,11.9,39.7,17.3,20.5,15.0,-0.26,15.1,13.8,12.5,0,1,MODERATE
570.4,0.34,24.5,34.4,47.6,12.6,100.0,32.2,3.93,37.8,43.2,55.1,0,3,CRITICAL
562.6,0.521,0.6,39.0,56.8,11.9,5.0,6.7,-0.13,6.7,6.3,6.3,0,0,LOW
582.4,0.06,15.2,52.6,60.0,14.1,100.0,23.8,2.08,26.5,29.8,37.0,0,2,HIGH
564.6,0.474,25.9,104.0,81.2,18.6,100.0,33.1,4.19,39.8,45.6,58.1,0,3,CRITICAL
572.6,0.288,37.7,87.7,80.0,12.6,100.0,28.0,5.59,36.6,44.7,61.9,0,3,CRITICAL
549.9,0.816,7.5,31.6,54.7,13.6,52.8,26.2,-0.09,26.2,25.5,27.2,0,2,HIGH
572.0,0.302,31.0,81.7,70.7,24.9,100.0,29.9,5.23,37.3,44.8,61.2,0,3,CRITICAL
556.0,0.674,2.1,14.1,37.2,16.9,8.1,8.6,0.06,8.9,8.5,9.8,0,0,LOW
578.8,0.144,33.7,62.3,53.4,23.8,100.0,26.7,4.68,33.7,39.9,54.0,0,3,CRITICAL
552.4,0.758,2.5,12.4,42.6,22.6,8.2,10.2,-0.34,9.3,8.8,8.4,0,0,LOW
558.8,0.609,9.1,42.6,54.8,12.3,71.0,25.2,-0.09,24.6,25.3,23.7,0,2,HIGH
572.0,0.302,28.7,105.3,85.5,20.7,100.0,32.0,4.14,38.0,43.5,54.2,0,3,CRITICAL
575.2,0.228,2.9,44.2,49.6,13.6,18.5,5.9,-0.09,6.3,5.3,4.3,0,0,LOW
570.8,0.33,4.7,42.6,57.2,22.5,20.9,8.2,-0.21,7.8,6.8,6.4,0,0,LOW
566.2,0.437,23.1,43.0,52.3,24.1,87.7,25.9,3.76,31.4,36.5,47.4,0,3,CRITICAL
555.6,0.684,22.9,60.1,51.4,22.2,92.8,33.3,4.59,39.8,46.5,59.2,0,3,CRITICAL
567.8,0.4,18.4,55.1,58.3,24.9,75.4,26.8,3.23,32.1,36.7,47.3,0,3,CRITICAL
571.9,0.305,21.3,87.6,77.7,15.0,100.0,30.5,4.29,36.8,44.1,55.3,0,3,CRITICAL
556.4,0.665,14.1,54.0,54.6,19.6,68.7,24.6,0.23,25.4,24.8,26.4,0,2,HIGH
580.6,0.102,5.2,38.3,54.3,19.3,25.6,6.0,-0.07,5.7,5.1,4.5,0,0,LOW
543.6,0.963,7.6,44.3,61.1,21.1,38.5,21.2,-0.08,21.2,21.5,20.8,0,1,MODERATE
584.0,0.023,3.6,19.6,30.3,22.7,8.4,3.0,-0.18,2.8,3.3,2.6,0,0,LOW
552.7,0.751,43.0,127.7,96.0,15.7,100.0,33.9,6.48,43.1,54.1,69.9,0,3,CRITICAL
550.3,0.807,15.8,40.7,44.4,11.4,100.0,36.2,5.03,44.2,50.8,63.9,0,3,CRITICAL
573.2,0.274,9.2,44.5,47.1,12.6,60.2,17.8,-0.04,17.7,18.0,16.7,0,1,MODERATE
575.6,0.219,11.2,53.8,54.9,12.5,86.1,24.8,2.7,29.1,33.4,41.6,0,2,HIGH
576.1,0.207,53.0,80.5,77.3,21.4,100.0,31.0,6.15,39.9,49.9,65.8,0,3,CRITICAL
561.9,0.537,3.0,20.8,42.5,11.1,20.1,10.3,-0.06,9.9,9.5,8.2,0,0,LOW
563.5,0.5,15.9,57.2,67.1,24.1,77.5,29.2,3.58,34.6,40.2,50.3,0,3,CRITICAL
559.6,0.591,12.7,52.9,54.1,18.5,65.0,22.5,0.12,22.4,23.7,24.0,0,2,HIGH
563.9,0.491,17.0,61.2,64.5,19.8,96.9,33.7,4.19,39.7,45.3,59.1,0,3,CRITICAL
569.1,0.37,0.3,28.6,47.2,13.9,1.8,5.6,0.01,5.4,5.8,7.3,0,0,LOW
578.2,0.158,37.0,76.0,70.9,23.8,100.0,27.3,4.73,34.8,41.5,53.6,0,3,CRITICAL
560.2,0.577,48.4,132.5,92.3,24.5,100.0,33.9,6.39,43.3,52.9,72.3,0,3,CRITICAL
573.3,0.272,15.0,45.6,58.3,15.2,100.0,27.1,3.5,32.8,37.4,46.7,0,3,CRITICAL
584.4,0.014,21.5,53.9,48.3,20.4,89.1,23.6,3.24,28.7,32.7,41.9,0,2,HIGH
572.3,0.295,46.0,77.1,77.5,16.8,100.0,31.4,5.2,38.8,46.4,62.5,0,3,CRITICAL
553.2,0.74,22.1,74.8,69.9,19.4,100.0,37.1,4.37,43.4,50.0,61.6,0,3,CRITICAL
556.7,0.658,3.0,25.5,46.2,11.5,21.1,11.5,0.11,11.2,12.0,13.9,0,0,LOW
546.2,0.902,15.5,31.8,48.0,24.8,52.5,26.5,0.47,27.2,27.6,29.0,0,2,HIGH
557.9,0.63,16.8,84.1,78.4,24.1,95.6,33.5,3.99,39.0,45.2,56.0,0,3,CRITICAL
546.3,0.9,9.9,47.0,58.0,23.3,43.1,20.4,0.16,21.0,20.4,22.0,0,1,MODERATE
577.0,0.186,24.0,67.7,67.0,17.1,100.0,27.7,3.17,32.9,38.1,47.2,0,3,CRITICAL
542.7,0.984,49.0,88.9,80.6,14.9,100.0,37.5,7.79,49.1,61.1,81.2,0,3,CRITICAL
560.4,0.572,46.8,163.1,100.0,22.9,100.0,35.3,6.78,45.3,55.0,73.3,0,3,CRITICAL
564.4,0.479,10.8,57.1,58.6,11.9,93.1,31.8,3.01,36.5,40.9,50.6,0,3,CRITICAL
549.2,0.833,2.2,8.8,37.7,13.6,10.7,11.9,0.1,12.2,11.4,12.2,0,0,LOW
572.8,0.284,75.4,147.0,100.0,21.5,100.0,27.7,7.63,39.1,51.4,70.6,0,3,CRITICAL
547.8,0.865,32.9,96.6,70.1,20.4,100.0,38.6,6.69,48.9,58.9,77.9,0,3,CRITICAL
558.2,0.623,2.4,35.1,45.2,19.6,9.7,11.3,0.16,11.8,11.2,10.8,0,0,LOW
545.8,0.912,45.7,91.0,84.2,21.2,100.0,34.6,6.99,45.4,56.5,75.4,0,3,CRITICAL
542.1,0.998,36.7,69.1,71.5,24.7,100.0,36.9,6.48,46.8,56.9,74.6,0,3,CRITICAL
567.9,0.398,13.2,36.3,48.9,16.9,66.8,20.3,0.43,21.3,21.6,22.6,0,1,MODERATE
567.9,0.398,16.1,49.7,60.9,20.5,83.7,27.3,3.25,32.7,36.3,47.9,0,3,CRITICAL
572.4,0.293,9.2,51.2,55.5,20.6,43.4,14.6,0.37,15.0,16.4,15.7,0,1,MODERATE
573.5,0.267,1.0,30.5,36.3,23.0,2.8,3.0,-0.09,2.8,3.7,3.1,0,0,LOW
578.5,0.151,7.3,42.3,47.9,20.2,30.3,13.3,0.2,13.5,14.0,13.7,0,1,MODERATE
571.9,0.305,29.2,78.4,67.1,12.0,100.0,31.2,4.47,38.2,45.3,57.9,0,3,CRITICAL
561.7,0.542,0.1,5.6,36.7,14.4,0.4,5.5,-0.27,5.3,5.2,2.2,0,0,LOW
573.2,0.274,7.3,42.6,61.1,12.2,64.0,23.0,0.0,23.3,23.9,21.5,0,2,HIGH
583.9,0.026,9.1,15.6,47.4,19.8,38.1,11.4,0.36,12.1,12.3,11.8,0,0,LOW
552.4,0.758,13.9,55.1,66.6,19.8,81.8,29.8,4.55,36.9,43.8,57.2,0,3,CRITICAL
579.2,0.135,45.4,112.7,89.4,15.5,100.0,25.3,4.59,32.2,39.4,52.0,0,3,CRITICAL
543.0,0.977,7.7,39.2,45.1,21.2,28.7,21.7,-0.14,21.5,21.6,20.6,0,1,MODERATE
566.6,0.428,7.7,13.0,44.7,21.9,27.5,11.1,0.24,11.0,11.9,12.6,0,0,LOW
576.9,0.188,24.1,68.5,65.9,20.7,100.0,30.0,3.09,34.9,40.2,49.4,0,3,CRITICAL
549.8,0.819,10.8,30.5,46.3,22.0,39.8,18.5,-0.11,18.0,17.5,18.1,0,1,MODERATE
578.6,0.149,4.6,45.0,52.6,15.5,27.3,9.9,-0.05,10.3,8.8,8.9,0,0,LOW
582.7,0.053,10.8,53.2,59.8,16.7,67.7,19.0,0.23,19.4,20.7,19.8,0,1,MODERATE
565.1,0.463,2.7,8.1,40.4,13.6,14.0,8.2,-0.17,8.3,8.6,7.6,0,0,LOW
551.3,0.784,3.5,11.4,38.1,11.1,21.0,14.2,-0.1,14.5,13.7,12.1,0,1,MODERATE
552.9,0.747,12.4,51.1,56.3,11.1,100.0,36.4,4.85,43.9,50.3,64.1,0,3,CRITICAL
570.3,0.342,9.8,48.8,52.8,12.3,73.6,26.5,0.06,26.1,26.9,25.3,0,2,HIGH
547.4,0.874,44.3,82.9,62.8,19.6,100.0,35.7,6.73,45.6,56.6,73.7,0,3,CRITICAL
542.4,0.991,8.1,53.4,54.3,11.6,66.4,32.0,-0.13,32.0,31.2,32.4,0,2,HIGH
563.1,0.509,15.6,59.9,67.3,18.3,100.0,32.8,4.37,39.0,46.8,57.7,0,3,CRITICAL
556.8,0.656,18.0,81.7,71.5,18.9,100.0,36.0,4.29,42.1,47.9,60.9,0,3,CRITICAL
548.7,0.844,0.2,15.4,42.4,10.8,1.4,12.8,0.19,13.3,12.9,14.3,0,0,LOW
572.4,0.293,19.6,68.7,70.3,17.5,100.0,28.2,3.44,33.8,39.3,49.3,0,3,CRITICAL
555.1,0.695,3.5,46.9,51.6,14.7,21.5,12.3,-0.28,12.1,12.3,9.5,0,0,LOW
544.5,0.942,58.4,161.7,100.0,23.1,100.0,40.1,8.16,52.3,65.0,87.4,0,3,CRITICAL
564.1,0.486,2.9,43.6,55.8,16.1,17.6,11.9,0.2,12.4,12.9,13.8,0,0,LOW
574.2,0.251,9.6,44.8,61.4,22.4,46.1,17.8,0.11,18.1,18.3,20.1,0,1,MODERATE
571.0,0.326,1.6,25.1,37.1,11.1,9.4,9.3,-0.06,9.7,9.0,8.5,0,0,LOW
558.1,0.626,103.8,179.9,100.0,18.1,100.0,35.1,10.54,50.7,66.3,95.2,0,3,CRITICAL
573.7,0.263,12.6,35.3,43.7,24.0,40.1,15.0,0.35,15.1,16.0,17.5,0,1,MODERATE
563.0,0.512,16.3,53.5,53.3,15.3,99.4,29.0,4.42,35.3,42.0,53.2,0,3,CRITICAL
563.2,0.507,1.2,22.2,34.2,11.9,6.0,8.5,-0.28,8.2,7.1,6.5,0,0,LOW
554.9,0.7,25.0,54.4,63.4,11.6,100.0,34.0,5.51,41.9,50.2,65.7,0,3,CRITICAL
557.4,0.642,4.2,18.8,33.2,10.6,23.0,13.8,0.13,14.4,13.5,13.5,0,1,MODERATE
562.6,0.521,41.1,103.7,80.3,18.3,100.0,34.1,6.16,43.2,53.1,71.2,0,3,CRITICAL
563.6,0.498,4.1,44.7,50.1,11.6,31.0,12.4,-0.31,11.6,11.5,11.6,0,0,LOW
552.2,0.763,3.8,22.4,50.7,21.1,16.0,13.8,-0.15,13.6,13.9,12.0,0,1,MODERATE
548.6,0.847,0.7,11.4,41.0,23.0,2.2,14.7,-0.24,14.7,13.4,14.1,0,1,MODERATE
576.8,0.191,11.5,46.8,47.0,24.9,38.0,13.3,0.21,13.3,13.2,12.9,0,1,MODERATE
584.6,0.009,15.0,57.4,61.0,11.4,100.0,23.4,2.33,26.7,30.7,35.9,0,2,HIGH
556.5,0.663,1.2,22.8,44.3,14.6,6.4,9.2,-0.21,8.7,8.4,7.3,0,0,LOW
544.0,0.953,26.9,36.1,52.9,13.2,100.0,37.3,6.4,46.5,55.9,76.0,0,3,CRITICAL
557.6,0.637,10.9,22.3,31.4,18.3,32.7,19.0,0.02,19.3,18.8,20.1,0,1,MODERATE
564.7,0.472,13.4,50.1,49.3,15.8,73.2,27.3,-0.05,27.5,26.4,27.3,0,2,HIGH
581.2,0.088,10.5,31.2,49.7,23.9,38.2,9.1,0.14,9.2,10.0,11.7,0,0,LOW
550.7,0.798,9.2,23.4,35.5,18.3,31.2,16.9,0.31,17.7,18.6,20.4,0,1,MODERATE
580.5,0.105,14.8,57.1,66.8,11.0,100.0,26.8,3.34,31.8,35.9,46.5,0,3,CRITICAL
572.0,0.302,3.0,6.0,34.3,21.9,8.2,7.8,0.1,7.8,8.5,9.7,0,0,LOW
583.8,0.028,3.6,35.3,45.3,21.7,13.2,4.0,-0.17,3.4,2.8,2.0,0,0,LOW
572.0,0.302,35.6,124.4,91.3,20.6,100.0,29.8,4.56,36.4,43.9,56.4,0,3,CRITICAL
549.4,0.828,52.6,76.5,59.0,12.2,100.0,38.2,8.17,50.2,63.3,86.1,0,3,CRITICAL
552.7,0.751,8.4,42.5,41.3,15.2,39.9,20.6,-0.01,20.2,21.0,20.7,0,1,MODERATE
573.0,0.279,5.7,35.0,44.0,10.9,40.3,16.3,0.21,16.3,17.9,16.4,0,1,MODERATE
583.8,0.028,18.6,77.5,74.3,21.7,100.0,24.0,3.18,28.7,33.8,43.8,0,2,HIGH
569.3,0.365,9.5,52.4,50.6,14.0,60.1,20.9,0.27,21.6,21.0,21.5,0,1,MODERATE
573.2,0.274,0.5,37.0,40.4,12.7,2.8,3.1,0.13,3.0,3.5,4.7,0,0,LOW
569.8,0.353,3.1,10.3,28.7,15.9,9.8,8.3,-0.3,7.4,6.9,8.0,0,0,LOW
583.7,0.03,22.7,52.0,60.5,22.1,100.0,27.0,2.96,31.0,36.5,45.1,0,3,CRITICAL
569.7,0.356,19.4,34.6,39.0,12.1,100.0,31.0,2.96,35.9,40.8,46.8,0,3,CRITICAL
573.7,0.263,0.5,29.2,38.6,17.2,2.0,5.0,-0.12,4.5,4.3,3.1,0,0,LOW
544.4,0.944,4.5,35.5,40.2,22.4,14.1,13.5,-0.13,13.3,13.8,11.5,0,1,MODERATE
581.2,0.088,4.7,22.9,34.4,19.8,14.3,4.0,0.22,4.2,5.4,6.4,0,0,LOW
546.8,0.888,20.1,34.0,39.0,24.3,56.5,24.9,0.37,25.1,26.9,28.6,0,2,HIGH
580.5,0.105,0.4,8.0,34.6,19.0,1.3,3.7,-0.3,3.4,2.4,3.1,0,0,LOW
557.0,0.651,2.0,39.4,52.9,24.0,7.7,12.6,0.07,12.3,11.8,14.6,0,0,LOW
548.4,0.851,29.0,78.0,66.8,20.8,100.0,37.9,5.67,46.0,55.1,72.4,0,3,CRITICAL
554.0,0.721,3.5,44.5,45.9,15.8,17.8,13.0,-0.08,13.1,12.6,13.6,0,0,LOW
556.3,0.667,19.0,73.3,61.6,16.3,100.0,34.0,4.49,40.8,48.1,59.6,0,3,CRITICAL
567.0,0.419,4.9,32.3,50.0,21.2,20.2,12.3,-0.16,11.6,12.8,9.6,0,0,LOW
566.0,0.442,1.9,42.0,42.2,15.2,9.2,10.7,0.16,11.3,10.8,10.3,0,0,LOW
578.7,0.147,5.0,50.3,50.0,22.4,19.5,5.0,-0.22,5.1,4.7,3.3,0,0,LOW
543.1,0.974,23.1,78.3,73.2,19.9,100.0,35.1,6.04,44.5,52.3,69.6,0,3,CRITICAL
545.4,0.921,34.8,68.8,70.7,12.2,100.0,35.1,6.7,45.4,55.6,73.2,0,3,CRITICAL
559.7,0.588,31.9,86.8,77.3,14.3,100.0,31.0,5.84,39.3,49.0,64.9,0,3,CRITICAL
542.5,0.988,9.1,50.2,62.6,18.3,54.5,28.5,0.33,29.0,29.9,30.1,0,2,HIGH
548.7,0.844,19.9,75.7,77.4,11.9,100.0,34.4,5.13,41.8,49.2,65.0,0,3,CRITICAL
566.0,0.442,4.1,43.1,50.9,14.7,24.8,13.4,0.18,13.3,14.5,15.0,0,1,MODERATE
550.4,0.805,6.2,11.6,37.9,22.7,18.1,12.3,-0.11,12.2,11.1,12.0,0,0,LOW
574.5,0.244,40.8,91.2,78.4,10.5,100.0,27.5,5.84,36.3,45.1,62.4,0,3,CRITICAL
544.0,0.953,0.2,38.1,39.2,15.3,0.9,11.4,-0.16,10.9,11.4,11.3,0,0,LOW
583.9,0.026,1.6,7.6,31.9,21.1,4.2,3.0,0.12,2.8,3.5,3.3,0,0,LOW
567.2,0.414,4.2,22.4,34.2,16.9,14.9,12.0,-0.26,11.8,12.0,11.6,0,0,LOW
570.1,0.347,0.5,7.7,43.1,17.7,2.1,7.1,0.0,7.5,6.8,8.1,0,0,LOW
556.6,0.66,3.6,40.6,48.9,23.4,13.2,13.9,-0.1,13.5,13.8,11.8,0,1,MODERATE
548.6,0.847,15.7,54.5,63.3,12.1,100.0,38.4,4.69,45.9,53.0,64.1,0,3,CRITICAL
546.0,0.907,9.8,54.0,50.2,14.2,60.6,26.2,-0.15,25.7,26.3,24.5,0,2,HIGH
562.4,0.526,40.2,99.8,82.9,12.1,100.0,30.1,5.88,38.5,48.5,63.8,0,3,CRITICAL
578.9,0.142,30.6,86.8,70.7,22.7,100.0,30.4,3.86,36.4,42.0,51.9,0,3,CRITICAL
579.6,0.126,7.5,42.0,53.9,21.1,33.5,9.4,0.24,9.3,10.8,10.0,0,0,LOW
548.8,0.842,5.4,12.8,34.2,16.9,19.1,13.4,-0.01,13.5,14.2,13.2,0,1,MODERATE
545.7,0.914,8.6,57.1,67.0,21.5,46.9,21.9,-0.03,21.7,22.8,21.7,0,2,HIGH
572.2,0.298,16.1,42.7,42.1,12.3,96.4,28.5,3.49,33.6,38.0,49.1,0,3,CRITICAL
558.4,0.619,5.6,29.6,43.4,17.1,24.9,12.0,0.23,12.8,13.1,12.5,0,1,MODERATE
569.3,0.365,17.6,26.2,41.2,14.5,87.5,28.5,4.13,34.7,41.2,51.6,0,3,CRITICAL
577.7,0.17,9.5,48.9,51.3,21.3,40.0,11.0,-0.0,10.9,11.0,11.7,0,0,LOW
548.9,0.84,14.5,47.8,57.8,15.8,92.8,31.3,4.93,38.8,45.2,60.5,0,3,CRITICAL
568.5,0.384,10.3,57.1,67.3,21.1,57.5,21.4,-0.0,21.1,21.3,20.1,0,1,MODERATE
579.2,0.135,6.3,47.5,51.9,17.8,32.1,7.7,-0.0,8.0,7.0,7.5,0,0,LOW
583.7,0.03,53.4,81.2,80.2,16.3,100.0,26.6,5.1,34.1,41.6,57.8,0,3,CRITICAL
583.8,0.028,26.0,55.8,64.2,10.2,100.0,28.7,3.4,34.2,39.3,49.0,0,3,CRITICAL
561.6,0.544,2.7,19.1,40.4,17.8,10.7,11.8,-0.28,11.1,10.8,9.0,0,0,LOW
567.6,0.405,36.5,90.8,82.3,20.3,100.0,30.5,4.86,37.9,45.9,60.0,0,3,CRITICAL
584.8,0.005,12.0,34.0,50.0,19.2,54.7,14.2,0.14,14.7,15.5,13.6,0,1,MODERATE
561.1,0.556,40.5,87.6,69.6,16.3,100.0,31.0,5.81,39.6,47.8,64.6,0,3,CRITICAL
547.4,0.874,29.0,116.3,86.4,22.3,100.0,37.7,6.12,46.4,55.8,72.2,0,3,CRITICAL
554.2,0.716,10.0,36.7,55.1,21.9,44.0,20.1,-0.06,20.4,19.7,18.0,0,1,MODERATE
548.6,0.847,0.4,33.4,53.1,19.0,2.0,10.7,0.18,11.5,10.7,13.4,0,0,LOW
550.3,0.807,5.6,45.6,58.8,18.7,30.8,16.2,0.09,16.8,15.8,18.2,0,1,MODERATE
564.2,0.484,14.0,30.6,51.3,17.6,71.4,25.4,0.35,26.3,26.7,26.6,0,2,HIGH
565.8,0.447,18.1,57.3,50.5,16.6,96.4,31.2,3.95,36.7,43.5,55.6,0,3,CRITICAL
545.4,0.921,5.4,39.5,42.4,16.8,23.8,18.8,-0.08,18.4,19.4,17.6,0,1,MODERATE
565.0,0.465,2.7,35.5,53.5,21.6,11.7,10.5,-0.18,10.7,10.2,10.0,0,0,LOW
566.9,0.421,32.4,62.6,63.2,11.6,100.0,29.7,5.49,37.5,46.2,61.0,0,3,CRITICAL
578.0,0.163,74.9,156.4,98.6,11.1,100.0,30.7,7.01,41.4,51.5,70.7,0,3,CRITICAL
581.1,0.091,13.4,40.6,40.5,12.7,74.8,21.2,0.23,21.1,22.8,24.3,0,2,HIGH
562.8,0.516,3.4,29.3,37.8,21.1,10.7,12.4,-0.22,11.6,10.8,11.2,0,0,LOW
548.6,0.847,5.7,19.3,34.0,14.9,22.8,15.2,0.15,15.9,15.2,16.0,0,1,MODERATE
583.0,0.047,0.3,22.6,37.2,21.2,0.9,3.0,-0.09,2.8,2.1,1.3,0,0,LOW
571.5,0.314,44.2,127.0,91.4,18.8,100.0,31.4,5.29,39.6,48.2,62.0,0,3,CRITICAL
580.0,0.116,2.3,34.2,53.4,19.3,11.1,5.8,-0.1,5.7,5.2,5.7,0,0,LOW
544.8,0.935,15.5,24.1,42.3,18.8,61.0,26.2,0.41,27.0,28.4,28.0,0,2,HIGH
543.3,0.97,5.8,21.5,46.6,15.4,30.7,17.7,0.11,17.7,18.6,17.0,0,1,MODERATE
555.7,0.681,14.5,30.8,44.7,21.9,51.8,24.5,0.23,24.7,25.4,25.9,0,2,HIGH
546.4,0.898,19.0,55.6,65.5,22.9,95.1,33.0,5.6,41.3,50.3,64.8,0,3,CRITICAL
555.8,0.679,31.9,80.5,70.2,24.9,100.0,33.7,4.94,40.8,48.2,61.9,0,3,CRITICAL
566.8,0.423,4.2,32.7,53.5,24.8,15.9,12.5,-0.15,12.6,11.9,13.1,0,0,LOW
581.5,0.081,0.2,26.0,34.4,11.4,1.1,4.1,0.04,3.9,4.7,4.0,0,0,LOW
565.9,0.444,2.6,28.9,42.3,20.4,9.4,8.4,0.16,9.1,8.1,8.9,0,0,LOW
568.6,0.381,41.4,53.5,47.0,11.6,100.0,29.5,5.8,38.1,46.2,62.0,0,3,CRITICAL
580.8,0.098,37.3,102.9,91.2,24.0,100.0,29.4,4.12,35.9,41.0,54.9,0,3,CRITICAL
545.2,0.926,16.4,52.8,62.6,14.0,100.0,35.1,4.33,41.6,47.3,61.5,0,3,CRITICAL
574.4,0.247,16.5,81.9,69.2,16.7,100.0,26.7,3.23,31.6,36.7,47.1,0,3,CRITICAL
555.8,0.679,19.7,55.7,53.1,14.4,100.0,31.6,4.61,38.9,45.7,59.2,0,3,CRITICAL
550.9,0.793,3.5,43.5,43.0,10.2,25.8,15.3,0.16,15.2,15.0,15.2,0,1,MODERATE
567.4,0.409,44.2,124.7,97.6,14.7,100.0,30.6,5.29,38.5,47.3,60.3,0,3,CRITICAL
557.6,0.637,9.8,61.8,61.2,21.7,48.4,18.9,-0.04,18.5,18.4,20.0,0,1,MODERATE
569.9,0.351,8.7,47.5,58.7,13.6,65.7,24.0,-0.11,23.4,24.0,23.2,0,2,HIGH
553.4,0.735,13.2,38.8,48.0,12.3,90.1,32.4,4.16,38.2,44.4,55.1,0,3,CRITICAL
569.9,0.351,0.9,19.0,35.4,16.0,3.5,6.7,-0.06,6.6,6.4,7.0,0,0,LOW
569.8,0.353,3.3,17.8,30.0,10.5,16.5,8.0,-0.29,7.2,6.6,6.8,0,0,LOW
572.8,0.284,24.1,48.1,58.7,23.2,100.0,28.0,3.45,33.5,38.0,47.2,0,3,CRITICAL
567.6,0.405,1.6,7.6,33.9,20.5,4.6,6.9,-0.18,7.0,5.8,5.2,0,0,LOW
545.0,0.93,16.6,60.9,53.3,10.2,100.0,37.0,4.65,43.7,50.5,62.4,0,3,CRITICAL
571.2,0.321,5.1,36.8,57.8,18.7,27.6,11.7,-0.15,11.1,11.9,11.1,0,0,LOW
584.6,0.009,8.9,43.6,45.1,12.2,57.6,13.1,-0.04,13.3,12.9,13.7,0,0,LOW
584.6,0.009,6.1,29.3,41.9,10.2,43.9,11.2,0.15,11.8,12.2,13.4,0,0,LOW
580.8,0.098,7.9,21.5,44.5,20.9,29.4,6.6,0.35,7.5,8.0,7.3,0,0,LOW
563.4,0.502,22.9,66.1,72.5,15.4,100.0,33.5,3.88,39.8,45.4,57.7,0,3,CRITICAL
579.7,0.123,6.3,50.4,54.2,24.4,24.5,8.8,-0.11,8.8,9.2,7.8,0,0,LOW
559.9,0.584,15.0,54.2,47.9,17.8,70.6,24.7,0.27,25.0,25.4,28.0,0,2,HIGH
576.1,0.207,11.6,58.1,59.0,20.3,59.0,18.0,-0.08,18.3,18.0,18.1,0,1,MODERATE
555.1,0.695,19.6,64.6,52.6,10.6,100.0,33.0,4.7,39.6,46.7,60.0,0,3,CRITICAL
570.4,0.34,49.7,69.7,61.9,14.2,100.0,32.2,6.32,41.9,50.5,67.4,0,3,CRITICAL
553.6,0.73,23.7,74.1,68.8,11.2,100.0,33.1,4.93,40.3,48.5,62.2,0,3,CRITICAL
560.2,0.577,4.4,16.0,33.2,14.5,17.6,11.2,0.03,11.4,10.9,11.7,0,0,LOW
571.4,0.316,0.6,6.3,34.2,14.5,2.5,3.0,-0.05,3.1,2.9,2.3,0,0,LOW
579.7,0.123,5.5,16.0,36.8,14.7,24.1,11.1,0.14,11.3,11.4,11.6,0,0,LOW
559.6,0.591,16.3,42.6,60.4,16.3,100.0,34.6,4.2,40.7,46.7,59.0,0,3,CRITICAL
547.5,0.872,1.0,24.7,38.2,21.3,3.1,11.6,-0.14,10.9,11.8,12.1,0,0,LOW
561.8,0.54,12.3,18.0,45.6,19.7,49.8,18.9,-0.1,18.5,18.6,17.7,0,1,MODERATE
544.6,0.94,16.4,66.1,67.8,10.8,100.0,35.5,4.38,42.3,48.6,59.9,0,3,CRITICAL
571.1,0.323,7.3,30.8,41.6,24.8,21.4,7.3,0.04,7.5,6.6,5.7,0,0,LOW
568.0,0.395,26.5,40.8,44.5,17.1,100.0,32.7,4.27,38.7,44.8,57.1,0,3,CRITICAL
584.3,0.016,2.0,38.7,50.3,22.3,7.9,4.3,0.16,4.7,4.6,5.7,0,0,LOW
549.9,0.816,1.4,29.8,38.3,21.1,4.4,12.2,-0.09,11.9,12.3,13.3,0,0,LOW
563.2,0.507,23.4,68.7,68.3,11.6,100.0,31.6,4.28,37.5,44.4,56.7,0,3,CRITICAL
542.5,0.988,12.3,46.5,61.1,19.3,68.1,27.1,0.39,28.1,28.2,30.2,0,2,HIGH
553.9,0.723,21.0,72.5,73.4,17.5,100.0,33.8,5.05,41.3,48.1,63.7,0,3,CRITICAL
557.1,0.649,10.3,37.8,53.2,21.8,44.0,18.5,0.26,18.7,19.1,21.5,0,1,MODERATE
569.7,0.356,5.1,28.1,47.2,18.6,22.6,13.5,0.17,13.8,13.3,13.9,0,1,MODERATE
583.1,0.044,30.8,78.8,67.5,10.7,100.0,28.6,3.31,33.2,37.7,49.4,0,3,CRITICAL
562.5,0.523,28.9,109.1,90.7,21.0,100.0,30.7,5.47,38.6,47.9,63.3,0,3,CRITICAL
560.1,0.579,21.4,52.4,48.5,22.7,80.0,25.4,4.8,32.7,40.5,54.8,0,3,CRITICAL
555.8,0.679,5.7,28.3,53.9,18.6,28.9,14.6,-0.13,14.3,13.8,12.8,0,1,MODERATE
549.0,0.837,16.1,72.6,60.1,18.7,90.6,34.5,4.88,41.5,49.8,64.2,0,3,CRITICAL
557.5,0.64,8.1,36.9,39.9,12.8,44.2,21.1,0.31,21.7,22.0,24.1,0,2,HIGH
566.5,0.43,1.7,17.4,41.1,18.4,6.6,5.6,-0.33,5.0,4.4,2.1,0,0,LOW
545.4,0.921,44.9,122.0,83.4,13.5,100.0,37.7,6.89,47.8,59.3,79.2,0,3,CRITICAL
552.8,0.749,2.6,8.8,41.8,24.5,7.8,9.4,-0.0,9.8,10.3,9.4,0,0,LOW
559.2,0.6,54.0,97.6,71.0,17.1,100.0,35.7,6.71,45.3,55.5,73.8,0,3,CRITICAL
556.4,0.665,10.6,31.3,46.6,21.0,41.2,21.8,0.21,22.5,21.9,21.5,0,1,MODERATE
582.8,0.051,3.7,37.9,54.3,10.5,33.5,12.9,0.24,13.4,13.8,12.8,0,1,MODERATE
565.7,0.449,14.1,49.1,45.4,10.5,100.0,31.4,3.73,36.9,42.2,54.3,0,3,CRITICAL
583.8,0.028,37.1,48.0,59.5,22.2,100.0,26.5,4.83,33.9,41.5,54.7,0,3,CRITICAL
544.2,0.949,23.7,85.3,71.2,16.4,100.0,35.2,5.43,43.7,52.5,66.2,0,3,CRITICAL
550.3,0.807,29.6,58.5,53.9,18.8,100.0,34.0,6.01,43.4,52.6,69.1,0,3,CRITICAL
584.6,0.009,19.4,52.5,62.5,11.1,100.0,23.9,2.35,27.0,30.6,38.1,0,2,HIGH
552.5,0.756,21.2,59.6,59.4,11.8,100.0,32.5,4.46,39.2,45.9,59.2,0,3,CRITICAL
557.3,0.644,34.1,99.7,84.1,24.1,100.0,35.4,5.28,43.5,51.3,65.2,0,3,CRITICAL
572.0,0.302,5.2,12.6,44.3,20.6,19.6,10.3,-0.13,9.8,9.2,11.3,0,0,LOW
551.9,0.77,12.1,37.3,46.1,22.2,44.0,19.1,0.43,19.9,20.7,21.4,0,1,MODERATE
546.9,0.886,4.5,10.3,30.7,15.8,15.3,17.4,-0.26,16.8,16.8,15.9,0,1,MODERATE
579.1,0.137,79.1,145.4,96.8,12.8,100.0,27.2,7.25,37.9,49.0,68.7,0,3,CRITICAL
543.1,0.974,51.9,148.6,100.0,23.6,100.0,39.6,7.97,51.8,63.2,87.0,0,3,CRITICAL
560.7,0.565,0.7,30.5,50.0,10.9,5.6,6.8,-0.15,6.8,6.7,7.2,0,0,LOW
582.3,0.063,22.0,65.6,64.2,17.8,100.0,24.7,2.99,29.4,34.5,40.7,0,2,HIGH
542.7,0.984,46.7,153.8,98.6,13.7,100.0,38.1,7.2,48.8,59.9,79.4,0,3,CRITICAL
570.3,0.342,3.6,41.2,52.8,11.9,28.0,12.5,-0.14,12.1,11.4,11.6,0,0,LOW
560.9,0.56,15.1,68.0,63.6,22.7,74.0,24.5,-0.06,24.8,23.9,24.5,0,2,HIGH
555.5,0.686,44.5,65.2,67.9,14.1,100.0,36.4,5.97,45.5,53.6,71.5,0,3,CRITICAL
544.1,0.951,0.6,2.4,34.9,22.9,1.6,13.3,-0.36,13.0,11.3,12.0,0,0,LOW
553.1,0.742,21.5,61.8,68.0,15.3,100.0,36.2,4.98,43.5,50.3,64.9,0,3,CRITICAL
564.0,0.488,6.4,23.1,39.0,22.3,19.6,11.3,0.11,11.8,10.9,11.3,0,0,LOW
575.9,0.212,46.5,97.0,81.5,17.1,100.0,31.4,5.68,39.6,47.5,65.9,0,3,CRITICAL
581.2,0.088,63.8,103.5,87.9,17.7,100.0,28.7,6.59,38.7,48.2,65.9,0,3,CRITICAL
577.7,0.17,52.0,94.2,74.7,25.0,100.0,25.5,5.2,33.7,40.5,55.7,0,3,CRITICAL
566.7,0.426,11.6,40.8,55.1,22.7,49.3,18.6,-0.14,18.4,18.2,17.6,0,1,MODERATE
553.6,0.73,35.7,102.3,76.0,13.6,100.0,36.4,5.72,44.9,54.1,68.2,0,3,CRITICAL
552.4,0.758,33.5,114.7,84.6,15.3,100.0,35.1,6.45,44.9,54.7,72.3,0,3,CRITICAL
560.0,0.581,6.9,47.6,46.3,18.1,30.9,17.4,-0.02,17.5,16.6,16.4,0,1,MODERATE
554.3,0.714,31.8,57.4,57.1,24.7,100.0,35.0,5.78,43.9,53.1,69.9,0,3,CRITICAL
542.7,0.984,0.7,11.5,36.8,24.0,1.9,14.7,-0.31,13.8,13.6,13.6,0,1,MODERATE
584.6,0.009,16.3,57.7,67.2,23.6,81.2,20.5,2.43,24.2,28.2,33.2,0,2,HIGH
580.6,0.102,4.7,36.1,50.4,24.9,16.6,3.6,0.14,3.7,3.9,4.1,0,0,LOW
561.3,0.551,2.3,17.4,38.2,12.0,12.8,8.9,0.11,9.5,10.1,8.0,0,0,LOW
580.5,0.105,1.4,17.8,41.9,15.7,6.5,3.5,-0.07,3.5,4.2,1.6,0,0,LOW
554.8,0.702,21.5,60.1,68.0,18.7,100.0,36.5,4.62,43.3,50.0,62.1,0,3,CRITICAL
548.2,0.856,7.5,48.2,63.9,13.2,63.5,27.3,0.1,27.6,26.8,27.1,0,2,HIGH
547.1,0.881,23.2,55.6,65.5,14.3,100.0,39.1,6.04,48.4,58.1,74.7,0,3,CRITICAL
548.1,0.858,1.2,35.4,52.8,10.4,10.7,16.4,0.2,16.7,17.6,15.8,0,1,MODERATE
577.8,0.167,6.8,16.6,47.1,18.6,30.1,11.9,0.05,12.3,11.6,10.8,0,0,LOW
572.4,0.293,14.0,53.5,55.4,13.9,97.6,31.1,3.84,37.1,41.9,52.8,0,3,CRITICAL
545.4,0.921,28.2,98.7,75.9,17.6,100.0,35.7,6.0,44.7,54.3,71.2,0,3,CRITICAL
555.5,0.686,6.9,35.8,56.5,21.9,31.2,15.9,0.24,16.4,17.4,15.6,0,1,MODERATE
569.3,0.365,17.7,26.9,41.0,24.1,52.7,19.6,0.11,19.4,20.6,21.1,0,1,MODERATE
554.2,0.716,39.1,94.4,86.2,22.9,100.0,36.1,5.42,43.8,52.5,66.5,0,3,CRITICAL
549.7,0.821,17.2,42.7,49.0,18.8,78.5,31.3,4.65,38.4,44.6,57.6,0,3,CRITICAL
552.0,0.767,4.8,27.4,49.6,15.9,26.2,15.9,-0.02,15.5,15.1,17.2,0,1,MODERATE
574.5,0.244,0.4,39.4,46.2,19.9,1.6,3.0,-0.11,2.7,1.9,3.1,0,0,LOW
572.3,0.295,36.7,108.8,90.5,17.3,100.0,29.0,4.53,35.6,42.6,56.7,0,3,CRITICAL
575.7,0.216,0.4,31.4,40.9,14.8,1.9,3.4,-0.13,3.1,3.8,1.8,0,0,LOW
573.3,0.272,37.4,98.0,75.2,16.1,100.0,29.7,4.42,36.0,43.2,56.9,0,3,CRITICAL
568.4,0.386,13.5,47.5,44.1,20.8,50.1,20.0,-0.08,20.1,20.6,20.5,0,1,MODERATE
565.8,0.447,50.4,134.0,94.2,13.0,100.0,29.3,6.45,39.3,48.1,67.8,0,3,CRITICAL
581.2,0.088,28.9,58.6,64.0,24.1,100.0,24.3,3.06,29.3,32.7,41.7,0,2,HIGH
562.9,0.514,111.3,173.6,100.0,21.6,100.0,30.7,11.1,47.0,64.6,95.6,0,3,CRITICAL
547.6,0.87,7.8,29.4,36.4,11.1,44.8,24.0,0.21,24.2,23.7,26.4,0,2,HIGH
568.0,0.395,26.2,67.2,69.5,12.9,100.0,31.4,4.05,37.3,43.6,53.2,0,3,CRITICAL
553.8,0.726,9.3,24.7,45.5,17.1,43.3,19.3,-0.16,19.5,18.9,18.3,0,1,MODERATE
581.0,0.093,11.8,34.0,37.3,17.5,44.0,12.5,0.06,12.6,11.9,11.9,0,0,LOW
583.9,0.026,17.8,42.0,48.4,18.4,81.9,22.6,2.49,26.6,31.0,35.6,0,2,HIGH
549.3,0.83,37.2,115.7,82.8,12.1,100.0,36.7,6.26,46.3,55.6,72.0,0,3,CRITICAL
575.0,0.233,74.5,131.9,92.7,12.3,100.0,27.7,7.89,39.4,50.4,74.1,0,3,CRITICAL
574.5,0.244,26.3,86.8,69.7,19.8,100.0,27.9,4.28,34.3,41.5,54.5,0,3,CRITICAL
545.5,0.919,9.7,41.2,48.1,21.4,38.2,19.5,0.24,19.5,20.1,22.6,0,1,MODERATE
543.7,0.96,9.8,25.2,48.7,17.3,48.3,26.1,0.12,26.2,26.1,26.6,0,2,HIGH
554.7,0.705,24.1,91.5,76.2,19.2,100.0,33.7,5.16,41.1,49.2,62.6,0,3,CRITICAL
568.4,0.386,4.9,32.3,41.2,16.9,20.9,13.5,0.25,14.1,15.0,13.6,0,1,MODERATE
564.5,0.477,2.1,5.7,31.2,12.3,9.3,6.4,0.23,6.6,6.5,8.4,0,0,LOW
565.1,0.463,7.9,16.1,37.4,12.3,42.0,16.2,0.09,16.1,16.7,18.3,0,1,MODERATE
553.8,0.726,6.1,50.1,56.7,14.6,41.5,20.8,-0.04,20.5,20.8,21.1,0,1,MODERATE
545.3,0.923,6.3,38.3,44.7,13.9,35.5,18.6,0.2,19.0,19.7,19.1,0,1,MODERATE
575.2,0.228,4.8,21.4,46.8,23.1,17.0,9.0,-0.02,8.6,9.5,10.6,0,0,LOW
545.9,0.909,0.8,7.8,27.2,23.1,1.6,11.3,0.15,11.1,11.8,12.0,0,0,LOW
570.6,0.335,0.3,20.5,32.6,18.4,0.9,4.5,-0.16,4.2,3.6,3.7,0,0,LOW
564.8,0.47,79.2,240.7,100.0,24.2,100.0,33.6,9.08,47.6,61.0,86.2,0,3,CRITICAL
575.9,0.212,10.0,45.3,51.4,15.2,59.2,15.5,0.02,15.5,15.9,16.4,0,1,MODERATE
551.2,0.786,8.7,58.1,67.8,15.7,65.7,24.9,0.22,24.7,25.4,26.3,0,2,HIGH
542.2,0.995,20.5,38.5,46.6,13.8,100.0,40.5,5.54,48.3,56.7,72.6,0,3,CRITICAL
543.9,0.956,4.4,20.3,42.7,24.6,13.4,17.8,0.21,18.5,19.4,19.5,0,1,MODERATE
563.1,0.509,53.9,140.5,100.0,22.1,100.0,29.3,6.13,38.9,47.0,65.7,0,3,CRITICAL
579.4,0.13,27.8,56.0,64.9,10.8,100.0,28.4,3.14,32.7,37.9,48.4,0,3,CRITICAL
550.3,0.807,1.7,4.4,38.9,22.7,5.1,10.9,0.06,11.4,11.3,12.8,0,0,LOW
564.2,0.484,9.7,42.4,58.0,20.0,49.2,16.5,0.29,16.9,17.8,16.7,0,1,MODERATE
561.1,0.556,38.0,70.3,65.3,12.6,100.0,34.2,6.19,43.0,52.3,69.6,0,3,CRITICAL
556.7,0.658,52.1,137.7,100.0,16.9,100.0,31.6,6.45,41.5,50.3,69.3,0,3,CRITICAL
583.5,0.035,11.3,59.0,53.9,15.6,68.3,16.0,0.26,16.1,17.5,18.0,0,1,MODERATE
580.8,0.098,17.1,56.0,50.7,10.8,100.0,28.4,2.38,31.6,35.2,41.2,0,3,CRITICAL
550.1,0.812,3.3,15.7,33.7,20.5,9.5,11.7,-0.04,11.7,11.3,12.0,0,0,LOW
561.3,0.551,85.1,221.3,100.0,22.5,100.0,31.9,9.49,45.8,60.8,86.4,0,3,CRITICAL
576.9,0.188,4.7,19.9,43.9,17.6,20.5,10.4,0.17,10.2,11.5,10.5,0,0,LOW
562.1,0.533,51.5,69.0,67.7,12.8,100.0,30.2,6.83,40.3,50.4,70.1,0,3,CRITICAL
543.5,0.965,18.9,69.1,71.9,10.1,100.0,37.1,4.93,44.6,51.1,67.2,0,3,CRITICAL
555.2,0.693,16.8,40.2,40.5,22.1,53.9,22.5,0.28,22.9,23.1,25.3,0,2,HIGH
552.9,0.747,12.9,36.7,51.9,14.5,80.8,33.0,4.71,40.3,47.9,60.3,0,3,CRITICAL
560.1,0.579,4.7,49.6,52.8,10.4,41.8,18.5,0.25,19.3,20.2,21.5,0,1,MODERATE
550.5,0.802,3.5,39.7,42.4,15.0,17.3,17.7,0.25,17.9,19.0,20.2,0,1,MODERATE
561.7,0.542,4.5,6.6,26.2,23.2,8.9,8.5,-0.26,7.8,7.1,5.5,0,0,LOW
552.5,0.756,3.7,42.3,48.6,17.2,18.3,13.7,-0.04,13.8,14.0,15.0,0,1,MODERATE
570.7,0.333,27.2,97.1,83.8,11.4,100.0,27.8,4.65,34.4,42.3,56.2,0,3,CRITICAL
577.3,0.179,7.8,35.5,45.6,11.1,56.1,17.1,0.2,17.5,17.1,18.7,0,1,MODERATE
575.0,0.233,1.1,15.6,44.3,19.2,4.4,6.4,0.17,6.8,6.2,6.3,0,0,LOW
551.1,0.788,62.6,132.3,99.2,16.4,100.0,34.2,8.06,46.6,57.4,82.6,0,3,CRITICAL
560.1,0.579,38.7,83.9,78.6,17.0,100.0,30.4,6.07,39.1,49.3,66.7,0,3,CRITICAL
542.5,0.988,47.3,103.9,79.6,16.8,100.0,37.8,8.19,50.0,62.9,84.6,0,3,CRITICAL
553.1,0.742,95.0,234.5,100.0,16.8,100.0,34.1,10.66,49.9,66.2,95.4,0,3,CRITICAL
575.8,0.214,3.4,30.7,43.0,20.1,12.7,4.6,-0.13,4.8,4.4,2.8,0,0,LOW
577.0,0.186,9.1,39.7,40.8,14.2,45.8,12.4,0.08,12.4,13.4,13.5,0,1,MODERATE
552.9,0.747,25.6,56.4,64.6,18.1,100.0,33.0,4.95,39.9,47.5,62.2,0,3,CRITICAL
567.6,0.405,21.4,39.4,54.5,13.7,100.0,28.4,3.37,33.7,38.8,47.7,0,3,CRITICAL
553.8,0.726,3.0,35.8,42.8,22.4,10.0,14.2,0.1,14.4,14.4,13.3,0,1,MODERATE
558.0,0.628,30.5,82.8,74.2,23.2,100.0,32.8,5.98,41.3,51.6,68.4,0,3,CRITICAL
560.2,0.577,4.6,43.7,47.0,19.8,19.1,15.0,0.19,15.2,14.8,15.0,0,1,MODERATE
553.2,0.74,4.6,28.3,51.2,13.7,30.1,19.2,-0.08,19.1,19.5,18.5,0,1,MODERATE
574.1,0.253,13.9,45.1,56.0,19.1,71.3,24.3,0.28,24.5,25.0,24.2,0,2,HIGH
559.8,0.586,16.2,33.5,48.7,24.6,56.1,21.0,0.06,20.6,20.8,19.8,0,1,MODERATE
554.4,0.712,15.6,69.6,66.6,19.5,93.2,31.8,4.11,38.4,43.2,55.1,0,3,CRITICAL
556.9,0.653,1.7,21.7,45.7,13.2,10.3,12.6,0.04,12.4,11.8,14.1,0,0,LOW
583.6,0.033,37.8,106.0,79.9,13.1,100.0,29.3,4.16,35.3,41.4,54.1,0,3,CRITICAL
543.3,0.97,5.6,19.0,36.5,16.5,21.7,21.0,-0.27,21.1,20.3,19.4,0,1,MODERATE
552.1,0.765,2.5,12.0,38.1,22.7,7.3,9.6,-0.22,9.8,9.1,7.2,0,0,LOW
548.8,0.842,39.5,125.9,91.0,16.1,100.0,37.6,6.39,47.3,56.4,74.2,0,3,CRITICAL
546.5,0.895,56.1,185.1,100.0,14.8,100.0,37.0,7.81,49.1,60.4,82.2,0,3,CRITICAL
577.5,0.174,35.7,105.5,76.3,14.3,100.0,28.3,4.29,34.7,40.5,54.6,0,3,CRITICAL
558.5,0.616,29.8,105.9,81.2,19.5,100.0,34.1,4.63,41.2,49.0,61.3,0,3,CRITICAL
573.5,0.267,19.2,65.1,57.5,18.5,100.0,29.0,2.84,33.1,38.0,46.9,0,3,CRITICAL
570.1,0.347,14.4,64.5,69.3,12.4,100.0,29.4,3.83,34.8,41.8,53.1,0,3,CRITICAL
555.9,0.677,1.6,38.4,43.3,16.9,7.2,9.4,-0.01,9.9,10.0,11.0,0,0,LOW
563.5,0.5,9.5,37.2,45.2,23.8,31.6,12.9,0.07,13.5,12.1,11.6,0,0,LOW
571.1,0.323,8.4,61.6,68.0,11.1,90.1,26.9,2.37,30.7,33.3,41.6,0,2,HIGH
569.8,0.353,5.4,12.0,35.6,20.9,16.1,8.0,-0.05,8.2,8.4,7.2,0,0,LOW
572.8,0.284,23.1,72.6,64.9,11.9,100.0,27.3,3.45,32.8,38.2,45.9,0,3,CRITICAL
549.3,0.83,12.3,36.5,56.5,21.9,55.5,23.1,-0.1,23.1,21.9,24.0,0,1,MODERATE
563.1,0.509,1.5,12.8,32.3,16.7,5.1,10.1,0.05,10.2,10.4,11.3,0,0,LOW
548.4,0.851,4.5,16.3,35.6,15.4,18.2,14.5,0.26,14.5,15.5,15.9,0,1,MODERATE
560.9,0.56,20.7,64.4,66.1,12.2,100.0,31.5,4.13,37.8,42.9,54.4,0,3,CRITICAL
555.0,0.698,1.4,13.4,41.1,21.2,4.7,13.5,-0.13,13.4,12.5,12.2,0,0,LOW
548.7,0.844,34.3,100.5,77.7,23.0,100.0,36.0,5.61,44.4,52.2,70.0,0,3,CRITICAL
542.6,0.986,12.3,47.1,49.7,13.4,79.8,31.5,5.12,39.5,47.2,60.7,0,3,CRITICAL
561.8,0.54,11.8,67.6,70.6,22.7,64.2,25.2,0.15,25.2,25.1,26.7,0,2,HIGH
559.1,0.602,16.2,35.2,38.9,18.3,60.3,23.5,0.37,24.4,25.6,24.0,0,2,HIGH
566.4,0.433,31.3,60.2,64.9,20.3,100.0,32.1,4.45,39.0,45.4,56.3,0,3,CRITICAL
568.2,0.391,7.7,19.7,33.7,22.5,20.2,8.1,0.3,8.6,8.1,8.9,0,0,LOW
567.2,0.414,20.4,62.0,61.7,21.7,100.0,29.9,4.12,35.8,41.5,52.3,0,3,CRITICAL
550.5,0.802,15.0,39.6,49.5,18.5,70.2,28.7,0.42,28.9,30.7,32.1,0,2,HIGH
550.4,0.805,5.6,38.5,48.4,10.0,47.4,24.0,0.07,24.1,23.6,24.4,0,2,HIGH
564.1,0.486,38.0,115.4,95.0,13.7,100.0,30.5,5.6,38.7,47.2,64.7,0,3,CRITICAL
582.7,0.053,28.7,69.6,74.3,17.1,100.0,24.6,3.03,29.1,33.3,43.7,0,2,HIGH
561.1,0.556,19.3,64.4,55.9,21.7,87.0,31.0,3.75,36.6,41.9,52.9,0,3,CRITICAL
546.4,0.898,34.2,81.8,72.3,12.3,100.0,34.7,6.63,44.9,55.3,73.6,0,3,CRITICAL
548.8,0.842,36.4,138.6,100.0,21.8,100.0,37.8,5.92,47.1,55.5,73.4,0,3,CRITICAL
555.1,0.695,22.2,45.1,49.6,21.2,90.9,31.8,4.65,38.7,45.6,59.7,0,3,CRITICAL
559.4,0.595,32.7,104.1,88.2,24.6,100.0,34.7,4.63,41.8,48.0,62.3,0,3,CRITICAL
554.7,0.705,21.5,51.5,61.6,14.9,100.0,34.8,4.28,40.9,47.6,60.9,0,3,CRITICAL
546.6,0.893,20.5,45.6,52.4,20.8,90.4,34.1,5.83,42.4,51.9,68.6,0,3,CRITICAL
581.1,0.091,17.4,45.6,54.9,15.6,100.0,24.7,3.08,29.1,33.7,44.1,0,2,HIGH
546.8,0.888,25.1,65.5,59.2,21.6,100.0,36.1,4.96,43.2,50.6,63.8,0,3,CRITICAL
545.8,0.912,3.1,27.8,49.2,13.9,19.2,16.9,-0.16,16.2,17.0,14.4,0,1,MODERATE
575.8,0.214,38.3,102.1,88.1,23.6,100.0,28.2,5.43,36.0,44.4,59.6,0,3,CRITICAL
556.3,0.667,37.0,112.7,81.5,21.2,100.0,31.1,5.31,39.0,46.8,61.8,0,3,CRITICAL
544.1,0.951,0.5,37.5,49.0,10.2,4.2,13.1,-0.37,12.5,12.6,12.0,0,0,LOW
563.2,0.507,31.5,92.1,80.7,18.5,100.0,34.9,5.46,43.1,51.9,67.8,0,3,CRITICAL
545.8,0.912,2.5,31.1,55.4,21.3,11.4,16.4,-0.09,16.0,16.0,17.2,0,1,MODERATE
573.8,0.26,7.3,19.3,42.6,15.1,36.0,13.3,0.16,13.9,13.6,12.5,0,1,MODERATE
566.7,0.426,24.5,62.8,51.8,13.4,100.0,30.7,3.91,36.3,42.8,52.8,0,3,CRITICAL
561.7,0.542,3.2,38.0,50.5,15.3,18.5,14.4,0.18,14.3,15.5,14.4,0,1,MODERATE
549.8,0.819,30.7,62.2,68.0,21.7,100.0,36.1,6.43,45.6,55.0,72.4,0,3,CRITICAL
551.0,0.791,32.1,71.0,60.9,24.0,100.0,33.8,5.58,41.8,51.3,65.9,0,3,CRITICAL
577.9,0.165,12.7,40.6,55.2,21.1,58.1,16.8,0.12,16.9,16.6,17.1,0,1,MODERATE
577.0,0.186,0.1,7.1,41.8,20.9,0.3,3.0,0.06,2.7,3.2,3.7,0,0,LOW
574.2,0.251,6.1,18.1,48.8,22.0,23.7,9.1,-0.12,8.5,8.7,6.6,0,0,LOW
576.5,0.198,17.3,66.1,60.1,24.2,75.2,24.2,3.03,29.1,32.9,43.6,0,2,HIGH
545.6,0.916,71.5,175.0,100.0,24.3,100.0,35.6,9.48,49.6,63.3,89.7,0,3,CRITICAL
566.3,0.435,18.0,31.5,49.7,21.4,73.2,21.9,0.44,22.9,23.5,24.0,0,2,HIGH
559.8,0.586,5.4,14.7,46.1,24.5,17.8,13.9,0.19,13.9,15.2,13.6,0,1,MODERATE
549.0,0.837,18.1,48.4,56.7,23.6,76.1,28.7,4.52,35.8,41.9,56.3,0,3,CRITICAL
543.5,0.965,14.0,72.9,57.4,15.7,89.6,35.6,4.82,42.5,49.1,65.0,0,3,CRITICAL
546.0,0.907,27.2,80.1,69.6,24.8,100.0,39.0,5.75,47.3,56.5,72.8,0,3,CRITICAL
555.4,0.688,2.0,40.0,42.6,19.8,7.5,10.3,0.01,10.5,10.3,11.3,0,0,LOW
578.6,0.149,25.8,47.8,46.5,24.1,87.1,22.9,3.06,27.1,31.9,42.0,0,2,HIGH
546.5,0.895,14.0,29.3,47.8,14.9,78.6,34.2,4.86,41.5,48.9,63.8,0,3,CRITICAL
574.7,0.24,59.3,100.5,83.5,18.7,100.0,31.5,5.89,40.7,48.9,64.0,0,3,CRITICAL
550.5,0.802,7.5,16.9,29.1,21.9,17.4,12.9,-0.06,12.9,12.7,12.0,0,0,LOW
569.0,0.372,18.0,68.2,63.1,13.2,100.0,31.2,3.69,36.4,41.8,53.6,0,3,CRITICAL
581.7,0.077,48.4,119.9,85.1,22.1,100.0,26.8,5.39,35.0,43.3,57.5,0,3,CRITICAL
564.3,0.481,1.9,17.1,41.4,24.5,5.6,5.9,-0.23,5.5,4.4,4.7,0,0,LOW
554.7,0.705,49.8,141.6,99.5,24.8,100.0,32.0,7.55,43.3,54.4,77.4,0,3,CRITICAL
584.9,0.002,21.0,65.3,57.1,10.3,100.0,27.4,2.72,31.6,34.9,44.5,0,2,HIGH
564.6,0.474,1.3,17.7,33.5,24.2,3.1,7.7,-0.15,7.1,6.6,7.3,0,0,LOW
568.6,0.381,6.4,46.4,46.2,24.1,21.5,11.6,0.24,11.7,13.2,14.6,0,1,MODERATE
554.7,0.705,22.2,97.5,86.6,17.0,100.0,32.3,5.44,40.0,48.1,64.1,0,3,CRITICAL
555.4,0.688,1.3,28.0,53.2,10.9,11.1,11.5,-0.29,11.4,11.2,10.9,0,0,LOW
582.9,0.049,15.7,56.4,61.1,15.9,100.0,24.7,3.13,29.0,35.0,42.0,0,3,CRITICAL
580.4,0.107,7.6,40.2,59.0,12.3,63.8,17.9,0.16,18.4,17.4,17.5,0,1,MODERATE
555.4,0.688,17.5,49.0,53.9,19.9,82.9,28.8,3.81,34.8,40.1,49.4,0,3,CRITICAL
584.1,0.021,0.8,15.8,33.3,24.8,1.9,3.0,0.15,2.8,3.4,4.2,0,0,LOW
579.7,0.123,36.9,116.9,93.6,13.4,100.0,25.1,5.26,33.1,41.1,55.1,0,3,CRITICAL
579.4,0.13,65.3,181.3,100.0,16.3,100.0,28.4,7.35,39.2,50.9,70.2,0,3,CRITICAL
552.8,0.749,62.5,142.6,100.0,24.7,100.0,32.5,7.52,44.1,54.5,76.1,0,3,CRITICAL
567.4,0.409,24.9,60.6,65.9,20.6,100.0,31.3,4.77,38.3,45.6,60.5,0,3,CRITICAL
558.5,0.616,2.5,29.0,50.4,24.3,9.1,11.1,-0.28,10.9,10.0,10.1,0,0,LOW
580.9,0.095,25.6,63.7,66.7,15.2,100.0,28.9,4.06,35.1,41.1,54.0,0,3,CRITICAL
577.0,0.186,0.4,32.0,49.4,10.4,3.3,4.5,-0.38,4.4,2.6,3.8,0,0,LOW
576.5,0.198,0.4,34.9,42.5,22.3,1.3,3.0,0.19,3.0,3.5,2.5,0,0,LOW
561.7,0.542,7.0,30.0,50.9,13.1,47.6,21.0,0.07,20.9,21.0,20.9,0,1,MODERATE
577.1,0.184,12.1,65.1,59.2,19.2,65.3,21.0,0.34,21.2,22.7,21.5,0,2,HIGH
573.0,0.279,26.5,71.4,65.6,12.8,100.0,28.6,3.71,34.4,39.4,51.2,0,3,CRITICAL
580.5,0.105,20.7,88.2,70.6,11.7,100.0,27.7,3.78,33.6,39.2,50.5,0,3,CRITICAL
565.1,0.463,10.6,47.3,47.6,11.4,77.5,26.5,3.82,32.1,37.5,49.4,0,3,CRITICAL
564.9,0.467,5.8,47.5,45.8,24.3,19.1,13.3,0.25,13.5,14.2,13.2,0,1,MODERATE
585.0,0.0,105.3,202.5,100.0,20.0,100.0,24.6,9.67,39.4,54.6,79.8,0,3,CRITICAL
551.7,0.774,10.0,31.0,35.7,13.7,45.6,18.8,0.17,19.4,19.1,20.0,0,1,MODERATE
566.4,0.433,10.8,54.0,58.6,19.4,57.1,22.8,0.4,23.6,24.4,26.9,0,2,HIGH
576.5,0.198,3.2,20.0,48.0,24.1,11.2,5.1,-0.12,5.4,4.0,5.7,0,0,LOW
584.4,0.014,28.5,67.0,56.1,24.7,100.0,27.9,3.58,33.2,38.3,49.8,0,3,CRITICAL
568.0,0.395,21.3,78.8,72.3,18.3,100.0,33.7,3.89,39.6,44.5,56.7,0,3,CRITICAL
563.4,0.502,4.5,46.7,46.8,18.4,20.0,12.4,-0.28,11.8,12.3,9.5,0,0,LOW
571.3,0.319,1.5,30.7,46.7,24.2,5.1,7.5,0.06,7.6,8.1,9.4,0,0,LOW
584.4,0.014,20.5,49.7,55.6,20.1,99.2,25.0,3.03,29.9,35.0,41.3,0,3,CRITICAL
565.2,0.46,19.1,56.3,48.3,19.1,84.5,28.9,3.72,34.1,41.0,50.9,0,3,CRITICAL
564.8,0.47,5.7,42.8,46.4,19.0,24.4,14.3,-0.18,13.7,14.1,13.2,0,1,MODERATE
547.1,0.881,54.2,110.6,86.8,24.2,100.0,35.9,7.65,47.6,58.1,79.7,0,3,CRITICAL
546.1,0.905,2.9,33.4,54.3,17.5,15.7,13.9,-0.1,13.5,14.6,13.8,0,1,MODERATE
556.6,0.66,10.2,45.5,43.2,19.1,40.4,21.9,-0.16,21.5,20.8,22.6,0,1,MODERATE
564.8,0.47,51.8,77.9,59.5,23.6,100.0,32.0,7.11,43.1,52.7,73.7,0,3,CRITICAL
549.8,0.819,9.8,29.0,51.9,23.7,37.6,20.8,0.14,21.4,21.6,23.0,0,1,MODERATE
549.6,0.823,18.3,59.1,50.2,10.6,100.0,36.1,5.46,44.7,53.1,67.1,0,3,CRITICAL
554.5,0.709,9.1,23.2,42.0,23.5,28.5,16.6,0.14,17.3,17.9,19.0,0,1,MODERATE
581.9,0.072,5.8,27.6,42.8,11.7,37.1,11.5,-0.08,11.2,10.7,12.2,0,0,LOW
550.1,0.812,74.4,151.7,100.0,23.8,100.0,37.6,9.85,52.6,67.8,93.3,0,3,CRITICAL
564.4,0.479,9.5,34.3,47.7,18.6,42.6,17.6,0.03,17.7,17.1,17.1,0,1,MODERATE
561.3,0.551,40.4,99.1,78.1,16.5,100.0,30.1,5.15,37.4,45.7,60.4,0,3,CRITICAL
555.2,0.693,4.7,43.9,57.4,20.5,23.0,15.2,-0.28,15.2,14.0,13.9,0,1,MODERATE
580.7,0.1,4.3,34.5,52.0,18.0,21.7,4.9,-0.13,4.4,5.4,2.5,0,0,LOW
577.5,0.174,0.6,31.1,46.0,12.7,3.8,3.3,0.03,3.8,2.6,5.1,0,0,LOW
580.4,0.107,19.0,47.4,47.8,13.1,100.0,28.1,2.31,32.0,34.4,42.2,0,2,HIGH
581.7,0.077,8.3,19.6,46.1,22.5,29.8,12.3,0.36,13.2,13.1,15.6,0,1,MODERATE
543.9,0.956,36.0,61.2,64.0,23.2,100.0,37.0,6.63,47.3,57.1,74.4,0,3,CRITICAL
579.8,0.121,11.5,38.3,53.0,16.2,65.8,18.4,-0.0,18.8,19.0,18.4,0,1,MODERATE
567.8,0.4,62.1,152.6,100.0,16.7,100.0,31.8,6.8,42.1,51.4,72.7,0,3,CRITICAL
563.0,0.512,3.7,18.6,48.2,13.8,22.6,13.9,0.23,14.1,14.7,14.5,0,1,MODERATE
566.5,0.43,36.5,54.9,63.9,23.3,100.0,33.9,5.33,41.9,49.1,66.6,0,3,CRITICAL
562.2,0.53,27.0,46.3,59.8,12.8,100.0,33.9,5.2,41.4,49.7,63.8,0,3,CRITICAL
548.1,0.858,26.5,58.8,68.1,21.5,100.0,34.4,5.08,41.8,49.8,65.5,0,3,CRITICAL
556.7,0.658,33.5,128.0,91.0,13.0,100.0,34.8,5.41,42.6,50.6,64.6,0,3,CRITICAL
549.9,0.816,25.8,65.3,61.4,23.1,100.0,33.2,4.97,40.7,48.2,60.7,0,3,CRITICAL
583.5,0.035,17.7,50.2,53.3,18.0,91.7,25.1,2.26,28.9,31.6,36.9,0,2,HIGH
546.5,0.895,2.5,19.2,40.9,22.2,8.1,15.4,-0.28,14.7,14.8,14.0,0,1,MODERATE
545.2,0.926,0.6,37.8,57.6,19.7,3.1,11.6,-0.02,11.5,12.0,12.1,0,0,LOW
568.3,0.388,45.7,119.6,88.9,23.8,100.0,28.6,5.93,37.4,45.7,63.5,0,3,CRITICAL
549.5,0.826,17.3,87.5,81.4,15.5,100.0,33.0,5.16,40.4,48.4,63.7,0,3,CRITICAL
565.3,0.458,28.7,61.0,67.3,15.3,100.0,34.1,4.57,40.9,48.3,60.4,0,3,CRITICAL
558.7,0.612,11.8,34.1,45.0,20.8,44.7,17.8,-0.03,17.4,17.1,19.0,0,1,MODERATE
570.4,0.34,2.2,40.8,51.4,21.5,9.2,6.8,0.03,6.6,6.2,5.6,0,0,LOW
570.0,0.349,2.4,37.3,54.1,19.4,11.7,5.4,-0.22,5.1,4.1,3.7,0,0,LOW
564.3,0.481,20.8,48.7,58.2,15.8,100.0,32.8,3.78,38.7,44.3,53.5,0,3,CRITICAL
559.3,0.598,10.1,32.7,44.6,17.0,46.4,22.0,-0.12,22.3,21.3,22.9,0,1,MODERATE
568.3,0.388,4.0,44.5,55.8,21.8,17.9,7.6,-0.31,7.5,5.8,7.1,0,0,LOW
555.5,0.686,12.2,40.4,43.2,13.2,69.9,28.8,0.06,29.3,29.1,30.3,0,2,HIGH
562.4,0.526,1.2,14.4,29.2,18.4,3.3,10.5,-0.28,10.0,9.7,9.3,0,0,LOW
548.8,0.842,15.7,51.5,65.4,20.3,88.5,35.6,5.32,43.7,50.9,66.3,0,3,CRITICAL
574.5,0.244,5.6,23.2,39.2,12.6,30.5,8.7,0.12,9.2,9.9,9.7,0,0,LOW
549.8,0.819,28.8,114.6,96.2,18.5,100.0,38.1,6.33,48.0,56.2,73.5,0,3,CRITICAL
554.9,0.7,6.7,18.2,49.0,21.9,26.2,17.0,0.31,17.3,18.4,20.4,0,1,MODERATE
545.6,0.916,10.9,55.6,48.1,23.4,39.2,21.3,-0.08,21.5,20.4,20.0,0,1,MODERATE
564.4,0.479,0.2,20.1,48.2,10.8,1.6,5.6,-0.21,5.2,4.8,2.7,0,0,LOW
574.2,0.251,1.4,21.7,32.5,18.3,4.4,3.0,0.21,3.4,4.1,2.5,0,0,LOW
558.4,0.619,9.0,39.0,40.2,20.1,31.5,17.5,-0.02,17.8,18.1,18.4,0,1,MODERATE
559.5,0.593,11.8,58.3,63.5,18.3,71.7,26.0,-0.0,26.4,26.8,24.5,0,2,HIGH
570.6,0.335,16.5,48.6,46.6,22.2,60.6,22.0,-0.01,21.6,21.7,20.7,0,1,MODERATE
576.5,0.198,6.2,49.7,45.0,10.2,47.9,17.2,0.25,17.7,17.3,19.1,0,1,MODERATE
579.5,0.128,21.4,76.4,73.9,11.6,100.0,25.3,3.59,30.4,36.6,44.6,0,3,CRITICAL
545.9,0.909,35.4,96.5,84.1,13.5,100.0,34.2,5.72,42.6,51.4,67.3,0,3,CRITICAL
550.5,0.802,27.2,99.9,73.7,14.3,100.0,36.7,5.98,45.2,54.0,69.6,0,3,CRITICAL
549.6,0.823,0.7,6.8,34.2,24.6,1.7,12.5,0.04,12.1,12.0,12.1,0,0,LOW
584.7,0.007,11.8,42.6,53.1,19.0,57.7,15.5,0.01,15.4,16.2,16.4,0,1,MODERATE
564.8,0.47,2.0,43.2,46.6,21.3,7.7,6.0,-0.32,5.4,5.5,4.6,0,0,LOW
577.2,0.181,5.0,37.2,52.9,10.2,45.4,16.0,-0.25,15.7,16.1,14.1,0,1,MODERATE
571.3,0.319,77.7,180.2,100.0,22.6,100.0,29.5,8.63,42.4,55.4,80.5,0,3,CRITICAL
555.5,0.686,2.8,15.4,39.4,10.6,18.2,12.9,-0.07,12.8,13.5,13.7,0,1,MODERATE
583.8,0.028,12.4,60.0,59.0,12.1,100.0,27.8,2.19,30.6,33.6,39.8,0,2,HIGH
584.6,0.009,17.3,54.2,47.4,21.9,65.5,18.5,0.05,18.7,18.0,17.3,0,1,MODERATE
558.8,0.609,21.8,44.9,42.9,15.9,100.0,32.1,5.2,39.9,47.2,62.2,0,3,CRITICAL
573.1,0.277,14.8,65.9,56.1,24.5,59.3,16.5,0.47,16.8,17.6,19.1,0,1,MODERATE
554.4,0.712,0.2,38.0,55.1,16.2,1.2,6.9,-0.21,6.2,6.5,6.3,0,0,LOW
560.4,0.572,7.1,15.1,33.2,20.9,19.7,14.6,0.26,14.9,16.3,14.5,0,1,MODERATE
561.2,0.553,13.1,32.8,42.9,13.5,72.9,28.1,0.05,28.6,29.2,29.4,0,2,HIGH
565.9,0.444,1.7,16.9,32.3,11.9,8.1,7.3,0.01,7.8,6.8,7.7,0,0,LOW
552.2,0.763,7.8,39.1,48.9,10.3,64.8,26.4,-0.19,26.4,26.1,23.8,0,2,HIGH
563.1,0.509,0.6,36.9,57.6,14.0,4.3,7.9,0.08,8.3,7.7,7.1,0,0,LOW
578.5,0.151,1.5,11.8,38.6,14.9,6.8,6.5,-0.08,6.0,5.8,5.4,0,0,LOW
584.4,0.014,9.1,41.2,57.1,19.7,46.2,15.5,0.14,15.3,16.4,17.2,0,1,MODERATE
550.4,0.805,2.6,17.7,44.7,16.3,12.5,15.7,-0.34,15.0,14.0,12.0,0,1,MODERATE
570.0,0.349,15.1,39.7,49.1,23.6,55.0,16.8,0.28,17.3,17.8,19.4,0,1,MODERATE
546.6,0.893,21.1,45.6,56.9,16.8,100.0,34.7,4.61,42.1,47.8,62.8,0,3,CRITICAL
565.8,0.447,29.0,64.5,66.7,18.3,100.0,32.1,4.91,39.4,46.5,61.8,0,3,CRITICAL
543.5,0.965,4.0,29.2,46.0,23.2,13.9,13.4,0.11,13.2,12.9,12.5,0,0,LOW
548.5,0.849,3.3,44.3,46.9,21.3,12.7,17.2,-0.13,16.9,17.3,16.4,0,1,MODERATE
565.4,0.456,2.0,29.8,42.8,12.3,12.2,11.5,0.13,11.6,11.1,13.7,0,0,LOW
553.2,0.74,18.2,54.6,58.5,10.8,100.0,36.9,4.14,42.7,48.8,59.9,0,3,CRITICAL
548.6,0.847,22.1,77.3,65.1,21.3,100.0,37.2,4.41,44.1,50.4,63.4,0,3,CRITICAL
572.0,0.302,0.6,2.9,33.2,13.1,2.7,5.8,-0.38,5.4,4.8,3.1,0,0,LOW
580.6,0.102,49.5,80.9,71.2,23.7,100.0,28.7,5.14,36.5,44.1,57.3,0,3,CRITICAL
550.7,0.798,1.0,15.6,34.3,13.9,4.3,9.4,-0.21,8.6,9.0,8.7,0,0,LOW
564.0,0.488,14.0,33.3,37.5,22.1,41.6,18.7,0.4,19.0,20.0,21.9,0,1,MODERATE
577.8,0.167,22.2,86.1,79.4,15.4,100.0,25.3,3.63,30.8,37.0,45.5,0,3,CRITICAL
564.0,0.488,36.9,71.2,59.2,15.0,100.0,31.9,5.75,40.7,49.1,64.9,0,3,CRITICAL
574.4,0.247,22.5,79.4,71.6,21.9,100.0,30.0,4.32,36.1,42.2,53.3,0,3,CRITICAL
543.3,0.97,29.1,37.7,44.3,10.0,100.0,37.3,6.35,47.3,55.5,73.7,0,3,CRITICAL
569.8,0.353,7.5,50.3,52.6,14.2,48.6,18.3,-0.07,17.7,17.3,16.6,0,1,MODERATE
561.6,0.544,30.4,121.2,98.9,11.8,100.0,33.4,5.72,42.3,51.3,68.1,0,3,CRITICAL
549.5,0.826,1.5,31.1,44.7,23.3,5.0,13.3,-0.21,12.5,12.8,10.5,0,0,LOW
571.7,0.309,40.5,78.5,66.8,10.6,100.0,29.3,5.21,36.8,44.0,60.9,0,3,CRITICAL
570.2,0.344,14.3,74.2,71.3,20.8,85.8,24.8,2.91,29.3,34.5,40.6,0,2,HIGH
571.7,0.309,30.6,116.2,79.0,18.4,100.0,31.9,4.56,38.9,46.2,59.1,0,3,CRITICAL
573.9,0.258,10.8,21.4,38.0,22.3,32.2,12.4,0.04,12.9,13.0,12.8,0,1,MODERATE
555.8,0.679,18.6,57.6,60.4,15.6,100.0,37.0,4.84,43.9,51.9,66.5,0,3,CRITICAL
571.1,0.323,13.5,63.5,53.5,13.8,91.6,25.6,3.78,31.4,36.8,47.7,0,3,CRITICAL
571.3,0.319,23.7,75.9,76.3,24.7,100.0,27.7,3.7,33.4,39.3,50.4,0,3,CRITICAL
566.7,0.426,1.5,35.8,54.4,15.9,9.0,10.3,0.16,11.0,10.9,11.3,0,0,LOW
566.7,0.426,1.1,23.8,50.7,21.1,4.6,8.4,0.09,8.5,8.3,10.1,0,0,LOW
558.1,0.626,5.1,34.7,53.7,13.3,36.0,16.6,-0.05,16.8,15.7,16.8,0,1,MODERATE
561.5,0.547,3.1,43.7,45.6,10.0,24.7,15.5,-0.04,15.0,14.7,13.7,0,1,MODERATE
582.9,0.049,37.0,75.0,74.0,18.1,100.0,24.2,4.8,30.9,37.7,50.7,0,3,CRITICAL
550.0,0.814,4.5,13.8,32.0,24.3,10.4,12.9,-0.1,12.7,13.0,11.6,0,1,MODERATE
558.7,0.612,67.0,119.9,91.7,17.2,100.0,34.0,7.45,45.2,55.4,76.6,0,3,CRITICAL
543.3,0.97,7.4,51.6,53.5,18.1,38.3,19.8,0.16,20.2,20.0,22.4,0,1,MODERATE
563.1,0.509,3.6,6.0,32.7,23.6,8.7,9.1,-0.0,8.7,9.5,9.9,0,0,LOW
581.7,0.077,28.1,84.1,66.9,24.8,100.0,24.1,3.4,29.5,35.0,42.8,0,3,CRITICAL
559.7,0.588,19.4,28.7,51.6,21.7,80.7,30.8,4.19,37.1,43.3,55.8,0,3,CRITICAL
558.7,0.612,12.4,59.4,50.7,18.8,58.5,24.2,0.14,24.8,24.2,23.8,0,2,HIGH
554.5,0.709,14.6,29.6,37.9,22.6,42.8,18.4,0.18,18.2,19.5,20.5,0,1,MODERATE
580.9,0.095,22.9,57.5,52.4,15.1,100.0,28.2,3.84,33.7,39.6,51.2,0,3,CRITICAL
581.2,0.088,4.7,12.0,40.8,24.2,13.9,5.9,-0.04,5.7,6.2,3.9,0,0,LOW
564.6,0.474,101.0,258.7,100.0,17.1,100.0,30.4,10.6,46.2,61.3,91.0,0,3,CRITICAL
582.8,0.051,66.3,133.6,100.0,23.6,100.0,28.9,6.11,37.7,47.4,64.9,0,3,CRITICAL
561.2,0.553,18.9,67.7,59.1,11.0,100.0,34.4,3.67,39.8,45.5,54.7,0,3,CRITICAL
548.3,0.853,4.0,33.7,37.1,10.9,23.8,18.9,-0.25,18.7,18.3,15.7,0,1,MODERATE
579.9,0.119,20.5,65.9,70.2,22.0,100.0,25.6,3.15,30.3,34.2,43.5,0,2,HIGH
569.2,0.367,1.3,34.8,40.3,11.9,7.7,7.4,0.14,7.2,7.8,10.0,0,0,LOW
566.3,0.435,0.6,31.1,52.3,15.4,3.6,5.5,-0.23,4.7,4.7,5.5,0,0,LOW
575.6,0.219,5.4,33.6,55.4,15.9,32.9,12.5,0.23,13.1,12.4,14.2,0,0,LOW
576.0,0.209,11.2,55.2,62.7,12.4,99.1,28.9,2.35,32.7,35.8,40.8,0,3,CRITICAL
544.9,0.933,36.5,84.4,65.1,19.6,100.0,36.4,6.34,45.9,56.0,74.7,0,3,CRITICAL
555.1,0.695,23.4,61.2,56.8,24.2,96.1,33.4,4.69,40.8,47.8,61.3,0,3,CRITICAL
581.7,0.077,24.4,79.3,71.1,17.0,100.0,24.5,3.38,29.4,34.7,44.6,0,2,HIGH
552.8,0.749,10.0,27.1,39.3,17.7,38.9,18.6,0.34,19.5,19.8,20.0,0,1,MODERATE
555.2,0.693,7.6,39.9,48.2,14.0,45.8,20.3,0.15,20.8,21.5,19.9,0,1,MODERATE
575.1,0.23,8.3,41.4,47.9,18.1,38.4,12.3,0.24,12.7,12.4,14.5,0,0,LOW
579.7,0.123,79.1,184.0,100.0,22.5,100.0,25.6,8.11,37.8,49.4,72.6,0,3,CRITICAL
553.6,0.73,0.7,23.0,34.4,19.1,2.2,8.8,0.19,9.4,10.3,8.1,0,0,LOW
550.1,0.812,36.3,134.9,96.5,24.9,100.0,36.2,5.85,45.0,53.1,68.5,0,3,CRITICAL
560.4,0.572,15.6,67.0,63.0,15.8,100.0,30.6,3.45,35.6,41.6,49.0,0,3,CRITICAL
578.4,0.153,10.4,39.0,44.9,21.8,37.5,14.8,0.22,14.8,16.2,16.3,0,1,MODERATE
542.4,0.991,23.3,65.5,58.3,16.4,100.0,36.3,5.77,45.0,53.1,70.0,0,3,CRITICAL
578.2,0.158,12.0,39.5,46.1,13.3,72.8,22.9,0.34,23.1,24.2,26.5,0,2,HIGH
545.9,0.909,37.2,127.9,89.3,17.3,100.0,34.5,7.02,44.8,55.5,74.0,0,3,CRITICAL
549.5,0.826,41.6,68.9,59.2,14.6,100.0,36.4,6.79,46.5,56.2,74.3,0,3,CRITICAL
545.5,0.919,9.9,40.9,55.2,15.8,60.5,27.8,0.03,27.9,27.4,29.3,0,2,HIGH
563.1,0.509,5.8,35.2,44.0,17.5,25.5,14.2,0.22,14.6,14.6,16.2,0,1,MODERATE
567.8,0.4,16.2,52.7,62.1,13.1,100.0,29.7,3.4,34.5,39.5,48.5,0,3,CRITICAL
567.8,0.4,43.8,86.4,81.9,13.7,100.0,32.0,5.68,40.8,48.8,64.4,0,3,CRITICAL
558.4,0.619,4.3,37.5,56.9,11.3,37.9,16.4,-0.18,16.0,16.9,15.3,0,1,MODERATE
549.2,0.833,17.6,71.0,67.5,22.2,93.6,36.5,5.46,44.6,53.4,66.7,0,3,CRITICAL
581.4,0.084,18.0,52.1,47.1,11.2,100.0,29.6,2.83,33.6,38.8,45.2,0,3,CRITICAL
581.4,0.084,23.8,49.7,55.3,13.5,100.0,24.6,2.69,28.8,33.2,41.8,0,2,HIGH
582.5,0.058,2.5,25.6,51.6,23.4,9.6,3.0,0.13,2.9,3.8,2.2,0,0,LOW
546.4,0.898,22.6,63.8,54.4,16.9,100.0,38.3,5.64,46.4,56.1,70.1,0,3,CRITICAL
542.4,0.991,43.2,141.6,100.0,10.3,100.0,37.9,6.52,47.3,56.6,74.5,0,3,CRITICAL
547.7,0.867,3.6,42.7,52.8,14.2,23.4,15.7,-0.22,15.0,14.5,14.9,0,1,MODERATE
574.4,0.247,4.9,21.5,30.8,16.9,15.6,9.7,0.1,9.7,10.1,9.9,0,0,LOW
564.6,0.474,64.0,213.1,100.0,19.1,100.0,33.0,7.93,45.1,56.8,78.7,0,3,CRITICAL
563.6,0.498,3.6,39.4,43.8,19.0,14.5,9.8,-0.15,9.7,9.2,8.5,0,0,LOW
558.1,0.626,34.7,67.1,53.9,16.5,100.0,34.3,5.06,42.3,50.1,64.5,0,3,CRITICAL
569.9,0.351,12.2,30.3,35.5,13.4,56.6,19.0,0.14,19.2,19.4,21.2,0,1,MODERATE
561.9,0.537,5.1,11.6,44.8,23.5,17.0,14.2,-0.12,13.6,13.8,13.1,0,1,MODERATE
570.1,0.347,36.8,93.6,73.9,17.7,100.0,30.0,5.71,38.9,47.1,62.6,0,3,CRITICAL
550.3,0.807,10.6,35.0,57.3,12.2,87.1,33.7,3.77,38.9,44.4,55.6,0,3,CRITICAL
543.0,0.977,13.0,55.9,57.2,19.3,67.4,28.3,-0.11,28.2,27.2,27.4,0,2,HIGH
563.0,0.512,8.0,20.8,46.0,20.9,30.8,15.2,-0.2,15.4,15.5,13.6,0,1,MODERATE
570.4,0.34,16.2,59.7,55.2,12.1,100.0,32.6,2.78,36.7,40.7,47.1,0,3,CRITICAL
555.0,0.698,3.2,16.5,39.6,16.3,13.6,14.7,-0.25,14.4,13.5,14.7,0,1,MODERATE
542.0,1.0,8.9,46.0,48.3,17.2,43.7,21.3,0.06,21.9,22.3,21.6,0,2,HIGH
545.4,0.921,62.8,157.5,100.0,24.7,100.0,39.2,9.26,52.8,67.1,94.3,0,3,CRITICAL
577.0,0.186,5.4,35.9,48.5,20.0,22.9,11.0,0.06,11.3,11.8,12.3,0,0,LOW
552.5,0.756,19.2,65.4,58.1,24.1,81.0,29.1,5.38,37.7,44.3,60.6,0,3,CRITICAL
576.5,0.198,7.1,44.4,53.3,22.7,29.2,9.0,0.32,9.4,9.3,9.4,0,0,LOW
565.3,0.458,26.7,77.2,67.0,15.0,100.0,29.0,4.03,35.0,41.9,50.8,0,3,CRITICAL
555.5,0.686,2.5,24.0,48.3,12.3,17.2,13.4,-0.33,13.3,11.6,10.5,0,0,LOW
579.8,0.121,63.0,163.5,100.0,16.1,100.0,29.5,6.27,39.0,47.6,64.6,0,3,CRITICAL
556.1,0.672,10.9,23.0,33.1,21.9,28.8,13.3,0.14,13.5,12.9,15.8,0,0,LOW
576.7,0.193,4.8,50.4,45.2,12.7,29.9,8.6,0.29,8.9,9.8,11.5,0,0,LOW
557.4,0.642,1.4,4.6,40.2,15.0,6.6,7.6,-0.02,8.1,7.8,8.6,0,0,LOW
550.3,0.807,3.3,20.5,50.1,11.6,24.9,17.5,0.04,17.6,18.3,17.0,0,1,MODERATE
544.8,0.935,13.2,39.0,52.4,20.5,59.0,24.5,0.23,25.0,24.3,27.1,0,2,HIGH
570.6,0.335,7.4,49.5,51.9,17.6,38.2,13.3,0.17,13.5,14.4,13.3,0,1,MODERATE
584.3,0.016,31.8,67.0,58.3,12.2,100.0,24.1,3.2,29.0,32.9,41.2,0,2,HIGH
561.3,0.551,10.1,17.5,44.2,20.3,38.5,17.7,0.23,18.0,17.6,19.6,0,1,MODERATE
582.5,0.058,5.1,34.1,55.8,13.1,38.0,11.0,-0.28,10.2,9.5,7.8,0,0,LOW
543.3,0.97,17.3,54.5,51.0,17.5,88.2,35.6,4.9,43.2,49.9,62.7,0,3,CRITICAL
556.1,0.672,22.1,77.6,65.1,23.7,100.0,34.5,5.0,41.5,50.1,65.1,0,3,CRITICAL
559.9,0.584,3.3,46.1,46.0,23.3,11.4,9.3,0.03,9.8,10.2,10.3,0,0,LOW
560.0,0.581,3.3,33.3,50.9,22.0,13.4,10.6,-0.33,10.1,10.3,8.7,0,0,LOW
551.1,0.788,0.7,27.6,48.5,17.6,3.4,11.5,0.15,12.2,12.2,12.8,0,0,LOW
560.7,0.565,24.0,97.3,77.7,20.8,100.0,33.1,4.64,40.3,46.1,59.4,0,3,CRITICAL
559.5,0.593,19.6,74.9,66.9,23.2,98.9,35.4,4.92,42.9,49.6,63.3,0,3,CRITICAL
567.4,0.409,11.6,34.3,50.2,10.6,96.1,28.3,3.81,33.8,39.3,50.5,0,3,CRITICAL
543.7,0.96,33.5,109.2,82.5,16.5,100.0,40.3,6.78,50.2,61.3,79.8,0,3,CRITICAL
559.9,0.584,29.5,97.2,84.5,19.6,100.0,31.8,5.22,39.2,48.4,61.0,0,3,CRITICAL
570.4,0.34,15.8,30.9,40.1,24.8,44.7,16.6,0.11,16.8,16.3,17.9,0,1,MODERATE
545.4,0.921,36.5,119.4,80.1,11.9,100.0,38.5,6.11,47.8,57.2,73.6,0,3,CRITICAL
581.0,0.093,4.1,12.8,28.4,24.0,8.5,3.1,0.01,3.2,2.3,4.9,0,0,LOW
579.5,0.128,2.1,5.5,27.5,21.7,4.7,5.5,0.21,6.3,5.4,6.5,0,0,LOW
547.2,0.879,5.7,45.0,51.8,11.8,43.8,23.5,-0.12,22.9,23.7,22.3,0,2,HIGH
558.7,0.612,1.1,39.5,54.3,23.7,4.4,10.2,0.2,10.8,11.8,10.1,0,0,LOW
556.7,0.658,13.6,55.3,51.5,24.9,49.2,22.7,0.08,22.7,22.7,24.1,0,2,HIGH
546.5,0.895,49.7,132.9,90.7,12.9,100.0,37.6,7.87,49.7,60.3,85.0,0,3,CRITICAL
551.8,0.772,0.7,38.1,48.9,21.6,2.8,10.3,-0.0,10.0,9.4,10.1,0,0,LOW
542.2,0.995,2.3,43.6,60.5,19.7,12.4,15.5,0.15,16.2,16.7,14.9,0,1,MODERATE
578.2,0.158,10.8,45.7,45.2,12.0,71.2,20.7,0.41,21.5,21.6,23.5,0,1,MODERATE
543.4,0.967,48.9,136.7,94.6,22.3,100.0,36.4,8.12,48.1,60.4,85.2,0,3,CRITICAL
547.9,0.863,6.8,26.2,36.2,15.1,28.5,18.0,-0.22,17.7,16.5,16.0,0,1,MODERATE
554.9,0.7,12.7,55.0,54.1,20.7,58.1,26.1,0.41,26.8,28.0,28.0,0,2,HIGH
546.1,0.905,0.8,14.6,45.1,12.7,5.0,11.4,0.1,11.3,11.3,13.2,0,0,LOW
565.7,0.449,2.9,40.4,56.4,18.2,15.7,10.8,0.07,10.7,11.1,10.5,0,0,LOW
580.5,0.105,77.7,188.4,100.0,16.3,100.0,28.2,7.38,38.8,49.5,72.6,0,3,CRITICAL
567.3,0.412,60.4,101.9,80.3,15.4,100.0,31.2,6.76,41.4,51.6,71.5,0,3,CRITICAL
545.5,0.919,0.1,26.1,44.4,23.0,0.3,12.9,-0.39,12.0,12.1,9.4,0,0,LOW
583.2,0.042,54.6,161.4,100.0,10.1,100.0,26.6,5.38,35.0,43.3,56.7,0,3,CRITICAL
565.5,0.453,18.3,32.1,49.4,12.9,100.0,31.6,3.61,36.9,42.6,54.0,0,3,CRITICAL
554.4,0.712,36.4,92.4,68.7,16.3,100.0,35.4,5.94,44.8,53.0,68.7,0,3,CRITICAL
552.9,0.747,10.9,22.7,44.2,11.8,71.5,28.9,-0.1,28.3,29.6,29.2,0,2,HIGH
573.4,0.27,13.0,35.1,41.9,24.4,39.1,14.5,0.25,15.1,15.9,14.2,0,1,MODERATE
546.6,0.893,12.1,24.3,46.6,21.8,45.3,25.3,0.04,25.3,25.7,26.2,0,2,HIGH
561.1,0.556,19.8,55.5,51.9,15.3,100.0,34.9,4.76,42.2,49.2,64.1,0,3,CRITICAL
560.8,0.563,2.7,21.7,34.0,21.7,7.4,11.6,0.1,11.8,11.3,10.8,0,0,LOW
554.4,0.712,0.5,7.9,39.3,17.1,2.0,11.6,-0.35,11.0,10.2,8.6,0,0,LOW
550.6,0.8,6.6,50.6,64.6,14.0,53.3,23.8,-0.01,23.4,24.3,24.3,0,2,HIGH
558.5,0.616,22.0,83.2,74.4,12.2,100.0,32.0,4.36,38.3,44.3,58.6,0,3,CRITICAL
564.2,0.484,4.1,23.1,32.8,24.4,9.6,6.8,0.22,6.9,6.9,9.7,0,0,LOW
582.0,0.07,20.1,74.6,75.8,23.8,100.0,27.6,3.75,32.7,39.8,48.7,0,3,CRITICAL
571.7,0.309,63.1,154.4,97.2,12.9,100.0,27.4,6.78,37.8,47.2,67.8,0,3,CRITICAL
567.2,0.414,1.8,30.8,54.6,18.5,9.3,7.4,-0.14,7.3,7.8,6.0,0,0,LOW
578.9,0.142,20.1,66.0,63.6,17.4,100.0,27.3,3.31,32.5,36.4,47.9,0,3,CRITICAL
551.9,0.77,10.6,35.6,46.0,24.9,34.3,16.2,0.22,17.0,16.7,16.2,0,1,MODERATE
573.7,0.263,36.5,60.4,55.3,23.8,100.0,28.6,5.56,37.1,46.1,62.3,0,3,CRITICAL
546.0,0.907,3.5,33.8,38.8,13.8,17.2,16.8,0.12,17.4,16.6,17.4,0,1,MODERATE
553.9,0.723,21.2,61.4,65.3,23.9,100.0,34.6,5.49,43.1,51.8,65.0,0,3,CRITICAL
563.7,0.495,32.8,74.4,57.2,20.4,100.0,34.6,5.49,42.9,50.4,67.3,0,3,CRITICAL
584.2,0.019,52.1,136.9,92.3,22.3,100.0,24.6,4.78,31.4,39.6,51.2,0,3,CRITICAL
554.7,0.705,20.7,44.8,54.8,10.5,100.0,35.8,5.0,43.2,51.3,65.7,0,3,CRITICAL
577.9,0.165,12.4,51.0,62.2,12.4,100.0,27.2,2.16,30.0,33.0,41.0,0,2,HIGH
560.1,0.579,17.3,29.4,36.2,16.2,67.7,24.5,0.37,24.7,26.0,27.4,0,2,HIGH
580.0,0.116,36.6,111.0,87.3,24.4,100.0,27.9,4.21,34.2,41.2,52.7,0,3,CRITICAL
570.4,0.34,15.2,41.4,44.1,22.6,51.9,17.7,0.09,17.9,18.8,19.3,0,1,MODERATE
577.9,0.165,0.6,12.7,41.8,17.0,2.6,3.0,-0.04,3.2,2.1,1.2,0,0,LOW
573.7,0.263,48.1,133.1,97.8,15.9,100.0,30.1,6.07,39.5,47.4,64.2,0,3,CRITICAL
579.7,0.123,21.1,61.9,52.0,22.9,83.8,23.7,2.61,27.7,30.7,38.9,0,2,HIGH
546.0,0.907,20.3,54.8,64.0,10.7,100.0,36.8,5.65,44.9,54.3,70.3,0,3,CRITICAL
545.8,0.912,4.4,24.0,40.4,19.5,16.0,13.4,0.14,13.6,14.2,16.0,0,1,MODERATE
556.5,0.663,19.4,24.8,32.9,20.0,55.8,20.0,0.47,20.2,21.1,23.7,0,1,MODERATE
576.7,0.193,9.0,22.5,35.1,24.3,22.7,6.6,0.25,7.0,7.1,9.1,0,0,LOW
574.2,0.251,19.0,70.0,74.8,14.7,100.0,30.0,3.84,35.8,41.1,51.5,0,3,CRITICAL
548.8,0.842,2.0,10.1,38.4,18.1,7.4,11.7,-0.05,11.9,10.9,12.6,0,0,LOW
554.4,0.712,19.3,44.1,49.6,10.6,100.0,34.1,3.86,40.0,44.7,55.6,0,3,CRITICAL
552.6,0.753,130.0,241.5,100.0,17.7,100.0,35.2,13.39,55.3,74.8,111.6,0,3,CRITICAL
553.6,0.73,0.9,14.3,40.4,15.5,4.1,12.7,0.09,12.7,12.1,14.0,0,0,LOW
568.9,0.374,68.0,95.7,76.1,22.8,100.0,30.8,7.8,42.8,53.2,76.5,0,3,CRITICAL
569.4,0.363,9.4,62.4,54.9,11.0,82.1,24.5,2.23,27.5,31.0,38.6,0,2,HIGH
547.3,0.877,36.8,98.1,69.1,19.4,100.0,35.1,6.92,45.2,56.8,75.2,0,3,CRITICAL
582.0,0.07,27.5,70.8,70.7,17.9,100.0,24.2,3.28,28.8,33.2,43.9,0,2,HIGH
568.6,0.381,15.1,32.1,47.5,20.0,62.8,22.7,0.15,22.6,22.6,23.3,0,2,HIGH
572.8,0.284,24.1,72.1,66.6,13.2,100.0,28.3,4.3,34.3,41.9,54.4,0,3,CRITICAL
554.5,0.709,37.9,120.6,87.4,21.3,100.0,36.1,6.6,45.5,55.7,73.4,0,3,CRITICAL
571.1,0.323,9.3,43.5,47.6,24.4,31.7,15.3,-0.2,14.6,14.5,13.8,0,1,MODERATE
554.0,0.721,7.1,34.8,53.7,17.6,37.9,21.6,0.21,22.1,22.0,23.0,0,2,HIGH
563.5,0.5,19.8,68.7,61.0,24.6,85.9,28.3,4.58,34.7,42.4,53.2,0,3,CRITICAL
571.5,0.314,29.7,72.5,61.0,23.7,100.0,28.0,4.81,35.1,43.1,55.0,0,3,CRITICAL
555.5,0.686,25.9,76.2,62.5,12.1,100.0,31.8,4.43,38.5,45.1,58.3,0,3,CRITICAL
575.9,0.212,28.8,83.9,65.9,18.9,100.0,29.3,3.63,34.5,40.0,49.7,0,3,CRITICAL
551.7,0.774,10.3,61.1,65.0,24.3,48.2,24.9,0.17,25.2,25.9,25.3,0,2,HIGH
558.7,0.612,30.7,79.5,67.9,18.3,100.0,35.5,5.82,43.7,52.3,70.4,0,3,CRITICAL
584.9,0.002,2.3,7.1,39.1,11.7,13.5,3.0,0.0,3.4,2.5,2.6,0,0,LOW
562.3,0.528,14.2,43.6,47.5,24.7,47.8,17.0,0.32,17.4,17.0,19.3,0,1,MODERATE
551.2,0.786,0.1,31.9,38.6,10.9,0.6,9.4,-0.36,8.5,8.4,8.3,0,0,LOW
554.3,0.714,7.1,23.7,39.8,17.2,28.8,18.8,0.09,19.2,18.9,18.1,0,1,MODERATE
573.1,0.277,8.2,46.5,53.4,11.1,69.0,21.3,-0.03,21.2,20.4,22.7,0,1,MODERATE
571.9,0.305,9.1,35.2,48.0,16.1,47.5,18.0,0.28,18.6,19.4,19.0,0,1,MODERATE
563.2,0.507,21.4,56.6,64.1,10.7,100.0,33.2,3.65,38.3,44.7,52.6,0,3,CRITICAL
543.8,0.958,8.9,53.0,56.9,13.0,68.2,28.9,0.31,29.0,30.6,29.0,0,2,HIGH
548.6,0.847,10.7,33.5,51.7,11.5,84.2,30.3,3.8,36.4,41.4,53.5,0,3,CRITICAL
563.9,0.491,4.9,30.2,44.8,22.7,16.9,10.7,0.03,11.1,11.0,12.6,0,0,LOW
577.7,0.17,8.4,52.5,48.6,14.6,48.9,15.6,0.24,16.4,16.9,16.4,0,1,MODERATE
552.2,0.763,4.6,48.4,58.9,17.9,26.5,16.2,-0.18,16.1,15.9,13.8,0,1,MODERATE
546.4,0.898,1.4,30.2,35.5,22.3,3.9,12.8,0.22,13.2,12.6,13.3,0,0,LOW
566.7,0.426,16.6,73.3,65.7,13.8,100.0,33.0,3.5,38.3,43.6,54.9,0,3,CRITICAL
560.1,0.579,19.9,76.1,75.4,19.9,100.0,34.9,4.5,41.9,48.9,61.6,0,3,CRITICAL
574.7,0.24,17.4,48.2,54.5,12.2,100.0,30.6,3.36,35.8,40.8,48.8,0,3,CRITICAL
566.3,0.435,11.2,49.6,62.5,18.5,66.2,24.5,0.34,25.5,26.3,25.1,0,2,HIGH
578.1,0.16,8.6,30.3,50.8,21.6,35.4,11.4,0.11,12.0,10.8,12.5,0,0,LOW
543.0,0.977,35.8,81.1,73.4,16.9,100.0,37.2,7.14,48.1,58.0,77.6,0,3,CRITICAL
566.2,0.437,13.2,46.0,55.1,14.9,85.4,28.6,4.01,34.8,41.4,51.9,0,3,CRITICAL
570.3,0.342,11.7,25.2,49.0,14.3,70.2,19.7,0.04,19.7,20.1,21.7,0,1,MODERATE
580.8,0.098,0.5,18.4,29.8,22.1,1.2,4.2,-0.15,4.2,3.8,2.1,0,0,LOW
570.4,0.34,7.5,32.1,47.5,15.2,41.0,16.1,0.3,16.3,17.1,19.0,0,1,MODERATE
546.2,0.902,8.6,57.0,63.8,22.1,43.4,21.6,-0.03,22.0,20.8,22.7,0,1,MODERATE
575.4,0.223,9.2,22.9,43.2,21.6,32.2,13.8,-0.05,14.1,14.4,14.7,0,1,MODERATE
549.1,0.835,15.6,37.5,52.1,17.7,80.4,31.7,5.2,39.4,48.3,60.5,0,3,CRITICAL
584.1,0.021,13.7,33.0,38.1,12.9,70.8,19.6,0.37,20.5,19.8,23.3,0,1,MODERATE
558.1,0.626,16.9,47.7,45.5,19.4,69.4,23.3,0.38,23.4,24.3,24.3,0,2,HIGH
569.1,0.37,26.1,62.8,60.3,16.2,100.0,28.3,4.61,34.9,41.7,53.3,0,3,CRITICAL
563.3,0.505,30.2,68.9,57.7,20.7,100.0,31.7,4.39,38.2,45.6,57.8,0,3,CRITICAL
567.6,0.405,22.8,62.1,52.9,23.1,91.4,30.1,4.57,37.4,44.7,58.3,0,3,CRITICAL
566.3,0.435,56.0,153.4,100.0,10.3,100.0,33.8,7.08,44.2,56.0,73.8,0,3,CRITICAL
561.5,0.547,0.3,5.7,41.5,15.4,1.4,10.5,-0.27,10.5,9.5,8.8,0,0,LOW
581.9,0.072,3.9,15.8,47.8,23.6,13.8,6.4,-0.27,5.7,5.3,3.8,0,0,LOW
560.1,0.579,0.1,39.4,46.1,17.0,0.5,8.4,0.19,8.6,8.4,9.3,0,0,LOW
580.3,0.109,18.8,51.2,57.5,20.9,90.5,22.9,3.15,27.2,33.1,40.4,0,2,HIGH
543.8,0.958,41.1,120.3,85.8,10.8,100.0,37.2,7.21,48.3,58.6,79.1,0,3,CRITICAL
581.9,0.072,5.0,42.9,51.4,17.7,25.4,10.7,-0.25,10.7,10.2,10.6,0,0,LOW
580.5,0.105,47.1,134.0,89.0,12.9,100.0,27.4,5.99,36.1,45.5,63.0,0,3,CRITICAL
563.1,0.509,1.1,26.9,38.1,16.4,4.5,10.2,0.15,10.5,11.4,12.3,0,0,LOW
549.6,0.823,49.0,125.0,83.1,13.4,100.0,37.4,7.92,48.8,61.7,83.7,0,3,CRITICAL
572.9,0.281,7.8,41.9,60.8,16.8,49.4,17.9,-0.0,18.3,17.4,17.6,0,1,MODERATE
575.5,0.221,1.9,34.4,44.5,10.0,14.8,7.6,-0.31,7.5,6.0,6.3,0,0,LOW
556.1,0.672,12.0,57.1,62.1,19.9,65.5,22.5,0.04,23.0,23.5,23.4,0,2,HIGH
559.4,0.595,5.3,10.5,38.3,24.1,14.7,9.3,0.05,9.2,9.2,9.4,0,0,LOW
567.5,0.407,6.0,31.2,51.1,14.0,38.3,15.0,0.09,14.9,15.4,13.8,0,1,MODERATE
548.8,0.842,6.6,18.9,36.1,10.5,39.7,21.7,0.17,22.1,22.3,24.4,0,2,HIGH
567.7,0.402,29.2,87.6,69.6,11.9,100.0,33.1,4.35,39.9,46.2,58.8,0,3,CRITICAL
569.8,0.353,13.9,41.1,51.5,16.9,74.1,25.6,0.43,26.4,26.8,27.6,0,2,HIGH
549.7,0.821,6.7,33.7,44.7,12.9,40.6,22.6,0.13,22.3,23.2,22.5,0,2,HIGH
575.6,0.219,17.0,49.1,57.1,24.6,69.1,20.9,0.26,21.2,21.0,22.9,0,1,MODERATE
581.4,0.084,22.7,74.4,60.3,22.5,100.0,25.9,3.39,31.0,36.6,46.6,0,3,CRITICAL
564.9,0.467,5.7,13.1,39.4,20.2,19.5,13.2,-0.06,13.3,13.8,13.4,0,1,MODERATE
579.3,0.133,9.6,38.7,53.9,15.0,60.4,17.4,-0.19,17.3,16.2,17.7,0,1,MODERATE
549.6,0.823,2.3,39.6,45.2,12.7,14.3,14.6,-0.08,14.4,13.6,15.3,0,1,MODERATE
568.3,0.388,3.6,15.3,46.7,20.3,14.5,10.7,0.18,11.3,11.9,10.7,0,0,LOW
582.4,0.06,20.6,78.8,70.9,11.5,100.0,26.2,2.69,30.4,35.1,40.7,0,3,CRITICAL
574.7,0.24,3.6,45.8,46.5,24.2,12.1,6.2,0.25,6.2,7.8,6.6,0,0,LOW
571.9,0.305,13.4,47.8,57.6,11.5,100.0,31.8,3.74,37.0,43.4,53.0,0,3,CRITICAL
543.1,0.974,22.2,70.3,74.3,24.2,100.0,38.0,4.74,44.9,52.2,66.1,0,3,CRITICAL
577.5,0.174,2.0,10.9,38.0,11.8,11.3,7.0,-0.05,7.0,7.7,5.3,0,0,LOW
562.7,0.519,15.1,31.7,46.3,20.6,59.4,22.6,0.06,22.2,23.5,21.9,0,2,HIGH
555.2,0.693,5.3,27.3,40.2,14.9,25.0,13.2,0.14,13.3,14.4,15.2,0,1,MODERATE
562.5,0.523,59.3,172.4,100.0,16.4,100.0,34.4,6.62,44.8,53.8,74.0,0,3,CRITICAL
572.0,0.302,11.9,30.9,54.5,21.9,51.8,14.8,0.05,14.8,15.2,16.7,0,1,MODERATE
547.2,0.879,29.5,82.2,62.3,21.0,100.0,34.3,5.77,42.7,50.9,69.0,0,3,CRITICAL
564.7,0.472,14.4,50.9,48.7,12.1,100.0,30.7,4.05,37.1,42.7,52.6,0,3,CRITICAL
556.0,0.674,0.8,22.2,46.9,16.7,3.9,9.7,-0.2,9.1,9.1,8.0,0,0,LOW
556.5,0.663,18.1,69.9,65.8,15.1,100.0,34.5,5.05,42.4,49.3,64.6,0,3,CRITICAL
568.4,0.386,54.4,85.9,82.1,23.7,100.0,33.4,7.04,43.9,54.2,72.9,0,3,CRITICAL
578.6,0.149,16.6,45.1,58.6,15.6,100.0,26.2,3.17,30.7,36.6,43.3,0,3,CRITICAL
579.7,0.123,30.8,113.6,92.8,23.0,100.0,24.9,3.28,29.7,33.8,42.9,0,2,HIGH
569.2,0.367,38.8,88.3,66.2,14.5,100.0,32.5,5.31,40.3,48.6,65.1,0,3,CRITICAL
563.1,0.509,4.7,43.4,61.5,13.3,38.0,16.3,0.08,16.4,17.4,17.3,0,1,MODERATE
548.4,0.851,4.3,19.9,40.3,21.1,14.4,12.8,-0.09,12.4,13.4,12.4,0,1,MODERATE
576.6,0.195,17.0,46.8,59.7,21.1,84.2,22.5,2.44,25.9,29.1,37.9,0,2,HIGH
542.3,0.993,9.5,19.7,37.4,10.1,61.6,25.9,-0.06,25.6,25.0,26.3,0,2,HIGH
561.9,0.537,33.0,47.5,53.2,17.8,100.0,30.0,5.17,38.0,46.3,59.9,0,3,CRITICAL
555.8,0.679,41.5,113.9,89.5,17.3,100.0,33.4,6.81,44.1,53.5,73.3,0,3,CRITICAL
564.0,0.488,7.8,45.8,52.0,23.5,30.2,14.7,0.19,14.9,15.4,14.7,0,1,MODERATE
560.9,0.56,4.9,25.6,34.1,20.3,14.4,9.5,0.17,10.0,10.9,11.0,0,0,LOW
583.6,0.033,27.3,111.6,82.3,12.6,100.0,26.9,3.62,32.4,38.2,49.3,0,3,CRITICAL
583.1,0.044,5.8,45.7,56.0,18.8,30.2,9.9,-0.14,9.7,9.0,7.9,0,0,LOW
570.1,0.347,31.1,82.1,72.6,23.4,100.0,28.4,4.69,35.2,42.3,55.6,0,3,CRITICAL
569.7,0.356,9.9,58.9,53.8,22.1,42.2,14.6,0.36,15.2,15.2,15.8,0,1,MODERATE
576.9,0.188,19.8,72.8,70.9,12.7,100.0,27.9,3.79,33.9,39.1,48.8,0,3,CRITICAL
549.5,0.826,1.8,4.6,27.2,23.5,3.6,11.6,-0.05,11.5,10.7,11.3,0,0,LOW
580.5,0.105,17.6,53.5,57.9,23.7,75.2,19.5,2.39,23.4,27.2,31.9,0,2,HIGH
576.1,0.207,10.8,51.4,63.0,18.2,65.4,17.9,0.35,18.2,19.1,20.3,0,1,MODERATE
582.4,0.06,15.9,62.3,61.3,18.5,92.2,23.9,2.24,27.5,31.0,36.4,0,2,HIGH
564.1,0.486,3.3,30.4,43.1,10.9,22.8,14.6,0.12,15.3,15.5,14.2,0,1,MODERATE
554.0,0.721,24.0,77.3,71.6,22.2,100.0,36.8,5.08,44.0,51.2,67.5,0,3,CRITICAL
549.0,0.837,35.8,84.1,80.0,23.0,100.0,33.2,5.68,41.8,50.8,67.0,0,3,CRITICAL
567.2,0.414,4.4,8.7,30.4,17.2,13.6,10.3,0.13,10.2,10.9,10.0,0,0,LOW
542.2,0.995,1.8,22.2,35.3,18.9,5.9,12.0,0.22,12.0,11.8,12.0,0,0,LOW
548.5,0.849,0.4,5.3,36.4,20.5,1.2,11.2,-0.11,11.2,10.0,10.9,0,0,LOW
574.1,0.253,18.5,29.3,42.7,11.9,100.0,27.1,2.8,31.5,35.4,44.1,0,3,CRITICAL
570.5,0.337,16.8,75.4,76.3,13.0,100.0,30.8,3.78,36.0,42.3,52.5,0,3,CRITICAL
556.5,0.663,14.2,55.6,56.9,23.2,60.9,26.0,0.35,26.1,27.6,27.2,0,2,HIGH
546.3,0.9,4.8,39.5,53.4,19.4,23.1,15.4,-0.1,14.8,15.4,16.6,0,1,MODERATE
548.5,0.849,8.9,19.9,46.7,18.9,38.5,22.0,-0.0,22.5,22.4,23.2,0,2,HIGH
544.8,0.935,16.2,64.9,68.6,13.2,100.0,38.2,5.03,45.4,53.7,67.4,0,3,CRITICAL
542.7,0.984,12.4,55.6,50.2,14.1,77.3,31.7,4.49,38.3,44.9,57.0,0,3,CRITICAL
581.7,0.077,79.3,123.1,100.0,23.3,100.0,28.6,7.07,39.7,50.7,69.3,0,3,CRITICAL
557.6,0.637,2.6,13.0,36.4,10.9,15.2,13.0,-0.31,12.8,13.0,11.0,0,1,MODERATE
579.1,0.137,21.4,35.6,40.3,14.2,100.0,28.5,3.91,34.2,39.8,52.5,0,3,CRITICAL
577.6,0.172,9.3,47.0,47.9,20.7,37.7,11.2,-0.06,10.7,11.3,12.3,0,0,LOW
559.4,0.595,10.1,56.7,61.1,15.5,69.7,27.9,-0.01,27.4,27.8,28.5,0,2,HIGH
584.9,0.002,22.8,57.9,52.4,13.7,100.0,25.9,2.49,30.0,32.9,40.1,0,2,HIGH
546.8,0.888,21.2,75.0,73.4,17.7,100.0,33.9,4.46,41.0,47.9,60.0,0,3,CRITICAL
546.3,0.9,85.3,187.3,100.0,12.4,100.0,36.9,10.39,52.5,68.7,97.8,0,3,CRITICAL
561.3,0.551,2.5,4.8,36.8,24.6,6.5,10.5,-0.07,10.1,9.4,9.9,0,0,LOW
552.6,0.753,2.0,13.0,28.1,10.7,9.2,14.6,-0.14,14.4,13.7,13.1,0,1,MODERATE
576.4,0.2,23.2,62.5,51.7,18.5,100.0,26.5,3.65,32.0,37.2,47.4,0,3,CRITICAL
560.5,0.57,15.5,26.1,35.5,10.1,95.3,29.9,4.17,36.5,41.8,53.7,0,3,CRITICAL
577.4,0.177,5.8,33.1,41.6,16.6,25.4,8.8,0.21,8.7,9.6,10.1,0,0,LOW
577.7,0.17,1.5,22.5,31.9,24.7,3.4,3.3,-0.11,2.9,2.6,3.0,0,0,LOW
574.5,0.244,1.6,6.0,34.8,20.0,4.9,3.0,-0.22,2.2,2.7,2.0,0,0,LOW
565.4,0.456,40.4,112.1,90.3,21.4,100.0,33.6,5.82,42.1,50.1,66.5,0,3,CRITICAL
584.9,0.002,3.8,36.3,39.0,19.2,13.5,4.4,0.16,4.4,5.5,6.5,0,0,LOW
582.0,0.07,7.0,37.1,58.3,19.6,36.4,11.8,-0.14,11.7,11.8,12.1,0,0,LOW
558.4,0.619,4.6,21.3,38.9,15.7,19.9,11.0,-0.18,10.5,9.6,9.9,0,0,LOW
553.4,0.735,7.9,19.4,36.1,12.7,39.3,21.1,0.34,21.8,22.3,23.4,0,2,HIGH
581.2,0.088,1.3,21.5,31.0,20.7,3.4,5.4,-0.27,4.9,5.6,4.4,0,0,LOW
543.1,0.974,13.2,46.3,59.5,18.1,75.9,29.7,4.13,35.4,41.4,54.2,0,3,CRITICAL
543.2,0.972,1.3,28.3,36.1,24.0,3.4,16.1,0.19,16.7,16.1,17.9,0,1,MODERATE
574.3,0.249,29.0,85.1,80.2,21.7,100.0,28.7,3.66,33.8,40.6,51.6,0,3,CRITICAL
573.4,0.27,4.8,34.9,56.7,23.9,19.9,9.3,0.19,9.9,10.8,11.9,0,0,LOW
580.4,0.107,14.0,29.1,49.7,16.8,72.5,22.7,0.09,22.8,23.8,23.5,0,2,HIGH
560.9,0.56,38.2,94.3,67.4,12.6,100.0,34.6,5.35,42.2,50.6,65.5,0,3,CRITICAL
546.0,0.907,18.9,81.8,68.5,11.3,100.0,37.5,4.42,44.3,49.9,61.9,0,3,CRITICAL
580.3,0.109,13.7,54.8,63.2,19.0,79.7,21.8,3.22,26.3,31.9,40.1,0,2,HIGH
582.6,0.056,7.1,50.1,58.3,10.8,67.1,15.7,-0.05,15.8,15.1,16.5,0,1,MODERATE
576.0,0.209,7.3,27.9,34.8,23.5,18.9,9.1,-0.15,8.7,9.4,8.9,0,0,LOW
566.0,0.442,19.9,49.6,46.9,24.0,68.1,23.8,0.51,24.7,25.6,25.6,0,2,HIGH
569.5,0.36,92.5,279.0,100.0,14.2,100.0,31.0,9.38,44.8,58.7,85.8,0,3,CRITICAL
543.1,0.974,19.5,50.0,46.3,10.2,100.0,38.1,4.65,44.7,53.0,64.6,0,3,CRITICAL
574.7,0.24,14.7,53.3,57.5,11.9,100.0,28.9,3.14,33.9,37.8,47.2,0,3,CRITICAL
564.9,0.467,23.6,71.8,73.5,12.1,100.0,30.2,4.28,37.1,43.5,54.8,0,3,CRITICAL
566.8,0.423,11.3,46.2,44.4,14.5,60.6,19.5,0.32,20.1,21.0,22.2,0,1,MODERATE
557.4,0.642,1.1,26.6,49.6,25.0,3.8,11.9,0.05,11.6,11.5,13.0,0,0,LOW
580.5,0.105,14.9,65.3,53.5,13.8,100.0,27.6,2.1,30.6,34.6,38.1,0,2,HIGH
549.1,0.835,56.9,161.9,100.0,12.2,100.0,33.8,7.29,44.6,54.7,75.0,0,3,CRITICAL
554.4,0.712,3.5,27.0,41.5,10.9,23.3,16.9,-0.04,17.3,17.3,17.6,0,1,MODERATE
547.5,0.872,21.1,55.6,62.9,19.5,100.0,36.7,5.8,45.6,54.8,70.2,0,3,CRITICAL
565.7,0.449,4.0,8.6,29.7,17.8,11.7,12.3,0.15,12.9,13.0,14.7,0,1,MODERATE
568.9,0.374,13.8,59.3,62.0,18.1,82.7,28.0,2.91,32.8,36.5,45.3,0,3,CRITICAL
560.9,0.56,1.8,20.1,36.3,23.4,4.9,6.5,-0.16,6.0,5.6,6.1,0,0,LOW
546.8,0.888,10.8,52.5,59.8,10.9,100.0,37.8,4.3,44.1,51.1,62.3,0,3,CRITICAL
571.9,0.305,25.4,47.6,45.4,20.2,99.9,27.0,4.54,33.8,41.2,54.4,0,3,CRITICAL
550.9,0.793,7.7,29.5,48.9,11.9,55.4,24.5,-0.09,24.2,23.3,23.9,0,2,HIGH
544.1,0.951,19.7,68.4,60.2,12.0,100.0,37.6,5.32,45.3,53.1,68.0,0,3,CRITICAL
558.1,0.626,28.6,105.3,87.5,18.4,100.0,33.1,5.1,40.3,49.0,61.8,0,3,CRITICAL
542.6,0.986,47.2,128.8,92.9,15.5,100.0,39.4,7.25,50.7,61.3,82.5,0,3,CRITICAL
555.3,0.691,4.8,17.0,44.1,22.1,16.8,10.7,-0.23,10.7,9.7,10.4,0,0,LOW
579.7,0.123,9.2,56.7,52.0,16.3,51.4,16.5,-0.18,16.1,15.6,15.8,0,1,MODERATE
551.8,0.772,3.0,31.6,49.3,12.4,20.9,13.6,-0.24,13.0,13.8,13.3,0,1,MODERATE
560.4,0.572,88.0,257.5,100.0,16.0,100.0,34.4,9.89,49.1,63.3,90.6,0,3,CRITICAL
572.5,0.291,47.1,78.9,78.9,17.6,100.0,32.2,5.79,40.9,49.3,64.2,0,3,CRITICAL
574.7,0.24,14.0,39.3,49.1,17.7,68.0,20.3,0.31,21.3,20.5,23.4,0,1,MODERATE
549.4,0.828,33.2,109.1,83.4,21.8,100.0,33.0,6.43,42.6,53.3,70.0,0,3,CRITICAL
553.3,0.737,13.2,51.8,47.4,21.0,52.1,25.4,-0.1,25.3,24.6,25.8,0,2,HIGH
562.6,0.521,17.6,41.4,52.5,15.8,100.0,33.8,3.28,38.8,44.6,53.3,0,3,CRITICAL
557.8,0.633,1.7,23.3,37.8,11.9,9.4,11.3,0.08,11.4,12.3,11.3,0,0,LOW
574.4,0.247,25.3,70.7,68.9,16.4,100.0,27.8,3.69,33.5,38.5,47.9,0,3,CRITICAL
550.5,0.802,2.5,11.0,44.4,12.3,15.8,15.9,-0.08,16.0,15.9,16.3,0,1,MODERATE
584.0,0.023,31.5,97.0,84.8,11.3,100.0,25.9,4.24,32.5,38.1,49.7,0,3,CRITICAL
569.6,0.358,27.4,85.0,63.1,23.0,100.0,30.6,4.16,36.5,42.2,54.6,0,3,CRITICAL
572.7,0.286,22.2,52.3,63.1,19.1,100.0,28.8,3.36,33.4,38.5,48.8,0,3,CRITICAL
543.4,0.967,0.7,33.2,41.2,20.8,2.4,13.2,-0.3,12.9,11.8,12.7,0,0,LOW
579.9,0.119,6.5,42.2,58.4,21.8,30.5,11.5,0.04,11.8,11.4,11.6,0,0,LOW
554.3,0.714,5.5,48.3,51.1,12.6,39.0,17.8,0.26,18.6,18.1,19.0,0,1,MODERATE
577.5,0.174,8.0,33.7,44.1,11.0,56.1,17.7,-0.11,17.7,17.5,15.3,0,1,MODERATE
571.5,0.314,1.7,36.1,51.4,13.6,11.2,8.1,-0.28,7.6,7.3,7.1,0,0,LOW
579.6,0.126,49.8,150.5,100.0,16.4,100.0,28.0,5.57,36.0,45.5,61.0,0,3,CRITICAL
544.6,0.94,14.5,53.0,58.1,12.0,100.0,37.2,4.42,43.8,49.7,62.4,0,3,CRITICAL
543.6,0.963,6.6,38.0,51.0,21.2,27.8,18.8,-0.12,18.4,19.2,19.3,0,1,MODERATE
569.9,0.351,9.1,26.1,37.8,18.5,32.5,11.0,0.37,12.0,12.4,13.1,0,0,LOW
558.9,0.607,10.7,64.6,63.6,24.8,48.0,20.4,0.12,20.1,20.9,22.6,0,1,MODERATE
549.2,0.833,16.5,55.6,48.1,13.5,100.0,38.3,3.93,44.4,49.9,60.9,0,3,CRITICAL
546.9,0.886,13.1,55.1,60.2,20.1,68.7,29.2,0.34,29.7,30.0,29.4,0,2,HIGH
545.6,0.916,45.3,90.7,81.3,14.3,100.0,39.5,6.77,49.7,60.7,79.3,0,3,CRITICAL
569.6,0.358,12.4,37.0,39.4,17.2,49.7,17.2,0.3,18.0,18.4,17.8,0,1,MODERATE
555.3,0.691,87.3,249.3,100.0,21.9,100.0,31.5,9.51,46.0,59.1,87.9,0,3,CRITICAL
559.4,0.595,34.3,66.0,69.3,24.2,100.0,35.9,5.61,44.3,51.9,66.7,0,3,CRITICAL
571.6,0.312,4.2,46.9,56.8,16.3,25.6,8.7,-0.31,8.4,8.6,6.2,0,0,LOW
545.7,0.914,48.0,98.2,89.0,13.4,100.0,35.7,7.84,47.5,58.4,81.6,0,3,CRITICAL
581.7,0.077,2.2,35.6,47.2,17.8,10.2,3.0,0.11,3.4,3.2,3.8,0,0,LOW
554.7,0.705,30.6,65.0,63.8,19.3,100.0,32.4,5.62,41.1,49.3,65.1,0,3,CRITICAL
566.0,0.442,8.6,42.9,43.8,17.9,36.8,16.6,0.16,17.1,16.2,15.8,0,1,MODERATE
576.5,0.198,37.9,86.0,79.9,18.5,100.0,30.8,4.06,37.0,42.2,55.9,0,3,CRITICAL
547.7,0.867,36.5,125.8,90.1,22.7,100.0,37.2,6.45,47.2,55.9,72.9,0,3,CRITICAL
584.0,0.023,29.5,61.7,69.7,23.5,100.0,25.5,3.13,29.8,34.8,43.1,0,2,HIGH
555.5,0.686,28.1,95.2,76.7,20.6,100.0,35.3,4.67,42.1,49.5,63.4,0,3,CRITICAL
546.2,0.902,6.5,48.2,55.1,14.2,44.1,23.5,0.09,24.1,23.6,22.9,0,2,HIGH
548.1,0.858,1.5,17.4,40.5,16.7,6.4,14.8,0.16,15.5,14.8,16.6,0,1,MODERATE
553.5,0.733,9.3,46.1,50.0,14.4,56.5,23.8,0.29,24.1,25.2,24.1,0,2,HIGH
578.3,0.156,3.4,38.6,46.6,22.5,12.3,7.2,-0.32,7.0,5.4,5.0,0,0,LOW
581.8,0.074,21.4,72.8,75.4,16.9,100.0,25.2,2.6,29.4,32.9,39.1,0,2,HIGH
549.0,0.837,7.6,29.1,49.0,21.8,29.9,15.6,-0.19,15.3,15.9,15.6,0,1,MODERATE
549.9,0.816,66.8,182.5,100.0,12.0,100.0,35.3,8.47,48.4,61.6,85.5,0,3,CRITICAL
558.0,0.628,18.4,38.6,46.3,18.4,81.0,30.0,4.96,37.0,45.0,60.5,0,3,CRITICAL
568.2,0.391,31.1,114.7,79.5,22.2,100.0,28.2,4.24,34.1,41.7,53.7,0,3,CRITICAL
551.8,0.772,2.6,38.3,40.2,18.5,9.9,10.9,-0.33,10.0,9.8,8.3,0,0,LOW
542.6,0.986,35.7,107.8,87.9,24.8,100.0,35.4,6.58,45.6,55.3,72.9,0,3,CRITICAL
554.6,0.707,46.1,120.8,91.7,17.0,100.0,35.0,6.82,45.6,55.3,73.2,0,3,CRITICAL
553.1,0.742,12.0,63.4,60.0,21.0,60.0,27.7,0.32,28.2,27.9,29.5,0,2,HIGH
576.6,0.195,16.8,45.3,60.7,20.9,85.4,22.1,2.72,25.7,30.0,38.1,0,2,HIGH
568.3,0.388,26.1,47.9,53.3,14.5,100.0,33.5,4.73,40.8,47.6,61.0,0,3,CRITICAL
579.9,0.119,3.5,40.4,43.2,17.9,14.8,5.6,-0.17,5.4,4.2,4.4,0,0,LOW
550.3,0.807,12.6,65.8,72.8,23.4,68.6,30.4,0.15,30.7,31.8,30.6,0,2,HIGH
551.8,0.772,9.2,56.5,60.9,22.7,43.2,20.5,-0.13,19.9,19.8,19.5,0,1,MODERATE
561.1,0.556,2.8,6.6,30.5,19.3,7.7,8.7,-0.13,8.4,7.7,6.8,0,0,LOW
577.5,0.174,8.2,39.3,46.3,21.5,30.9,8.5,0.06,8.8,9.1,9.4,0,0,LOW
567.8,0.4,1.3,7.4,25.4,11.5,5.0,8.7,0.19,8.6,10.2,8.1,0,0,LOW
556.1,0.672,0.5,38.5,52.9,10.8,4.3,11.4,-0.29,10.5,11.0,9.3,0,0,LOW
552.1,0.765,2.6,43.8,55.9,11.2,22.7,13.9,-0.35,13.0,12.1,11.6,0,0,LOW
555.5,0.686,59.4,169.4,100.0,10.9,100.0,32.2,7.59,43.9,55.8,74.7,0,3,CRITICAL
546.8,0.888,14.4,51.0,49.2,23.2,53.4,27.8,0.28,28.4,28.2,29.9,0,2,HIGH
568.6,0.381,60.8,87.4,82.8,17.4,100.0,32.2,7.37,43.6,54.2,75.1,0,3,CRITICAL
582.0,0.07,10.2,47.4,51.0,10.4,87.5,22.1,2.62,25.6,29.0,36.9,0,2,HIGH
583.2,0.042,6.7,53.5,62.2,10.2,71.5,20.5,0.08,20.1,20.4,22.5,0,1,MODERATE
579.8,0.121,12.7,44.2,56.1,21.4,58.3,14.4,0.18,14.8,15.8,17.1,0,1,MODERATE
584.6,0.009,10.4,42.7,59.2,24.4,44.2,11.3,0.26,11.4,11.8,13.0,0,0,LOW
548.3,0.853,2.0,6.4,24.4,24.5,3.5,12.5,-0.01,12.6,12.3,12.2,0,0,LOW
581.3,0.086,18.4,48.7,55.3,20.8,85.6,23.3,2.25,26.9,29.5,36.3,0,2,HIGH
553.5,0.733,4.4,38.7,58.5,19.9,22.6,15.9,-0.14,15.8,16.4,14.6,0,1,MODERATE
551.7,0.774,17.4,40.6,47.8,22.7,64.1,24.3,0.14,24.2,25.0,26.3,0,2,HIGH
545.1,0.928,18.9,44.3,47.3,23.5,66.6,26.9,0.04,27.0,26.4,25.6,0,2,HIGH
550.0,0.814,3.0,36.2,41.1,21.8,9.9,12.1,0.17,11.9,13.1,11.4,0,1,MODERATE
543.7,0.96,1.1,19.8,43.4,15.3,5.5,10.9,0.08,11.1,12.0,11.4,0,0,LOW
552.4,0.758,27.3,75.5,59.5,15.9,100.0,33.4,4.78,41.0,47.3,61.8,0,3,CRITICAL
583.2,0.042,11.1,48.0,59.1,24.9,46.1,13.4,0.41,14.0,15.3,17.1,0,1,MODERATE
545.8,0.912,1.1,26.1,41.5,12.5,6.4,10.8,0.19,10.8,11.7,13.3,0,0,LOW
576.3,0.202,94.9,253.9,100.0,17.8,100.0,25.9,9.29,39.8,52.8,80.1,0,3,CRITICAL
542.0,1.0,1.1,5.7,29.7,12.4,4.6,15.4,-0.05,15.0,15.1,16.8,0,1,MODERATE
546.3,0.9,21.4,81.9,64.4,15.3,100.0,39.3,5.64,47.8,57.0,72.8,0,3,CRITICAL
571.5,0.314,74.1,173.3,100.0,17.5,100.0,28.0,7.77,39.7,50.5,73.4,0,3,CRITICAL
555.5,0.686,4.9,39.4,49.1,20.6,20.4,11.9,0.03,11.5,11.1,13.8,0,0,LOW
556.6,0.66,2.8,25.8,49.1,19.1,12.6,10.4,-0.02,10.2,11.2,10.3,0,0,LOW
567.0,0.419,2.3,38.2,44.6,24.4,7.4,6.7,-0.32,5.8,5.8,3.6,0,0,LOW
574.4,0.247,6.5,11.6,36.8,19.2,21.8,9.6,0.11,10.1,9.4,10.8,0,0,LOW
548.7,0.844,1.9,14.1,36.8,14.2,8.6,11.5,-0.28,11.3,10.7,8.5,0,0,LOW
560.1,0.579,21.2,72.2,68.1,12.9,100.0,30.0,3.83,35.9,40.5,50.5,0,3,CRITICAL
550.9,0.793,1.2,39.0,53.4,13.3,8.4,10.4,0.05,10.5,11.3,9.3,0,0,LOW
579.7,0.123,12.8,49.1,45.4,21.7,46.9,12.0,-0.09,11.7,10.8,10.6,0,0,LOW
550.5,0.802,102.8,268.6,100.0,21.9,100.0,34.0,11.97,51.9,69.6,104.9,0,3,CRITICAL
546.1,0.905,30.3,67.7,55.3,10.3,100.0,34.8,6.08,43.8,53.8,70.7,0,3,CRITICAL
573.9,0.258,17.2,48.7,56.5,22.9,74.3,20.6,0.39,21.2,21.0,23.9,0,1,MODERATE
553.3,0.737,6.6,46.5,59.7,11.0,62.7,24.8,-0.17,24.6,24.9,22.7,0,2,HIGH
547.1,0.881,17.6,54.9,54.8,18.4,91.7,33.7,5.37,42.1,50.6,64.7,0,3,CRITICAL
574.4,0.247,13.5,50.8,59.4,23.9,58.7,16.1,0.18,16.3,16.4,16.4,0,1,MODERATE
554.3,0.714,10.0,34.4,50.3,16.6,53.0,22.4,0.39,23.2,23.8,23.5,0,2,HIGH
551.7,0.774,2.5,5.0,35.4,15.7,9.9,12.5,-0.27,11.8,11.0,12.3,0,0,LOW
547.1,0.881,39.2,71.4,60.0,16.2,100.0,34.4,7.08,44.9,55.9,76.2,0,3,CRITICAL
553.5,0.733,10.8,42.7,58.4,19.5,56.6,26.7,0.14,26.9,28.1,29.1,0,2,HIGH
568.6,0.381,3.9,46.5,46.2,13.6,23.2,10.2,0.17,10.0,10.9,11.8,0,0,LOW
553.3,0.737,8.3,26.2,37.9,12.0,45.9,24.1,0.36,25.1,26.1,25.1,0,2,HIGH
557.7,0.635,9.6,33.7,41.3,13.9,49.9,19.3,0.28,20.0,19.6,19.4,0,1,MODERATE
577.9,0.165,31.6,102.0,79.1,15.6,100.0,29.3,4.0,35.3,41.8,54.0,0,3,CRITICAL
566.2,0.437,23.8,52.0,55.1,18.8,100.0,33.6,4.69,40.4,48.2,62.2,0,3,CRITICAL
569.3,0.365,26.4,86.1,67.8,15.6,100.0,30.2,4.81,37.3,45.5,58.4,0,3,CRITICAL
563.6,0.498,0.2,3.1,25.7,14.2,0.6,4.6,-0.19,4.2,4.1,5.0,0,0,LOW
566.6,0.428,9.7,63.5,70.1,14.6,81.5,24.0,2.86,28.6,32.8,40.0,0,2,HIGH
582.4,0.06,11.8,40.9,57.3,12.7,93.2,27.1,1.95,30.0,33.9,37.1,0,2,HIGH
557.8,0.633,0.3,40.2,45.4,15.8,1.5,11.6,-0.22,11.8,11.8,10.9,0,0,LOW
567.1,0.416,5.4,44.5,61.1,22.2,26.0,11.3,-0.1,11.0,11.4,9.1,0,0,LOW
566.4,0.433,25.7,70.7,59.9,24.4,100.0,32.3,3.66,37.8,43.7,52.2,0,3,CRITICAL
582.4,0.06,2.7,43.6,44.6,11.8,17.9,5.4,-0.02,5.0,6.2,4.5,0,0,LOW
548.7,0.844,13.8,63.3,57.2,23.4,59.0,25.5,0.42,26.4,26.3,29.2,0,2,HIGH
570.0,0.349,4.4,12.0,35.9,19.6,14.1,6.7,0.08,7.1,6.0,7.3,0,0,LOW
576.3,0.202,0.2,33.3,41.1,16.7,0.9,3.4,-0.05,3.2,2.9,2.0,0,0,LOW
562.1,0.533,5.0,43.3,54.6,10.7,44.6,20.1,0.12,20.6,21.1,22.4,0,1,MODERATE
544.7,0.937,67.0,194.5,100.0,19.9,100.0,34.5,8.24,46.5,59.9,81.1,0,3,CRITICAL
547.5,0.872,29.1,62.1,64.3,24.2,100.0,34.2,5.05,41.6,50.3,64.2,0,3,CRITICAL
547.3,0.877,57.8,184.8,100.0,19.4,100.0,34.0,8.81,47.6,59.8,84.0,0,3,CRITICAL
568.8,0.377,12.0,27.3,49.2,12.6,82.0,27.3,3.3,31.9,37.7,47.7,0,3,CRITICAL
575.7,0.216,2.1,32.4,55.5,15.3,13.3,9.3,0.04,9.1,8.9,8.3,0,0,LOW
569.5,0.36,14.3,52.5,60.2,12.9,100.0,30.5,3.46,35.2,40.6,50.5,0,3,CRITICAL
571.8,0.307,10.9,61.9,66.6,13.4,94.8,26.7,2.78,30.9,36.0,42.7,0,3,CRITICAL
545.9,0.909,33.5,81.9,61.9,12.8,100.0,37.6,6.64,47.2,57.5,74.9,0,3,CRITICAL
578.7,0.147,1.9,7.4,33.5,12.3,9.1,3.0,0.02,3.5,4.0,2.1,0,0,LOW
583.4,0.037,12.1,52.9,50.1,11.3,93.9,27.1,2.56,31.3,34.6,42.7,0,2,HIGH
553.3,0.737,2.9,38.6,48.9,14.9,16.7,15.5,-0.26,14.8,15.7,13.0,0,1,MODERATE
571.7,0.309,7.1,48.3,62.5,17.6,44.1,16.5,0.19,16.6,18.1,17.0,0,1,MODERATE
584.6,0.009,24.1,84.6,76.6,20.0,100.0,27.2,3.74,32.5,39.3,48.6,0,3,CRITICAL
558.2,0.623,11.6,53.9,66.8,13.2,100.0,34.4,4.34,40.7,48.2,60.6,0,3,CRITICAL
562.6,0.521,8.5,23.7,44.8,18.0,37.0,15.1,0.18,15.4,14.8,15.2,0,1,MODERATE
562.9,0.514,9.0,49.6,63.8,21.6,46.5,19.7,-0.03,19.2,19.9,18.5,0,1,MODERATE
558.6,0.614,11.1,22.7,47.0,20.0,45.6,18.1,0.32,18.6,18.8,18.4,0,1,MODERATE
573.4,0.27,27.7,70.1,61.4,18.5,100.0,31.0,4.8,38.4,45.1,58.6,0,3,CRITICAL
573.0,0.279,40.1,75.4,76.1,15.1,100.0,28.9,4.43,36.0,41.4,55.4,0,3,CRITICAL
567.5,0.407,56.0,99.0,80.4,15.4,100.0,29.0,6.71,38.6,48.4,67.0,0,3,CRITICAL
560.7,0.565,27.8,41.0,53.0,19.8,100.0,30.4,5.23,37.8,45.7,62.3,0,3,CRITICAL
566.6,0.428,6.8,33.5,55.7,16.1,41.2,16.6,0.12,16.7,17.1,17.4,0,1,MODERATE
551.3,0.784,21.0,50.4,54.9,11.2,100.0,36.0,5.3,43.6,52.2,67.4,0,3,CRITICAL
543.2,0.972,10.4,56.3,67.4,18.0,68.1,29.5,0.13,29.5,30.6,31.8,0,2,HIGH
582.5,0.058,5.3,48.2,58.1,14.6,36.9,8.6,-0.24,8.5,7.5,6.1,0,0,LOW
583.0,0.047,33.1,106.7,86.1,12.7,100.0,24.3,3.33,28.9,33.4,44.8,0,2,HIGH
575.3,0.226,0.7,16.5,48.1,18.4,3.2,4.2,0.17,4.4,5.1,3.4,0,0,LOW
560.1,0.579,41.8,103.5,77.9,20.0,100.0,32.6,5.89,41.5,50.5,68.3,0,3,CRITICAL
580.0,0.116,11.1,47.5,51.5,15.2,65.8,20.0,-0.16,20.1,18.6,18.7,0,1,MODERATE
557.2,0.647,18.3,61.2,51.4,21.1,78.0,31.1,4.43,37.9,45.3,56.6,0,3,CRITICAL
546.7,0.891,19.4,69.0,57.2,20.4,95.2,33.8,4.59,40.9,47.8,61.2,0,3,CRITICAL
549.7,0.821,40.6,77.9,62.2,16.2,100.0,34.1,6.25,44.0,53.6,70.8,0,3,CRITICAL
581.4,0.084,18.2,62.3,62.5,15.0,100.0,26.4,3.55,31.6,36.9,46.3,0,3,CRITICAL
556.2,0.67,17.1,63.7,70.3,21.2,99.2,32.7,3.93,38.2,45.3,55.9,0,3,CRITICAL
559.0,0.605,1.2,26.8,48.5,13.6,7.5,11.4,0.14,11.4,11.7,11.2,0,0,LOW
579.9,0.119,13.2,44.9,53.0,20.1,60.9,18.6,0.2,18.5,18.3,19.1,0,1,MODERATE
560.1,0.579,2.9,25.4,51.4,24.8,10.5,11.6,-0.02,11.8,11.6,12.8,0,0,LOW
553.6,0.73,24.1,42.7,41.5,23.4,74.8,28.9,0.16,29.3,28.6,29.8,0,2,HIGH
543.9,0.956,12.9,58.2,59.5,12.9,100.0,38.3,5.1,45.8,53.5,68.2,0,3,CRITICAL
578.9,0.142,20.5,38.5,40.1,14.2,100.0,27.3,2.95,32.2,35.4,44.8,0,3,CRITICAL
566.4,0.433,0.8,7.7,38.6,15.3,3.5,4.9,-0.32,4.7,3.9,4.3,0,0,LOW
579.2,0.135,1.6,27.1,37.4,18.7,5.6,4.8,0.14,5.5,5.3,5.4,0,0,LOW
576.7,0.193,22.7,85.1,81.4,13.9,100.0,27.5,3.25,32.1,36.9,45.9,0,3,CRITICAL
545.6,0.916,1.3,23.7,39.3,23.3,3.8,11.7,-0.26,11.6,10.2,10.8,0,0,LOW
547.8,0.865,1.3,11.1,34.7,12.7,6.2,12.4,0.02,11.9,11.9,12.3,0,0,LOW
566.9,0.421,0.2,28.1,50.1,15.9,1.1,8.3,0.1,8.0,9.2,10.6,0,0,LOW
570.0,0.349,56.4,167.7,100.0,14.2,100.0,31.7,7.32,42.3,54.3,72.7,0,3,CRITICAL
570.5,0.337,24.1,83.3,62.9,14.0,100.0,33.0,3.72,38.9,43.3,53.6,0,3,CRITICAL
576.1,0.207,7.8,57.7,52.1,22.2,32.0,12.1,-0.08,11.9,11.2,12.5,0,0,LOW
573.4,0.27,6.3,45.5,46.7,12.0,42.9,17.9,0.1,17.8,17.5,17.2,0,1,MODERATE
559.3,0.598,7.7,30.1,52.6,13.4,52.9,19.7,-0.09,19.5,18.6,19.9,0,1,MODERATE
570.8,0.33,26.8,68.8,73.1,10.2,100.0,32.1,3.68,37.6,43.4,54.3,0,3,CRITICAL
555.6,0.684,19.5,53.7,52.4,15.6,100.0,31.5,5.18,38.9,46.5,61.8,0,3,CRITICAL
575.1,0.23,3.7,16.1,28.6,14.1,13.1,9.5,0.15,9.3,10.0,10.2,0,0,LOW
582.7,0.053,3.4,40.8,56.3,23.8,14.1,3.0,-0.06,2.6,2.1,3.7,0,0,LOW
554.6,0.707,1.9,7.3,39.9,20.8,6.4,13.6,-0.21,13.7,12.9,13.4,0,0,LOW
546.4,0.898,19.4,77.4,72.5,14.8,100.0,35.3,4.45,42.3,48.9,62.4,0,3,CRITICAL
581.8,0.074,26.0,47.7,54.7,18.1,100.0,29.4,3.0,34.1,38.7,46.2,0,3,CRITICAL
579.5,0.128,5.5,13.4,38.7,22.0,16.9,7.3,0.12,7.4,8.2,7.2,0,0,LOW
553.0,0.744,0.4,30.4,54.1,17.3,2.2,11.2,-0.12,11.3,10.0,9.4,0,0,LOW
547.6,0.87,1.5,3.9,32.6,24.5,3.5,9.6,0.05,10.2,9.9,11.0,0,0,LOW
573.9,0.258,61.9,115.9,97.5,11.1,100.0,31.2,7.39,42.3,53.8,75.1,0,3,CRITICAL
582.1,0.067,6.3,27.7,45.6,19.3,26.0,6.8,-0.06,6.8,7.1,7.9,0,0,LOW
546.7,0.891,26.4,43.0,59.6,24.2,100.0,38.2,5.21,46.1,53.2,66.7,0,3,CRITICAL
578.9,0.142,17.6,29.9,38.5,20.2,58.7,18.5,0.11,19.0,18.6,20.8,0,1,MODERATE
581.1,0.091,8.7,20.8,41.2,12.9,48.6,17.1,-0.05,17.0,17.8,15.1,0,1,MODERATE
563.6,0.498,4.1,28.7,46.0,15.0,22.0,11.1,-0.31,10.3,10.9,9.7,0,0,LOW
558.2,0.623,2.3,18.6,41.5,23.1,7.2,8.4,0.06,8.5,8.8,10.2,0,0,LOW
559.1,0.602,17.2,46.5,62.2,19.0,98.5,31.8,3.73,37.1,43.8,53.3,0,3,CRITICAL
576.2,0.205,26.8,53.4,49.8,16.3,100.0,30.8,3.68,35.9,42.5,50.8,0,3,CRITICAL
570.1,0.347,18.6,76.5,61.3,14.3,100.0,27.6,4.24,34.4,40.9,51.2,0,3,CRITICAL
548.5,0.849,13.6,53.5,60.8,16.0,90.4,33.4,4.41,40.2,45.9,58.6,0,3,CRITICAL
577.5,0.174,0.8,28.4,53.3,10.6,7.0,4.1,-0.18,3.6,3.6,3.6,0,0,LOW
565.7,0.449,62.2,92.5,68.4,19.8,100.0,32.9,6.66,42.7,52.9,72.8,0,3,CRITICAL
572.3,0.295,28.9,74.7,59.0,22.8,100.0,27.1,4.79,34.6,41.2,54.1,0,3,CRITICAL
570.5,0.337,6.2,44.7,53.1,23.0,25.0,11.6,0.05,12.2,11.3,10.1,0,0,LOW
574.8,0.237,70.4,109.9,86.1,10.9,100.0,27.7,7.18,38.1,49.9,67.5,0,3,CRITICAL
576.2,0.205,16.6,61.8,69.2,17.5,100.0,29.3,3.06,34.2,38.5,48.0,0,3,CRITICAL
583.3,0.04,15.7,46.1,60.5,21.2,78.4,22.7,2.03,25.7,28.0,33.7,0,2,HIGH
549.8,0.819,24.8,82.6,70.0,12.2,100.0,33.3,4.81,40.3,46.9,60.4,0,3,CRITICAL
568.3,0.388,30.1,93.6,69.1,21.0,100.0,33.3,5.25,41.2,49.8,65.1,0,3,CRITICAL
545.9,0.909,19.2,67.4,70.2,16.1,100.0,37.6,5.77,46.0,55.3,69.6,0,3,CRITICAL
548.9,0.84,2.5,10.2,36.1,10.9,14.5,17.0,-0.1,16.4,17.1,15.2,0,1,MODERATE
542.1,0.998,7.4,46.4,58.2,18.1,41.6,21.5,-0.01,21.9,20.5,21.9,0,1,MODERATE
556.0,0.674,47.4,80.3,70.7,13.5,100.0,35.4,7.38,46.5,56.9,77.9,0,3,CRITICAL
576.8,0.191,4.6,37.9,54.3,10.9,40.1,13.0,0.01,12.9,13.7,14.0,0,1,MODERATE
582.1,0.067,8.4,28.7,45.5,23.3,28.7,11.3,0.07,11.8,11.9,13.1,0,0,LOW
550.8,0.795,10.2,41.8,55.8,17.6,56.6,25.5,0.33,26.5,27.3,28.3,0,2,HIGH
575.0,0.233,10.4,33.6,41.8,18.3,41.6,17.0,-0.13,17.3,16.0,16.8,0,1,MODERATE
576.0,0.209,17.1,35.0,49.7,11.5,100.0,28.8,3.15,34.0,37.9,45.9,0,3,CRITICAL
573.7,0.263,51.6,124.6,91.8,20.6,100.0,30.7,6.7,40.3,51.7,69.5,0,3,CRITICAL
558.6,0.614,5.0,28.1,46.6,15.6,26.1,15.4,-0.3,15.3,14.6,12.2,0,1,MODERATE
570.1,0.347,2.3,34.6,49.7,17.0,11.8,7.8,-0.11,7.6,7.5,5.8,0,0,LOW
583.7,0.03,4.0,41.6,53.7,18.1,20.8,5.4,0.08,5.2,6.0,7.6,0,0,LOW
577.3,0.179,39.2,72.1,63.4,24.3,100.0,27.5,4.66,34.2,42.2,54.8,0,3,CRITICAL
546.1,0.905,18.7,40.3,52.5,18.9,90.9,36.9,4.5,43.5,50.6,63.6,0,3,CRITICAL
569.0,0.372,6.1,25.2,38.6,12.0,34.3,16.2,-0.26,15.6,15.4,15.6,0,1,MODERATE
559.7,0.588,30.5,105.3,73.9,16.6,100.0,33.8,5.14,41.6,49.3,64.0,0,3,CRITICAL
555.2,0.693,35.6,91.6,72.8,19.3,100.0,34.7,5.69,42.8,51.8,68.8,0,3,CRITICAL
576.5,0.198,33.7,90.6,74.5,14.3,100.0,28.1,5.11,35.6,43.2,58.0,0,3,CRITICAL
576.8,0.191,45.2,77.2,74.1,18.0,100.0,26.9,5.07,34.8,41.4,56.8,0,3,CRITICAL
576.7,0.193,5.2,26.6,36.7,22.5,14.8,9.9,-0.2,9.2,9.2,8.4,0,0,LOW
554.5,0.709,25.3,57.2,65.4,12.7,100.0,34.7,4.68,41.7,49.3,60.0,0,3,CRITICAL
579.7,0.123,11.1,31.1,48.9,10.6,89.6,24.8,2.7,28.9,32.4,40.8,0,2,HIGH
562.4,0.526,33.2,113.9,79.1,15.2,100.0,35.2,4.82,42.1,50.6,64.2,0,3,CRITICAL
581.4,0.084,23.5,38.5,52.8,20.8,100.0,28.6,3.19,33.5,38.9,47.4,0,3,CRITICAL
569.7,0.356,27.0,71.9,63.1,14.4,100.0,30.6,4.7,37.3,44.6,58.0,0,3,CRITICAL
578.3,0.156,19.2,70.7,66.7,17.5,100.0,27.7,3.51,32.5,37.5,48.0,0,3,CRITICAL
559.8,0.586,3.5,9.2,26.9,21.3,7.7,9.5,0.2,9.4,9.6,12.2,0,0,LOW
555.0,0.698,14.2,44.3,54.1,10.6,100.0,34.3,4.38,41.3,47.6,61.2,0,3,CRITICAL
577.2,0.181,75.2,147.3,94.4,12.1,100.0,29.8,7.14,40.9,51.4,71.0,0,3,CRITICAL
562.5,0.523,49.9,102.1,74.6,24.1,100.0,30.4,6.71,40.3,50.0,69.8,0,3,CRITICAL
570.4,0.34,0.8,2.7,31.3,17.2,2.5,5.0,-0.06,5.1,4.5,5.0,0,0,LOW
567.8,0.4,3.2,9.4,41.2,13.5,17.1,8.4,-0.33,8.2,8.3,5.7,0,0,LOW
573.3,0.272,2.5,10.5,41.8,23.5,7.8,3.6,0.09,3.6,4.2,5.7,0,0,LOW
582.0,0.07,23.3,59.2,59.0,23.8,100.0,27.7,3.49,32.9,37.5,48.9,0,3,CRITICAL
565.1,0.463,30.6,73.3,63.6,14.8,100.0,32.6,4.94,39.7,47.6,60.6,0,3,CRITICAL
571.3,0.319,4.3,36.1,44.3,16.1,20.7,12.9,-0.12,12.6,11.7,10.6,0,0,LOW
556.4,0.665,12.7,50.4,46.1,14.6,70.2,24.1,0.12,24.1,24.4,25.7,0,2,HIGH
569.5,0.36,33.1,64.3,60.9,17.9,100.0,31.8,5.15,39.1,47.8,61.5,0,3,CRITICAL
557.3,0.644,23.8,72.2,67.5,13.0,100.0,32.5,5.37,40.3,48.3,63.6,0,3,CRITICAL
565.0,0.465,14.1,26.9,37.8,11.2,83.3,29.1,3.82,34.6,40.8,52.8,0,3,CRITICAL
584.2,0.019,16.1,31.8,45.4,18.0,71.1,17.0,0.47,17.3,19.0,19.7,0,1,MODERATE
562.4,0.526,12.8,48.6,53.0,14.7,80.8,24.9,3.11,29.5,33.8,42.3,0,2,HIGH
570.4,0.34,6.4,46.3,52.8,22.1,26.8,11.8,-0.21,11.5,10.4,10.3,0,0,LOW
562.6,0.521,15.0,59.8,59.8,21.0,74.8,25.6,0.13,25.5,26.6,26.7,0,2,HIGH
544.8,0.935,21.0,44.0,49.9,18.8,97.5,37.0,5.85,45.9,54.4,72.6,0,3,CRITICAL
556.7,0.658,37.2,103.9,87.8,20.3,100.0,31.6,5.92,40.5,49.3,66.2,0,3,CRITICAL
564.8,0.47,18.2,65.9,67.1,12.5,100.0,32.9,3.94,38.7,44.8,57.2,0,3,CRITICAL
549.3,0.83,25.8,54.2,65.9,21.6,100.0,34.7,5.77,43.8,52.3,69.0,0,3,CRITICAL
567.1,0.416,3.1,28.3,51.7,22.4,12.5,11.5,-0.14,11.5,10.8,10.8,0,0,LOW
582.7,0.053,11.1,60.2,51.1,12.2,81.4,21.6,2.4,25.4,29.0,36.9,0,2,HIGH
578.4,0.153,0.2,33.3,42.6,18.1,0.8,3.9,0.15,4.1,3.5,3.0,0,0,LOW
556.1,0.672,5.1,22.8,50.7,23.9,18.9,15.7,0.18,16.3,15.7,16.7,0,1,MODERATE
579.6,0.126,23.3,63.1,62.0,11.2,100.0,28.9,3.64,34.1,39.8,50.9,0,3,CRITICAL
578.5,0.151,86.5,122.9,86.4,24.8,100.0,27.8,8.61,40.5,54.5,78.0,0,3,CRITICAL
580.2,0.112,1.9,34.1,50.2,23.0,7.3,6.2,-0.02,6.5,6.8,5.9,0,0,LOW
566.8,0.423,9.2,22.4,48.4,23.9,32.6,14.7,-0.08,14.9,13.6,15.4,0,1,MODERATE
555.5,0.686,29.0,88.2,79.2,17.0,100.0,35.7,5.69,44.4,52.2,69.3,0,3,CRITICAL
542.9,0.979,4.1,14.7,32.2,18.8,12.3,12.9,0.26,13.3,14.4,16.2,0,1,MODERATE
555.2,0.693,14.6,45.2,45.0,20.9,55.0,20.3,-0.07,20.2,20.7,21.0,0,1,MODERATE
578.8,0.144,23.8,57.6,55.4,23.2,99.5,26.4,3.84,31.9,37.1,48.1,0,3,CRITICAL
572.0,0.302,17.2,62.1,58.6,16.0,100.0,32.1,2.75,36.4,40.4,48.4,0,3,CRITICAL
566.4,0.433,3.7,15.4,40.1,20.6,12.6,10.1,0.0,10.6,11.1,11.3,0,0,LOW
560.5,0.57,7.9,52.3,55.2,13.7,55.7,22.7,0.27,23.4,23.0,24.2,0,2,HIGH
550.0,0.814,27.6,83.5,63.8,14.4,100.0,35.1,5.76,43.3,51.6,68.5,0,3,CRITICAL
552.3,0.76,14.5,47.0,60.6,18.2,84.5,30.8,4.71,37.7,43.9,59.6,0,3,CRITICAL
554.7,0.705,0.1,15.3,32.7,11.0,0.5,10.8,-0.15,10.1,9.6,11.7,0,0,LOW
561.9,0.537,25.8,95.5,71.8,18.0,100.0,34.4,5.29,42.2,49.8,66.8,0,3,CRITICAL
583.4,0.037,0.6,27.5,44.7,12.0,3.9,5.3,-0.38,4.4,4.0,2.8,0,0,LOW
582.1,0.067,24.6,53.7,59.5,20.1,100.0,26.5,3.43,31.7,37.0,47.5,0,3,CRITICAL
581.8,0.074,4.1,31.7,36.7,17.4,15.1,4.2,0.14,4.8,5.3,5.5,0,0,LOW
571.8,0.307,57.1,75.8,68.0,21.5,100.0,28.4,6.76,38.5,48.2,67.0,0,3,CRITICAL
583.3,0.04,8.3,39.7,56.5,21.5,38.2,11.3,0.3,11.4,12.2,12.9,0,0,LOW
580.2,0.112,7.1,47.5,59.9,24.4,30.5,12.9,0.22,13.5,14.2,15.3,0,1,MODERATE
575.4,0.223,2.9,8.4,30.3,13.1,11.7,6.6,-0.03,6.1,6.5,6.6,0,0,LOW
561.1,0.556,6.6,54.3,51.6,13.5,44.1,18.1,0.19,18.3,19.3,17.7,0,1,MODERATE
572.9,0.281,37.7,106.6,75.6,24.3,100.0,27.5,5.46,36.1,44.8,58.0,0,3,CRITICAL
547.5,0.872,101.0,153.3,100.0,10.6,100.0,35.0,11.74,52.3,71.0,104.5,0,3,CRITICAL
568.3,0.388,8.3,33.8,46.1,10.1,66.3,23.8,-0.19,23.1,23.6,23.4,0,2,HIGH
578.1,0.16,10.7,40.1,43.2,15.6,51.9,17.6,0.32,18.2,17.7,19.4,0,1,MODERATE
568.5,0.384,23.0,56.6,51.2,21.3,96.8,30.1,4.0,36.2,42.6,53.2,0,3,CRITICAL
574.0,0.256,39.1,143.0,100.0,13.1,100.0,27.1,4.38,33.7,39.8,51.2,0,3,CRITICAL
554.5,0.709,16.2,61.9,63.9,13.2,100.0,34.0,3.73,39.9,44.3,54.5,0,3,CRITICAL
558.5,0.616,8.9,44.3,46.5,17.1,42.4,16.9,0.02,17.1,16.3,18.6,0,1,MODERATE
548.5,0.849,9.6,35.8,53.5,13.5,66.6,30.2,0.04,29.9,30.5,29.3,0,2,HIGH
583.2,0.042,21.4,46.1,52.3,19.1,100.0,23.7,2.46,27.1,30.7,39.0,0,2,HIGH
583.5,0.035,0.1,18.6,41.6,11.3,0.6,3.1,-0.38,2.5,1.3,0.0,0,0,LOW
565.2,0.46,17.4,33.1,46.7,23.3,61.0,22.7,0.25,22.8,22.5,25.3,0,2,HIGH
555.6,0.684,7.9,52.1,60.9,21.9,38.4,21.8,-0.18,21.2,21.9,22.4,0,1,MODERATE
562.4,0.526,28.5,44.8,47.3,10.8,100.0,35.2,5.33,43.5,50.8,67.1,0,3,CRITICAL
580.8,0.098,1.8,8.5,37.2,10.2,11.5,4.1,-0.24,3.8,3.9,1.4,0,0,LOW
573.5,0.267,16.0,72.4,67.9,14.6,100.0,31.1,3.65,36.5,41.4,52.7,0,3,CRITICAL
551.0,0.791,11.8,43.3,48.7,11.4,88.2,35.1,4.13,40.9,47.4,60.2,0,3,CRITICAL
573.0,0.279,18.5,61.7,53.5,24.2,71.6,24.2,0.19,24.5,24.0,23.6,0,2,HIGH
546.5,0.895,1.2,7.0,42.6,18.1,4.9,15.5,-0.32,15.3,14.6,13.3,0,1,MODERATE
574.6,0.242,15.6,50.1,55.8,16.2,94.0,27.3,2.99,32.2,37.2,45.3,0,3,CRITICAL
547.5,0.872,14.8,68.7,72.5,17.5,100.0,35.1,4.55,41.4,49.2,61.3,0,3,CRITICAL
570.3,0.342,14.8,80.0,62.2,10.5,100.0,28.9,3.81,34.2,40.2,49.4,0,3,CRITICAL
559.4,0.595,16.7,70.3,73.8,21.5,100.0,35.8,3.63,41.4,47.2,55.5,0,3,CRITICAL
550.5,0.802,20.3,44.2,52.9,17.6,100.0,34.3,5.55,42.2,50.3,65.5,0,3,CRITICAL
583.5,0.035,29.4,65.5,56.5,20.7,100.0,23.5,3.04,27.7,33.1,41.1,0,2,HIGH
582.4,0.06,5.7,8.8,42.5,10.0,42.4,10.6,-0.16,9.9,9.2,9.7,0,0,LOW
552.7,0.751,31.4,80.9,68.5,13.6,100.0,32.7,4.9,40.1,47.5,62.1,0,3,CRITICAL
585.0,0.0,12.4,22.1,47.0,10.3,99.0,28.5,2.77,32.5,37.3,45.0,0,3,CRITICAL
577.3,0.179,1.4,21.8,49.6,21.1,5.8,5.1,-0.05,5.3,5.4,5.7,0,0,LOW
568.6,0.381,1.1,23.7,46.5,14.5,6.2,10.1,0.19,10.8,11.4,11.4,0,0,LOW
562.6,0.521,7.3,21.6,31.8,23.8,17.1,13.4,0.33,13.9,14.8,14.4,0,1,MODERATE
547.1,0.881,27.7,70.9,74.5,11.2,100.0,34.2,6.24,43.4,53.2,70.6,0,3,CRITICAL
557.9,0.63,22.1,55.7,63.0,24.4,99.9,32.4,5.3,40.0,47.8,64.4,0,3,CRITICAL
542.5,0.988,28.0,62.8,56.2,16.2,100.0,35.0,5.69,44.0,52.3,67.1,0,3,CRITICAL
567.0,0.419,13.1,65.0,61.1,12.2,100.0,28.3,2.68,32.0,37.1,44.6,0,3,CRITICAL
576.8,0.191,10.4,45.8,44.7,17.6,46.2,17.4,0.2,17.7,18.2,19.5,0,1,MODERATE
583.6,0.033,2.9,39.8,42.7,18.0,12.0,4.4,-0.3,3.7,3.1,1.3,0,0,LOW
551.8,0.772,7.2,44.6,46.2,14.7,39.6,22.9,-0.12,23.2,21.6,21.5,0,1,MODERATE
548.9,0.84,10.2,44.6,61.3,18.3,59.8,25.0,0.13,25.4,26.3,26.2,0,2,HIGH
575.8,0.214,1.7,18.5,29.6,20.0,4.4,7.0,-0.3,6.1,6.0,4.1,0,0,LOW
544.4,0.944,4.5,9.4,26.4,18.4,11.3,15.3,-0.04,14.8,15.6,16.0,0,1,MODERATE
549.6,0.823,16.4,50.6,60.0,23.9,72.1,28.5,0.14,28.3,29.2,28.5,0,2,HIGH
564.9,0.467,23.9,62.9,60.0,21.3,100.0,30.0,4.8,37.6,45.2,58.8,0,3,CRITICAL
555.4,0.688,115.3,311.0,100.0,12.7,100.0,32.1,12.1,50.7,69.1,101.6,0,3,CRITICAL
577.5,0.174,48.7,85.3,69.3,10.1,100.0,28.1,5.95,37.2,45.4,63.4,0,3,CRITICAL
563.1,0.509,18.5,36.0,49.2,16.3,97.7,31.5,3.87,37.0,44.0,54.9,0,3,CRITICAL
574.2,0.251,9.8,32.1,55.1,15.9,59.4,21.8,0.1,22.3,22.5,22.0,0,2,HIGH
557.1,0.649,18.2,58.2,52.2,12.0,100.0,36.7,5.01,44.3,51.6,67.6,0,3,CRITICAL
578.6,0.149,27.7,87.1,68.9,19.4,100.0,27.6,4.33,34.3,40.7,53.2,0,3,CRITICAL
557.5,0.64,2.3,41.9,43.1,17.7,9.8,11.1,-0.06,10.8,10.2,9.8,0,0,LOW
579.2,0.135,9.5,36.0,44.1,16.3,45.0,15.3,0.02,15.0,14.6,13.9,0,1,MODERATE
576.0,0.209,33.0,72.6,71.1,15.3,100.0,27.7,4.53,34.2,42.2,54.5,0,3,CRITICAL
553.9,0.723,8.7,47.1,58.9,11.5,78.0,30.4,3.74,35.7,41.7,52.2,0,3,CRITICAL
561.9,0.537,15.3,45.2,47.3,13.4,94.5,32.1,4.25,38.5,45.6,57.9,0,3,CRITICAL
573.1,0.277,16.0,43.8,57.9,18.1,89.6,29.7,3.08,34.7,38.0,48.8,0,3,CRITICAL
577.1,0.184,3.7,17.6,32.0,23.2,8.9,4.3,0.07,4.2,5.1,3.6,0,0,LOW
579.1,0.137,8.1,27.3,39.9,21.2,26.7,9.5,-0.24,9.6,8.8,6.7,0,0,LOW
573.4,0.27,7.3,34.4,56.9,13.0,55.9,15.6,0.17,15.5,16.0,17.8,0,1,MODERATE
568.8,0.377,0.5,3.3,23.4,14.1,1.5,8.5,-0.26,8.5,7.7,5.6,0,0,LOW
546.6,0.893,0.4,30.8,47.2,17.0,1.9,13.1,-0.14,13.2,11.9,12.8,0,0,LOW
558.7,0.612,32.1,116.6,97.1,20.3,100.0,34.0,5.72,42.1,51.2,65.7,0,3,CRITICAL
569.9,0.351,5.7,40.0,56.4,14.9,37.8,13.9,-0.28,13.1,12.5,12.1,0,0,LOW
551.6,0.777,13.1,55.1,48.0,23.8,46.2,22.2,0.27,22.9,23.1,22.0,0,2,HIGH
547.9,0.863,6.4,42.9,55.8,17.0,36.8,23.2,-0.21,22.4,23.0,20.6,0,2,HIGH
568.5,0.384,50.8,146.5,100.0,20.2,100.0,32.9,6.41,43.0,51.6,70.0,0,3,CRITICAL
547.2,0.879,5.4,21.7,35.4,16.7,20.0,16.1,0.23,16.8,15.8,18.5,0,1,MODERATE
565.5,0.453,10.1,51.7,53.2,15.3,61.5,24.0,0.1,23.7,24.6,25.2,0,2,HIGH
554.6,0.707,37.1,97.3,86.2,24.5,100.0,32.5,6.47,42.1,51.0,71.8,0,3,CRITICAL
567.9,0.398,33.2,102.5,88.2,13.9,100.0,31.8,4.18,38.4,44.7,55.5,0,3,CRITICAL
560.8,0.563,3.7,18.4,46.2,23.7,12.6,10.1,0.12,10.7,9.7,10.2,0,0,LOW
573.6,0.265,29.2,110.0,91.5,15.8,100.0,26.2,4.89,33.3,40.6,56.3,0,3,CRITICAL
583.1,0.044,11.0,55.3,65.5,12.3,100.0,28.6,2.54,32.6,36.5,44.6,0,3,CRITICAL
566.8,0.423,11.9,54.0,57.1,13.3,89.4,25.5,3.88,31.6,37.3,49.1,0,3,CRITICAL
577.0,0.186,2.6,13.6,29.7,15.5,8.7,3.0,-0.06,2.8,3.4,2.8,0,0,LOW
558.7,0.612,1.5,31.0,40.4,20.0,5.3,12.3,0.15,12.3,12.8,11.7,0,0,LOW
556.0,0.674,23.4,94.0,72.5,17.5,100.0,32.7,5.55,41.0,50.0,65.2,0,3,CRITICAL
560.3,0.574,12.3,46.4,48.1,15.1,68.6,26.5,0.39,26.7,27.8,27.2,0,2,HIGH
561.3,0.551,10.3,52.8,49.1,18.9,46.8,20.9,0.1,20.6,20.9,20.2,0,1,MODERATE
578.7,0.147,23.5,82.7,77.6,16.9,100.0,26.1,3.32,30.7,36.6,45.1,0,3,CRITICAL
573.7,0.263,26.1,103.6,80.3,16.9,100.0,27.0,3.78,32.6,37.4,47.9,0,3,CRITICAL
577.6,0.172,3.1,20.5,46.4,21.3,11.8,5.9,0.26,6.5,6.6,8.2,0,0,LOW
551.3,0.784,17.0,45.9,47.5,10.2,100.0,33.5,4.48,40.5,47.6,59.5,0,3,CRITICAL
555.9,0.677,2.6,12.3,27.1,18.4,6.7,9.8,0.11,9.9,10.2,12.2,0,0,LOW
580.4,0.107,25.1,58.2,55.1,10.7,100.0,26.8,3.15,31.0,36.6,44.6,0,3,CRITICAL
550.9,0.793,19.3,40.6,57.0,13.1,100.0,34.5,5.12,42.6,49.7,63.9,0,3,CRITICAL
547.9,0.863,56.5,131.1,96.1,20.8,100.0,38.4,8.09,50.4,63.0,83.6,0,3,CRITICAL
553.3,0.737,1.3,24.4,40.1,20.2,4.5,9.0,0.04,9.3,9.7,8.4,0,0,LOW
556.9,0.653,1.1,22.4,47.9,21.6,4.3,9.8,-0.03,10.0,10.6,9.0,0,0,LOW
578.7,0.147,6.0,21.6,31.0,12.9,25.2,10.0,-0.09,9.8,10.2,9.5,0,0,LOW
579.9,0.119,5.5,24.6,37.4,16.5,21.8,5.3,0.13,5.0,6.4,6.2,0,0,LOW
548.3,0.853,5.1,16.0,36.0,22.6,14.2,14.5,-0.17,13.8,13.3,15.1,0,1,MODERATE
548.3,0.853,42.6,88.6,81.0,22.5,100.0,37.1,6.78,47.4,58.4,75.0,0,3,CRITICAL
549.1,0.835,5.2,19.0,47.2,15.6,27.5,16.6,0.21,16.8,17.3,16.1,0,1,MODERATE
549.6,0.823,5.7,24.8,44.0,13.1,33.5,21.4,-0.18,20.7,20.2,20.0,0,1,MODERATE
583.3,0.04,25.6,76.0,59.9,24.7,100.0,25.1,3.66,30.4,36.7,44.7,0,3,CRITICAL
565.5,0.453,10.8,46.0,60.7,21.4,53.6,22.4,0.3,22.4,24.1,23.9,0,2,HIGH
575.5,0.221,27.0,98.2,87.9,14.4,100.0,26.8,3.49,32.4,36.6,48.5,0,3,CRITICAL
558.2,0.623,1.2,6.4,39.4,12.4,6.7,8.8,-0.11,9.1,9.3,6.4,0,0,LOW
551.6,0.777,12.0,54.9,62.6,14.9,88.2,29.7,4.72,36.9,44.1,58.8,0,3,CRITICAL
556.0,0.674,0.6,10.2,37.2,11.9,3.3,11.1,0.21,11.4,11.8,10.8,0,0,LOW
580.5,0.105,1.2,17.2,35.6,10.7,7.0,6.9,-0.04,6.8,6.0,6.4,0,0,LOW
560.1,0.579,42.6,91.3,69.1,22.9,100.0,33.3,5.81,42.5,50.9,66.2,0,3,CRITICAL
574.2,0.251,2.7,6.7,37.8,17.6,10.1,6.8,-0.17,6.0,6.8,7.6,0,0,LOW
574.4,0.247,13.7,35.9,38.8,10.2,91.2,28.0,2.37,32.0,35.8,42.1,0,3,CRITICAL
549.1,0.835,9.5,59.3,65.2,24.2,44.8,24.5,-0.07,23.9,23.8,24.4,0,2,HIGH
543.5,0.965,7.7,48.0,51.0,12.9,53.3,24.1,-0.24,23.4,23.1,21.1,0,2,HIGH
576.8,0.191,41.4,141.9,97.8,24.6,100.0,26.0,5.62,34.2,42.5,58.0,0,3,CRITICAL
572.9,0.281,0.4,10.1,33.1,17.6,1.3,5.0,-0.06,5.1,4.2,3.5,0,0,LOW
575.4,0.223,19.6,36.1,55.0,15.9,100.0,26.7,3.27,31.1,36.6,45.1,0,3,CRITICAL
574.1,0.253,59.5,148.5,96.7,22.5,100.0,30.8,7.02,40.9,52.6,69.9,0,3,CRITICAL
575.5,0.221,14.8,51.3,63.8,19.2,86.1,25.9,3.66,31.0,36.4,47.1,0,3,CRITICAL
550.5,0.802,49.7,110.3,82.6,12.4,100.0,38.1,7.06,48.8,60.0,79.6,0,3,CRITICAL
566.4,0.433,1.0,16.3,47.9,11.5,7.3,5.8,-0.14,5.2,4.8,4.9,0,0,LOW
552.0,0.767,9.8,55.8,65.0,14.1,79.1,28.9,4.2,35.2,42.3,52.4,0,3,CRITICAL
546.4,0.898,5.4,42.4,59.0,16.4,34.0,20.0,0.17,19.8,20.7,19.8,0,1,MODERATE
573.9,0.258,23.6,59.2,67.1,14.1,100.0,27.2,4.09,32.9,39.9,52.2,0,3,CRITICAL
557.2,0.647,71.6,133.2,100.0,12.1,100.0,34.2,8.0,45.9,58.9,80.7,0,3,CRITICAL
561.0,0.558,5.3,32.6,39.1,17.0,21.3,15.9,-0.07,16.0,16.4,14.2,0,1,MODERATE
546.0,0.907,19.1,67.9,59.0,22.0,89.6,33.2,5.69,42.0,50.5,67.1,0,3,CRITICAL
583.7,0.03,4.0,28.4,44.1,16.5,18.7,6.8,0.18,6.8,6.8,6.9,0,0,LOW
549.3,0.83,15.0,54.5,54.3,15.4,92.6,34.8,3.86,40.4,46.8,57.8,0,3,CRITICAL
583.3,0.04,11.2,53.7,53.5,17.6,59.6,18.1,0.27,18.5,19.6,19.8,0,1,MODERATE
583.8,0.028,64.4,127.8,99.8,12.0,100.0,28.1,5.75,36.7,45.1,60.1,0,3,CRITICAL
567.1,0.416,16.9,37.0,42.8,21.7,58.3,22.8,0.38,23.0,24.1,23.8,0,2,HIGH
548.8,0.842,7.7,25.5,47.8,18.0,35.8,19.2,0.23,20.0,19.7,21.5,0,1,MODERATE
584.5,0.012,2.2,26.3,36.9,21.4,6.6,5.1,0.03,4.7,6.1,6.3,0,0,LOW
552.6,0.753,3.0,16.4,39.7,18.9,11.0,14.5,0.02,14.7,14.3,15.8,0,1,MODERATE
561.1,0.556,4.6,22.4,36.4,22.5,13.0,10.0,0.2,10.8,10.3,10.1,0,0,LOW
544.9,0.933,5.2,39.1,39.9,13.5,26.9,16.4,0.15,16.2,16.3,16.8,0,1,MODERATE
550.6,0.8,34.2,80.3,66.1,17.0,100.0,33.1,6.12,42.2,50.5,67.0,0,3,CRITICAL
583.5,0.035,14.8,45.6,52.5,10.6,100.0,25.8,2.37,29.8,33.4,40.7,0,2,HIGH
544.4,0.944,13.3,71.5,63.6,13.3,100.0,37.5,5.33,45.0,53.6,67.4,0,3,CRITICAL
549.5,0.826,2.2,7.2,40.1,19.9,7.8,15.0,0.05,14.8,15.9,14.2,0,1,MODERATE
559.6,0.591,35.4,80.7,72.7,14.2,100.0,30.6,5.46,38.4,46.4,60.8,0,3,CRITICAL
557.0,0.651,23.1,72.5,74.6,12.9,100.0,31.9,4.68,39.3,46.0,59.0,0,3,CRITICAL
560.1,0.579,1.3,4.7,39.5,13.1,6.9,8.2,-0.2,8.0,6.7,6.2,0,0,LOW
560.4,0.572,22.1,42.1,47.9,17.7,100.0,32.5,5.2,40.6,48.1,63.1,0,3,CRITICAL
550.1,0.812,14.1,31.0,53.1,14.3,91.6,32.0,4.12,38.5,43.5,55.9,0,3,CRITICAL
551.4,0.781,1.5,33.9,52.9,17.5,7.9,11.7,-0.22,11.4,12.0,9.2,0,0,LOW
579.6,0.126,11.0,41.6,45.3,22.6,38.6,10.0,0.16,9.8,10.9,9.8,0,0,LOW
564.2,0.484,11.9,38.9,52.5,24.7,44.3,14.9,0.04,15.0,14.7,16.5,0,1,MODERATE
562.7,0.519,3.3,15.9,35.8,14.2,14.6,9.8,0.02,9.3,10.5,10.2,0,0,LOW
551.5,0.779,52.4,118.1,87.6,14.6,100.0,37.4,7.59,49.0,59.8,81.3,0,3,CRITICAL
583.1,0.044,34.1,80.5,69.4,15.9,100.0,25.8,4.15,32.0,38.6,51.2,0,3,CRITICAL
579.8,0.121,19.9,48.6,53.6,20.2,92.4,24.9,2.75,29.1,33.8,42.5,0,2,HIGH
544.9,0.933,11.2,60.5,52.0,15.6,65.3,28.6,0.19,28.4,28.3,29.5,0,2,HIGH
581.8,0.074,9.6,47.8,44.1,17.8,41.6,11.3,0.21,11.8,12.6,12.1,0,0,LOW
554.5,0.709,18.9,46.3,60.8,10.5,100.0,36.9,4.13,42.8,48.8,60.6,0,3,CRITICAL
563.9,0.491,14.2,37.7,51.7,20.0,64.2,20.1,0.13,20.5,21.3,19.5,0,1,MODERATE
582.1,0.067,1.2,9.1,32.8,22.9,3.0,5.0,0.01,5.3,5.3,6.0,0,0,LOW
561.4,0.549,12.9,46.1,47.4,21.4,50.0,21.1,0.34,21.2,22.1,22.0,0,2,HIGH
559.8,0.586,29.6,82.5,75.2,20.4,100.0,35.2,5.09,42.8,50.3,65.6,0,3,CRITICAL
555.5,0.686,11.1,43.9,42.4,20.1,41.0,18.3,-0.1,18.5,18.4,16.1,0,1,MODERATE
569.9,0.351,1.0,32.7,51.6,18.2,5.0,5.9,0.05,5.5,5.8,5.1,0,0,LOW
544.6,0.94,27.8,67.0,65.1,24.4,100.0,39.7,5.1,47.0,55.6,69.6,0,3,CRITICAL
575.0,0.233,4.0,32.7,49.8,18.5,18.8,8.7,-0.22,8.0,7.3,8.2,0,0,LOW
583.5,0.035,5.4,44.0,46.7,11.4,38.7,12.5,0.26,12.9,13.9,13.3,0,1,MODERATE
553.3,0.737,3.2,17.6,29.4,20.8,7.9,12.4,0.08,12.7,13.6,11.4,0,1,MODERATE
575.2,0.228,7.2,31.8,55.7,19.0,36.9,10.1,-0.09,10.2,10.1,9.3,0,0,LOW
543.2,0.972,25.4,53.1,58.9,22.3,100.0,37.3,4.97,44.5,52.4,64.9,0,3,CRITICAL
585.0,0.0,13.2,57.2,63.4,14.2,100.0,27.7,2.77,32.1,36.6,44.5,0,3,CRITICAL
577.3,0.179,4.1,34.4,39.4,17.1,16.5,9.4,-0.31,9.1,9.4,6.8,0,0,LOW
551.5,0.779,37.8,87.6,74.4,23.0,100.0,36.9,6.85,46.8,57.8,75.7,0,3,CRITICAL
575.2,0.228,38.1,128.2,100.0,19.8,100.0,26.3,4.12,32.9,39.2,48.8,0,3,CRITICAL
544.3,0.947,36.8,85.7,75.5,10.6,100.0,39.6,6.12,48.8,58.0,75.2,0,3,CRITICAL
580.6,0.102,4.9,16.0,31.2,12.3,21.8,5.7,0.27,6.2,6.8,8.2,0,0,LOW
577.8,0.167,10.8,40.6,59.2,19.9,56.2,14.2,-0.1,14.1,14.1,13.0,0,1,MODERATE
566.3,0.435,75.6,187.0,100.0,11.1,100.0,31.5,8.27,44.0,55.5,79.8,0,3,CRITICAL
580.5,0.105,26.6,75.3,67.1,15.9,100.0,24.3,2.94,28.3,32.2,41.8,0,2,HIGH
561.6,0.544,0.5,33.3,56.5,16.3,3.0,9.3,0.14,9.3,9.2,11.2,0,0,LOW
558.4,0.619,1.2,28.4,40.9,17.8,4.8,11.6,-0.09,11.0,10.7,11.9,0,0,LOW
554.7,0.705,11.2,51.6,51.8,19.9,51.0,21.4,0.07,21.0,20.8,23.3,0,1,MODERATE
583.1,0.044,43.2,93.5,70.4,23.6,100.0,26.9,4.67,34.2,41.3,53.1,0,3,CRITICAL
558.2,0.623,13.9,33.6,55.2,14.4,93.2,31.0,3.37,36.3,41.5,48.9,0,3,CRITICAL
557.3,0.644,12.4,45.7,52.9,11.2,100.0,33.9,3.76,39.4,46.1,56.4,0,3,CRITICAL
583.7,0.03,2.0,38.3,44.6,23.2,6.7,3.1,-0.27,2.5,2.7,1.4,0,0,LOW
563.4,0.502,19.2,50.0,59.2,16.2,100.0,35.0,4.73,41.8,48.3,62.1,0,3,CRITICAL
561.9,0.537,31.1,114.7,85.5,18.8,100.0,30.2,5.2,38.1,45.8,61.8,0,3,CRITICAL
580.2,0.112,8.6,28.2,35.1,13.8,38.3,12.5,0.0,12.2,12.3,12.9,0,0,LOW
542.5,0.988,26.9,53.1,55.6,24.0,100.0,38.4,5.39,46.9,54.3,71.4,0,3,CRITICAL
581.1,0.091,60.1,189.6,100.0,23.7,100.0,27.7,6.96,38.2,48.0,69.0,0,3,CRITICAL
573.6,0.265,4.1,26.6,43.6,20.7,15.1,7.7,-0.21,7.8,6.9,5.8,0,0,LOW
552.6,0.753,13.3,29.1,53.5,22.1,56.3,26.5,0.35,26.6,27.0,28.6,0,2,HIGH
550.2,0.809,6.1,18.2,48.9,16.0,32.6,16.0,0.26,16.2,15.9,19.2,0,1,MODERATE
572.0,0.302,28.3,81.9,73.3,21.2,100.0,27.0,4.71,34.3,41.5,55.6,0,3,CRITICAL
579.4,0.13,15.5,59.3,54.0,11.8,100.0,25.8,3.28,30.7,34.9,45.3,0,2,HIGH
565.4,0.456,18.1,49.2,55.4,19.7,89.1,30.7,3.66,35.8,42.3,53.5,0,3,CRITICAL
547.8,0.865,28.8,89.6,84.2,19.7,100.0,33.7,5.24,41.4,48.9,64.3,0,3,CRITICAL
562.8,0.516,9.1,41.5,56.8,19.3,46.9,17.5,0.33,17.9,19.3,19.7,0,1,MODERATE
584.0,0.023,44.4,145.3,100.0,10.5,100.0,29.2,4.67,36.2,44.0,54.8,0,3,CRITICAL
570.3,0.342,13.7,59.2,58.6,16.1,87.3,24.5,3.24,29.4,35.2,42.0,0,3,CRITICAL
574.9,0.235,3.1,33.9,52.4,22.7,12.5,4.0,-0.19,4.2,3.4,1.5,0,0,LOW
549.0,0.837,21.4,36.3,42.0,19.9,79.0,29.7,4.91,36.6,44.4,58.2,0,3,CRITICAL
569.6,0.358,28.4,77.0,65.5,13.4,100.0,27.8,4.53,34.8,42.3,52.8,0,3,CRITICAL
556.3,0.667,6.9,48.6,56.3,11.1,61.2,22.5,0.03,22.3,21.7,21.9,0,1,MODERATE
549.9,0.816,35.0,98.3,74.7,16.7,100.0,36.1,5.34,43.9,52.0,66.9,0,3,CRITICAL
583.2,0.042,42.6,84.6,66.8,24.8,100.0,29.0,5.34,37.2,45.0,59.3,0,3,CRITICAL
575.4,0.223,5.8,44.1,54.6,24.7,22.4,10.4,0.23,11.2,10.3,12.4,0,0,LOW
583.3,0.04,73.9,129.9,91.9,14.0,100.0,25.8,7.97,37.3,50.3,72.2,0,3,CRITICAL
557.2,0.647,2.7,17.1,43.4,20.9,9.8,13.1,-0.15,13.2,12.2,13.0,0,0,LOW
568.6,0.381,4.1,19.3,43.0,23.8,13.0,6.1,-0.02,6.0,5.1,4.2,0,0,LOW
552.6,0.753,3.7,9.9,31.2,23.4,8.6,9.9,-0.16,9.2,9.9,9.3,0,0,LOW
575.9,0.212,40.4,90.9,81.5,10.4,100.0,26.8,4.83,34.3,41.8,55.7,0,3,CRITICAL
543.7,0.96,19.1,75.2,68.5,16.0,100.0,40.2,5.37,48.4,55.4,71.1,0,3,CRITICAL
565.2,0.46,3.0,17.2,40.8,15.1,14.2,12.9,-0.11,12.9,13.0,11.2,0,1,MODERATE
550.8,0.795,10.4,45.3,45.3,10.8,76.3,27.8,4.8,34.8,42.9,55.7,0,3,CRITICAL
563.8,0.493,17.2,52.9,55.1,10.6,100.0,33.2,4.02,39.2,46.2,56.9,0,3,CRITICAL
543.8,0.958,1.6,8.4,38.2,11.4,9.4,16.9,0.13,17.2,18.2,19.0,0,1,MODERATE
545.4,0.921,38.5,92.7,69.3,15.8,100.0,34.7,6.39,44.1,53.5,70.1,0,3,CRITICAL
549.0,0.837,29.3,61.3,53.0,18.9,100.0,35.5,5.38,43.5,52.0,68.5,0,3,CRITICAL
548.3,0.853,12.7,45.6,52.2,10.1,100.0,36.1,4.06,42.4,47.9,60.5,0,3,CRITICAL
583.2,0.042,61.5,100.7,88.2,21.6,100.0,29.0,6.87,38.9,50.1,68.1,0,3,CRITICAL
574.1,0.253,9.7,47.3,58.2,18.6,53.1,16.8,0.27,17.5,18.6,17.0,0,1,MODERATE
559.5,0.593,74.6,147.3,100.0,23.8,100.0,32.3,9.41,46.1,60.3,87.7,0,3,CRITICAL
555.0,0.698,19.8,47.3,54.8,16.7,100.0,32.7,4.41,39.2,45.6,59.4,0,3,CRITICAL
558.9,0.607,18.1,38.8,48.1,10.1,100.0,30.5,4.56,37.7,43.4,57.4,0,3,CRITICAL
553.4,0.735,3.3,25.8,35.3,22.9,8.9,12.6,0.02,13.1,11.8,13.6,0,0,LOW
569.5,0.36,38.5,60.4,62.4,15.1,100.0,31.5,5.63,39.9,48.1,64.0,0,3,CRITICAL
567.7,0.402,10.0,20.2,43.1,12.8,58.9,19.9,-0.17,19.9,19.3,17.6,0,1,MODERATE
583.6,0.033,3.2,38.2,49.0,14.4,19.1,5.1,0.15,5.8,5.7,4.7,0,0,LOW
555.7,0.681,0.2,39.0,45.1,14.3,1.1,8.4,-0.09,7.9,7.2,8.1,0,0,LOW
572.9,0.281,14.8,45.8,49.9,13.2,97.9,31.2,3.66,37.0,42.0,52.1,0,3,CRITICAL
579.3,0.133,13.5,56.5,51.2,17.4,69.5,19.9,0.06,19.9,19.1,21.9,0,1,MODERATE
559.6,0.591,22.9,90.8,71.6,16.3,100.0,32.8,4.25,39.5,44.9,57.2,0,3,CRITICAL
581.6,0.079,39.8,56.7,64.3,10.9,100.0,27.0,3.92,32.8,38.2,48.0,0,3,CRITICAL
561.0,0.558,1.5,28.8,36.2,17.5,5.4,6.6,-0.12,6.3,6.1,4.3,0,0,LOW
547.5,0.872,23.7,41.1,45.5,14.9,100.0,36.1,4.97,43.8,51.9,65.8,0,3,CRITICAL
557.7,0.635,3.7,37.5,52.6,24.8,13.7,11.8,-0.29,11.6,10.2,11.7,0,0,LOW
545.4,0.921,35.2,99.4,81.2,16.0,100.0,39.8,7.02,50.7,60.7,79.5,0,3,CRITICAL
556.2,0.67,30.8,102.7,75.2,14.8,100.0,34.7,5.03,42.4,49.7,64.0,0,3,CRITICAL
542.3,0.993,14.0,34.1,40.8,13.6,73.5,32.8,0.17,33.0,33.8,33.9,0,2,HIGH
552.5,0.756,22.3,52.7,57.6,12.5,100.0,35.7,4.82,42.7,49.5,64.8,0,3,CRITICAL
571.7,0.309,6.8,33.9,52.7,12.0,52.3,18.2,0.25,18.4,18.0,21.0,0,1,MODERATE
581.6,0.079,11.5,50.3,61.5,24.0,51.6,17.2,0.11,17.5,17.7,16.7,0,1,MODERATE
549.1,0.835,31.0,70.2,73.8,12.4,100.0,37.3,6.37,47.0,55.5,73.3,0,3,CRITICAL
549.8,0.819,11.1,33.6,56.6,11.0,100.0,36.5,3.78,42.5,47.9,57.7,0,3,CRITICAL
551.1,0.788,8.0,39.8,52.0,17.9,40.7,23.0,-0.23,22.8,22.0,21.0,0,2,HIGH
545.6,0.916,12.3,58.9,52.0,15.8,70.8,32.2,0.11,32.3,32.9,33.3,0,2,HIGH
550.7,0.798,31.7,91.7,65.9,22.5,100.0,37.3,6.51,46.8,56.1,76.0,0,3,CRITICAL
560.6,0.567,7.3,47.2,61.9,17.4,45.4,19.0,-0.12,19.3,18.5,19.1,0,1,MODERATE
572.1,0.3,3.4,20.2,48.7,21.0,13.8,5.2,0.15,4.9,5.8,4.5,0,0,LOW
558.3,0.621,22.4,52.7,49.7,17.6,100.0,32.3,4.79,39.1,47.3,60.6,0,3,CRITICAL
576.0,0.209,31.5,54.9,65.4,14.1,100.0,29.6,4.85,36.8,44.7,57.8,0,3,CRITICAL
560.4,0.572,1.9,18.4,47.7,22.6,7.0,9.2,-0.27,9.1,7.9,7.3,0,0,LOW
576.6,0.195,4.9,25.3,49.6,22.1,19.2,7.6,0.27,7.8,8.2,7.6,0,0,LOW
566.7,0.426,2.8,28.4,47.1,13.1,17.6,10.6,-0.21,10.4,10.5,10.0,0,0,LOW
574.2,0.251,7.7,47.9,60.8,19.0,43.1,12.3,0.11,12.7,12.5,13.3,0,0,LOW
568.7,0.379,10.8,30.9,52.8,19.0,52.5,20.5,-0.06,20.7,20.9,19.9,0,1,MODERATE
551.3,0.784,24.9,44.0,53.8,23.4,100.0,33.0,4.6,40.1,47.0,61.2,0,3,CRITICAL
564.9,0.467,19.0,69.0,72.7,14.9,100.0,30.3,4.59,36.9,43.1,57.6,0,3,CRITICAL
549.8,0.819,17.5,63.3,71.4,23.1,94.7,32.3,4.24,38.8,45.1,58.4,0,3,CRITICAL
582.4,0.06,7.8,46.2,61.7,12.4,67.9,18.1,0.03,18.1,18.2,19.5,0,1,MODERATE
575.3,0.226,33.2,104.2,74.7,16.8,100.0,29.6,4.69,36.2,44.0,58.5,0,3,CRITICAL
554.5,0.709,11.5,22.9,45.4,24.8,36.8,16.9,0.26,17.4,17.4,17.7,0,1,MODERATE
574.1,0.253,69.6,169.0,100.0,14.1,100.0,26.2,7.72,37.8,49.7,71.4,0,3,CRITICAL
566.4,0.433,18.1,52.5,59.8,13.6,100.0,28.2,3.96,34.6,39.4,50.8,0,3,CRITICAL
547.1,0.881,2.4,8.5,41.9,16.3,10.8,13.6,-0.27,12.8,12.4,13.5,0,0,LOW
573.5,0.267,20.3,62.8,57.0,17.5,100.0,31.8,4.21,37.9,44.9,55.7,0,3,CRITICAL
563.2,0.507,7.1,48.3,49.2,16.5,37.0,13.4,-0.23,13.1,12.4,13.1,0,0,LOW
559.8,0.586,20.9,48.1,57.7,15.4,100.0,32.5,4.17,38.6,44.3,58.1,0,3,CRITICAL
579.0,0.14,1.3,32.9,48.2,17.1,6.4,3.1,-0.29,3.0,1.6,1.5,0,0,LOW
581.2,0.088,3.5,10.5,40.8,22.5,11.1,6.8,0.19,7.3,7.3,9.6,0,0,LOW
559.6,0.591,34.9,69.3,70.8,14.0,100.0,35.6,5.54,43.8,51.6,68.8,0,3,CRITICAL
556.3,0.667,4.6,30.3,45.8,10.5,35.1,18.4,0.22,19.0,18.5,20.3,0,1,MODERATE
542.5,0.988,32.7,105.1,89.0,17.1,100.0,37.8,6.85,48.4,58.5,77.5,0,3,CRITICAL
578.2,0.158,5.9,16.4,33.6,13.1,26.5,8.9,-0.12,8.2,8.2,6.6,0,0,LOW
550.8,0.795,18.5,59.6,63.6,14.5,100.0,35.6,5.44,43.8,51.9,67.7,0,3,CRITICAL
551.6,0.777,21.3,34.9,44.2,22.4,73.6,30.3,0.05,30.5,30.3,29.4,0,2,HIGH
568.5,0.384,12.9,47.1,59.7,10.7,100.0,29.0,2.63,33.4,37.1,45.2,0,3,CRITICAL
556.3,0.667,6.6,44.5,42.6,12.9,38.1,17.4,-0.24,16.6,17.2,16.6,0,1,MODERATE
562.3,0.528,4.3,27.2,45.8,24.3,14.2,8.6,-0.13,8.4,8.1,7.0,0,0,LOW
581.1,0.091,0.6,7.6,23.9,17.8,1.4,3.8,0.12,3.8,4.4,5.8,0,0,LOW
571.9,0.305,6.5,27.2,45.0,12.4,41.3,15.9,-0.14,16.2,15.3,15.9,0,1,MODERATE
557.5,0.64,19.1,68.3,69.3,12.5,100.0,33.2,4.35,40.2,45.7,59.7,0,3,CRITICAL
561.1,0.556,50.1,131.6,89.4,18.9,100.0,33.6,6.86,44.1,53.9,75.1,0,3,CRITICAL
564.8,0.47,36.9,127.6,93.2,17.5,100.0,30.4,4.85,37.6,44.7,58.0,0,3,CRITICAL
555.4,0.688,26.1,81.1,61.0,16.3,100.0,32.2,4.51,39.2,45.2,58.3,0,3,CRITICAL
561.4,0.549,28.0,79.3,79.3,23.3,100.0,31.0,5.13,38.8,45.5,61.9,0,3,CRITICAL
574.8,0.237,19.7,70.1,72.5,20.7,100.0,29.6,3.34,34.8,39.7,50.1,0,3,CRITICAL
584.3,0.016,5.4,39.6,41.2,21.9,17.8,5.2,-0.1,4.8,4.9,6.4,0,0,LOW
579.8,0.121,42.8,113.6,77.6,16.8,100.0,25.7,5.0,33.1,39.8,54.7,0,3,CRITICAL
544.5,0.942,20.0,57.4,68.5,21.4,100.0,38.1,4.71,45.5,51.7,64.6,0,3,CRITICAL
564.0,0.488,14.8,48.5,61.5,24.4,65.3,24.3,0.14,24.2,24.9,25.8,0,2,HIGH
549.8,0.819,2.1,37.1,50.6,19.5,9.5,12.2,-0.31,12.1,11.4,9.2,0,0,LOW
566.4,0.433,10.7,47.3,51.4,19.8,48.6,19.9,0.12,19.7,20.9,21.1,0,1,MODERATE
563.0,0.512,11.1,45.1,57.8,24.5,45.8,15.8,-0.11,15.6,14.7,15.1,0,1,MODERATE
548.3,0.853,36.0,90.7,77.5,13.5,100.0,34.9,6.57,44.9,55.3,73.6,0,3,CRITICAL
568.1,0.393,14.2,29.2,48.9,10.7,100.0,30.7,3.31,35.8,41.4,50.9,0,3,CRITICAL
579.2,0.135,8.6,31.7,42.9,16.7,38.7,14.1,0.04,14.4,14.8,15.6,0,1,MODERATE
570.3,0.342,67.7,180.6,100.0,19.5,100.0,31.2,7.92,43.0,55.8,76.6,0,3,CRITICAL
569.7,0.356,2.1,29.0,48.0,21.1,8.4,7.5,0.07,7.4,6.8,7.4,0,0,LOW
563.9,0.491,9.9,54.1,53.3,14.6,63.2,22.6,-0.17,22.8,21.3,20.4,0,1,MODERATE
551.8,0.772,0.8,14.7,28.3,16.0,2.5,13.8,-0.32,13.4,12.6,13.5,0,0,LOW
565.0,0.465,24.2,33.4,49.5,23.2,90.4,28.9,4.27,34.9,42.5,52.7,0,3,CRITICAL
583.9,0.026,45.0,137.0,95.6,17.7,100.0,24.9,5.63,33.4,41.4,59.0,0,3,CRITICAL
584.6,0.009,5.9,31.7,53.0,24.3,22.5,8.6,-0.24,8.0,7.1,6.6,0,0,LOW
551.4,0.781,35.2,96.8,85.8,15.3,100.0,38.0,5.82,46.9,54.8,73.2,0,3,CRITICAL
570.8,0.33,6.2,23.4,41.9,24.4,18.6,11.3,-0.15,10.6,11.0,8.9,0,0,LOW
566.0,0.442,43.5,142.8,100.0,24.9,100.0,29.7,5.35,37.3,46.5,61.6,0,3,CRITICAL
545.0,0.93,25.2,73.8,67.7,18.7,100.0,38.9,4.88,46.2,53.0,66.5,0,3,CRITICAL
558.5,0.616,29.4,67.6,57.3,11.8,100.0,34.9,5.25,42.8,51.0,66.9,0,3,CRITICAL
562.9,0.514,0.3,37.6,51.0,16.4,1.6,7.2,-0.19,7.4,7.4,4.6,0,0,LOW
570.6,0.335,59.3,131.6,98.7,24.1,100.0,32.4,6.23,42.0,50.7,67.7,0,3,CRITICAL
562.6,0.521,23.3,56.4,60.0,22.3,100.0,30.5,4.4,37.0,42.8,57.8,0,3,CRITICAL
567.4,0.409,6.5,20.3,38.3,20.0,21.8,14.3,0.31,15.0,14.3,14.8,0,1,MODERATE
583.4,0.037,31.8,109.2,89.6,18.6,100.0,27.3,3.71,33.2,37.7,50.2,0,3,CRITICAL
559.9,0.584,6.0,16.5,43.2,24.8,18.3,12.1,0.29,12.0,14.0,14.7,0,1,MODERATE
581.4,0.084,37.1,93.5,85.2,12.0,100.0,29.1,3.87,35.1,41.7,50.7,0,3,CRITICAL
567.3,0.412,2.1,38.6,43.5,16.6,9.6,7.9,-0.23,7.5,6.9,7.4,0,0,LOW
546.0,0.907,21.9,81.1,67.1,19.5,100.0,35.5,5.12,43.0,49.9,64.0,0,3,CRITICAL
552.5,0.756,14.0,38.5,45.3,15.9,69.8,26.7,0.41,27.0,28.5,30.2,0,2,HIGH
546.7,0.891,1.8,22.8,34.0,13.3,8.1,14.1,0.11,14.1,15.2,14.3,0,1,MODERATE
568.3,0.388,5.0,32.0,39.2,12.7,27.0,13.5,-0.07,13.8,13.9,12.4,0,1,MODERATE
543.9,0.956,0.2,34.6,53.2,22.2,0.8,11.6,0.19,12.1,11.8,11.1,0,0,LOW
573.0,0.279,11.4,55.0,66.9,21.7,61.5,22.3,-0.02,22.3,22.2,21.0,0,2,HIGH
581.2,0.088,6.5,10.2,34.5,13.6,28.9,7.7,-0.12,7.4,7.1,7.9,0,0,LOW
545.6,0.916,16.4,49.4,61.3,12.2,100.0,34.6,4.49,41.6,48.0,60.7,0,3,CRITICAL
567.4,0.409,6.3,13.3,44.1,10.1,48.1,15.0,-0.08,14.6,14.8,14.3,0,1,MODERATE
546.1,0.905,6.4,37.6,54.9,17.5,35.1,18.0,0.16,18.3,19.4,17.4,0,1,MODERATE
550.9,0.793,24.5,36.4,39.5,13.4,100.0,35.4,5.06,43.1,51.5,63.0,0,3,CRITICAL
576.3,0.202,0.9,19.4,30.6,20.1,2.4,4.8,-0.19,4.3,3.9,3.5,0,0,LOW
544.3,0.947,42.0,119.6,79.8,23.0,100.0,39.3,7.21,49.9,61.5,79.6,0,3,CRITICAL
582.5,0.058,34.4,80.9,60.7,10.5,100.0,24.8,3.48,30.5,35.1,44.4,0,3,CRITICAL
569.8,0.353,19.8,90.0,65.4,14.9,100.0,32.2,3.22,37.3,41.1,51.9,0,3,CRITICAL
543.2,0.972,16.2,31.5,42.1,13.8,86.5,35.7,5.08,42.8,51.9,64.8,0,3,CRITICAL
580.4,0.107,40.1,90.9,68.3,12.0,100.0,25.1,4.03,31.6,36.7,50.2,0,3,CRITICAL
547.6,0.87,3.7,10.3,32.7,19.8,10.7,11.7,0.07,11.9,11.0,10.6,0,0,LOW
574.6,0.242,1.5,14.7,31.8,11.5,7.3,4.1,-0.27,3.4,3.0,4.2,0,0,LOW
576.3,0.202,4.9,36.4,43.3,22.5,16.5,7.0,-0.13,6.4,6.2,6.2,0,0,LOW
554.8,0.702,28.5,95.2,76.2,10.1,100.0,33.0,5.3,40.9,48.4,64.6,0,3,CRITICAL
573.4,0.27,0.6,15.5,36.5,16.8,2.3,5.8,-0.01,6.2,5.3,6.3,0,0,LOW
565.7,0.449,15.7,41.6,50.2,13.5,100.0,30.8,4.04,36.7,42.3,53.8,0,3,CRITICAL
583.3,0.04,97.0,187.3,100.0,14.0,100.0,28.1,8.94,41.2,55.5,81.3,0,3,CRITICAL
564.0,0.488,34.8,92.9,72.5,14.0,100.0,33.6,5.06,40.9,49.5,63.7,0,3,CRITICAL
548.8,0.842,13.3,65.7,71.8,23.9,69.9,27.9,0.3,28.5,28.5,29.9,0,2,HIGH
572.0,0.302,1.2,19.1,44.8,23.2,4.1,6.1,0.16,6.6,5.9,6.0,0,0,LOW
581.2,0.088,32.0,92.6,84.8,12.3,100.0,24.7,3.99,30.3,36.6,48.4,0,3,CRITICAL
582.2,0.065,16.4,74.4,68.1,13.4,100.0,25.4,3.39,30.3,35.7,45.1,0,3,CRITICAL
560.5,0.57,2.2,6.0,38.7,15.9,9.4,10.4,-0.18,10.1,10.1,9.8,0,0,LOW
574.3,0.249,1.8,35.8,39.4,11.4,10.9,8.9,0.04,9.0,8.2,10.6,0,0,LOW
564.2,0.484,43.3,84.1,62.6,10.3,100.0,33.6,5.88,42.3,51.2,66.5,0,3,CRITICAL
577.7,0.17,19.9,27.8,44.6,16.4,94.7,26.6,3.35,31.8,36.8,44.7,0,3,CRITICAL
573.5,0.267,31.8,72.1,75.6,24.7,100.0,28.6,4.01,34.9,41.2,51.6,0,3,CRITICAL
549.9,0.816,38.0,118.2,94.1,24.9,100.0,36.6,6.16,46.0,54.8,72.0,0,3,CRITICAL
581.4,0.084,15.3,27.4,36.5,24.0,40.7,14.3,0.26,15.1,14.1,15.4,0,1,MODERATE
566.6,0.428,13.1,52.9,66.3,11.6,100.0,32.0,3.67,37.4,42.6,53.1,0,3,CRITICAL
568.7,0.379,10.1,46.3,51.4,23.3,39.0,13.6,-0.0,13.7,12.7,15.2,0,0,LOW
546.6,0.893,6.9,43.1,42.1,16.0,31.8,21.0,0.08,20.9,21.4,22.4,0,1,MODERATE
545.5,0.919,10.3,27.0,38.9,17.1,41.0,23.3,0.31,23.9,23.6,25.8,0,2,HIGH
564.9,0.467,26.8,38.3,50.4,22.0,100.0,30.2,4.91,38.0,45.7,58.7,0,3,CRITICAL
551.3,0.784,16.6,31.9,46.8,11.6,100.0,32.5,4.21,39.0,45.3,57.5,0,3,CRITICAL
575.2,0.228,40.1,63.6,69.8,12.4,100.0,31.2,4.5,38.0,45.5,58.6,0,3,CRITICAL
581.8,0.074,10.5,41.2,41.3,24.5,31.0,11.9,0.17,11.9,11.7,14.5,0,0,LOW
575.1,0.23,16.8,62.9,70.1,14.5,100.0,27.3,2.65,30.8,34.9,41.1,0,2,HIGH
544.6,0.94,18.0,74.7,59.3,22.6,82.7,35.5,4.44,42.6,48.6,59.7,0,3,CRITICAL
575.8,0.214,16.1,49.9,46.7,17.4,75.6,20.7,2.53,24.7,28.5,34.7,0,2,HIGH
578.4,0.153,21.8,32.1,54.2,20.0,100.0,24.9,4.08,31.0,37.7,47.1,0,3,CRITICAL
546.0,0.907,4.9,28.3,51.2,14.5,30.3,17.3,-0.01,17.5,17.8,17.6,0,1,MODERATE
583.7,0.03,12.9,45.7,52.7,14.4,82.6,21.6,2.52,25.1,29.7,34.7,0,2,HIGH
581.5,0.081,2.0,28.6,36.5,24.8,5.2,3.0,-0.01,2.8,2.5,1.7,0,0,LOW
557.0,0.651,8.7,25.7,37.6,23.8,24.1,13.1,-0.2,12.9,12.4,12.5,0,0,LOW
558.7,0.612,12.0,32.3,43.0,12.5,72.2,25.3,0.29,25.7,25.8,25.5,0,2,HIGH
548.0,0.86,19.0,53.3,62.8,24.0,87.0,32.9,4.99,40.6,47.4,61.9,0,3,CRITICAL
581.1,0.091,54.1,126.0,93.1,24.7,100.0,27.7,6.53,37.0,46.5,67.3,0,3,CRITICAL
572.1,0.3,16.5,46.9,62.2,23.8,75.5,21.7,3.12,26.4,31.8,41.1,0,2,HIGH
549.9,0.816,24.5,57.9,52.1,16.1,100.0,37.4,5.04,44.8,52.0,68.0,0,3,CRITICAL
562.5,0.523,12.7,32.0,53.2,19.8,59.7,20.9,0.36,20.9,22.6,23.0,0,2,HIGH
583.1,0.044,18.1,41.1,41.4,20.5,64.0,17.2,0.45,18.3,17.6,20.3,0,1,MODERATE
576.9,0.188,1.3,26.4,46.6,24.8,4.3,6.2,-0.31,5.4,4.6,4.3,0,0,LOW
549.2,0.833,5.3,15.1,34.6,21.9,14.7,12.6,-0.16,12.4,11.5,11.9,0,0,LOW
554.2,0.716,8.1,35.5,55.1,17.9,43.6,19.6,0.13,19.9,19.1,19.5,0,1,MODERATE
543.7,0.96,11.5,38.3,51.3,11.7,88.2,33.8,4.99,41.5,49.6,62.2,0,3,CRITICAL
543.3,0.97,0.8,33.0,40.4,24.5,2.3,15.9,0.17,15.8,16.7,17.2,0,1,MODERATE
581.7,0.077,2.7,40.5,46.0,19.6,11.1,7.3,-0.13,7.1,7.9,6.9,0,0,LOW
562.0,0.535,5.8,14.3,38.0,22.8,16.9,8.8,-0.1,8.8,9.3,9.0,0,0,LOW
556.2,0.67,64.1,132.4,100.0,11.9,100.0,35.6,8.44,47.9,61.2,83.8,0,3,CRITICAL
565.9,0.444,7.2,29.4,52.4,11.9,55.5,17.4,-0.2,17.1,16.9,16.6,0,1,MODERATE
543.0,0.977,11.8,32.1,55.7,18.4,62.5,29.6,-0.15,29.9,29.1,29.0,0,2,HIGH
547.0,0.884,3.9,14.5,40.5,20.9,13.2,16.2,-0.17,16.4,15.2,16.0,0,1,MODERATE
567.6,0.405,17.0,53.3,57.7,24.4,70.4,25.9,0.41,26.6,26.7,29.2,0,2,HIGH
565.4,0.456,5.9,32.7,51.1,22.5,23.4,12.9,-0.02,13.0,13.2,12.3,0,1,MODERATE
548.6,0.847,4.2,30.9,35.7,11.0,23.9,14.4,-0.12,14.2,13.5,14.6,0,1,MODERATE
558.0,0.628,13.1,37.8,45.3,16.7,62.2,21.6,-0.0,21.8,20.7,21.9,0,1,MODERATE
565.7,0.449,0.1,8.9,24.9,14.2,0.3,6.3,-0.16,6.2,6.1,6.6,0,0,LOW
554.7,0.705,0.1,31.1,45.5,23.6,0.3,8.5,0.13,8.2,8.5,8.1,0,0,LOW
574.0,0.256,4.5,18.9,35.5,10.1,27.7,8.2,-0.26,8.0,7.0,7.5,0,0,LOW
556.7,0.658,0.7,17.8,31.1,18.0,2.1,8.3,-0.22,8.4,8.5,6.6,0,0,LOW
577.9,0.165,2.1,19.6,33.0,12.5,9.7,5.1,-0.21,5.0,3.9,2.6,0,0,LOW
576.2,0.205,7.4,28.5,37.9,13.3,36.9,10.2,0.13,10.8,9.9,10.5,0,0,LOW
544.0,0.953,29.2,69.1,66.7,15.9,100.0,39.9,6.25,49.4,58.5,74.7,0,3,CRITICAL
554.7,0.705,15.3,27.8,36.5,14.5,67.4,25.7,0.23,26.3,27.2,26.5,0,2,HIGH
552.4,0.758,12.9,35.4,49.8,17.1,65.7,29.5,-0.14,29.0,28.3,28.2,0,2,HIGH
543.4,0.967,6.3,43.3,53.4,17.5,33.6,19.8,0.19,20.4,19.4,19.6,0,1,MODERATE
560.0,0.581,48.3,111.8,87.4,19.6,100.0,31.2,6.75,41.3,51.4,70.7,0,3,CRITICAL
542.1,0.998,9.1,27.7,45.5,15.1,48.0,22.6,-0.13,22.7,22.0,22.6,0,2,HIGH
554.1,0.719,1.6,23.7,39.2,24.5,4.5,9.6,0.07,9.8,10.1,11.4,0,0,LOW
551.8,0.772,17.3,59.9,64.5,24.7,79.1,27.9,4.17,34.6,40.7,52.0,0,3,CRITICAL
581.4,0.084,2.2,7.5,30.4,14.3,8.2,5.5,0.15,5.7,6.5,5.0,0,0,LOW
554.7,0.705,7.6,26.2,45.4,23.7,25.5,18.4,0.15,19.1,18.7,19.0,0,1,MODERATE
560.4,0.572,12.7,23.5,41.2,23.4,39.1,17.1,-0.07,17.3,16.2,15.2,0,1,MODERATE
572.1,0.3,37.3,85.8,71.0,11.1,100.0,30.9,4.32,37.0,43.0,54.6,0,3,CRITICAL
562.6,0.521,12.2,62.4,51.7,19.4,56.9,21.3,0.1,21.3,20.9,20.8,0,1,MODERATE
562.9,0.514,21.8,68.4,55.6,12.1,100.0,34.1,4.3,40.3,47.0,58.7,0,3,CRITICAL
581.2,0.088,88.8,129.9,88.0,14.7,100.0,24.2,7.87,36.3,47.7,69.3,0,3,CRITICAL
581.1,0.091,2.5,26.8,51.6,12.2,18.5,5.2,0.07,5.0,4.9,5.0,0,0,LOW
570.3,0.342,5.8,26.8,45.7,11.9,39.0,14.7,0.29,15.3,14.8,17.0,0,1,MODERATE
550.7,0.798,9.0,37.1,50.0,23.2,33.9,18.1,-0.09,18.0,16.9,16.1,0,1,MODERATE
553.8,0.726,9.9,58.3,65.2,12.5,90.4,31.9,3.55,37.2,43.3,53.8,0,3,CRITICAL
579.5,0.128,9.5,49.2,54.4,24.9,36.3,10.5,-0.0,11.0,11.3,10.5,0,0,LOW
577.9,0.165,42.9,110.2,90.1,19.2,100.0,30.8,4.74,37.9,44.6,58.0,0,3,CRITICAL
549.1,0.835,22.5,79.4,73.9,22.5,100.0,33.1,5.0,40.2,47.1,61.8,0,3,CRITICAL
547.6,0.87,16.9,48.7,55.0,15.0,100.0,34.1,5.25,41.5,49.7,63.2,0,3,CRITICAL
561.2,0.553,6.7,32.2,48.0,13.5,41.7,17.0,-0.25,16.6,16.8,14.7,0,1,MODERATE
579.7,0.123,31.2,83.6,73.3,14.5,100.0,29.7,4.29,36.5,41.9,55.6,0,3,CRITICAL
554.6,0.707,55.8,133.0,100.0,24.0,100.0,35.7,7.83,47.0,60.0,82.8,0,3,CRITICAL
573.1,0.277,31.0,95.3,75.1,23.0,100.0,28.1,4.66,35.0,41.5,55.7,0,3,CRITICAL
564.8,0.47,0.0,18.1,42.7,24.2,0.0,9.5,-0.31,8.8,8.5,8.5,0,0,LOW
548.7,0.844,18.2,46.2,57.2,14.7,100.0,37.4,4.66,44.3,51.8,62.7,0,3,CRITICAL
550.5,0.802,0.9,28.8,51.4,21.8,3.7,13.4,-0.13,12.7,12.1,11.3,0,0,LOW
576.1,0.207,5.4,40.7,57.2,23.4,23.1,10.6,0.02,10.6,10.2,10.3,0,0,LOW
552.9,0.747,1.1,24.7,36.4,21.3,3.3,10.3,-0.11,10.2,9.0,10.7,0,0,LOW
549.2,0.833,16.7,67.8,62.0,20.9,86.7,33.5,4.96,40.8,49.1,62.8,0,3,CRITICAL
552.9,0.747,20.9,91.4,83.2,19.0,100.0,32.1,5.52,40.8,48.2,64.9,0,3,CRITICAL
544.2,0.949,2.2,11.5,38.2,21.5,6.8,11.6,-0.02,11.3,10.6,12.0,0,0,LOW
580.3,0.109,8.7,14.8,34.0,15.9,32.6,10.3,0.25,10.7,11.4,12.5,0,0,LOW
544.6,0.94,11.0,37.3,49.1,17.6,53.7,26.5,0.26,26.4,26.8,26.5,0,2,HIGH
554.1,0.719,8.3,16.1,36.2,23.4,22.5,14.3,0.18,14.9,14.2,15.8,0,1,MODERATE
546.4,0.898,2.3,13.3,32.9,14.8,8.9,14.0,-0.24,13.8,12.3,14.1,0,0,LOW
564.2,0.484,9.8,28.0,36.2,22.6,27.5,13.4,-0.05,12.9,14.1,11.4,0,1,MODERATE
580.2,0.112,25.0,87.9,72.0,19.1,100.0,28.5,3.75,33.8,40.2,50.0,0,3,CRITICAL
546.6,0.893,1.3,18.2,48.7,17.8,6.2,12.8,-0.32,12.4,12.5,10.5,0,0,LOW
557.3,0.644,1.5,24.4,45.5,12.4,9.6,8.5,0.15,8.9,9.7,8.8,0,0,LOW
584.1,0.021,7.9,19.7,37.0,18.1,28.3,8.9,0.01,8.9,8.2,8.5,0,0,LOW
557.7,0.635,51.2,91.0,78.6,21.6,100.0,33.7,6.61,43.5,53.8,70.6,0,3,CRITICAL
580.9,0.095,19.9,59.6,50.7,20.2,87.4,24.2,2.73,28.2,32.5,40.4,0,2,HIGH
550.9,0.793,20.4,82.1,61.2,21.8,100.0,34.6,4.35,41.5,47.0,60.7,0,3,CRITICAL
560.5,0.57,8.1,42.9,46.6,11.0,60.1,22.1,0.21,22.0,22.4,24.7,0,2,HIGH
557.9,0.63,16.2,31.5,40.5,22.1,52.0,21.4,0.04,21.9,21.6,21.9,0,1,MODERATE
562.3,0.528,0.2,34.2,49.9,21.5,0.8,5.9,0.12,6.4,7.2,7.7,0,0,LOW
562.2,0.53,18.2,86.6,65.6,23.2,90.1,29.9,3.49,34.8,40.8,50.7,0,3,CRITICAL
581.6,0.079,44.0,98.0,70.2,16.6,100.0,24.4,4.33,31.2,37.8,48.7,0,3,CRITICAL
550.3,0.807,17.1,58.5,67.0,24.5,81.8,30.2,4.87,37.9,45.2,58.3,0,3,CRITICAL
562.2,0.53,37.2,123.1,97.2,23.5,100.0,35.0,5.82,43.8,52.4,68.3,0,3,CRITICAL
572.5,0.291,23.2,74.8,65.5,16.8,100.0,28.3,3.99,34.5,40.0,52.7,0,3,CRITICAL
550.4,0.805,2.3,6.3,35.4,15.5,9.2,10.9,0.14,10.9,10.6,12.3,0,0,LOW
571.3,0.319,41.9,105.9,85.4,24.4,100.0,27.9,5.91,36.8,46.2,61.3,0,3,CRITICAL
568.8,0.377,1.2,2.3,35.0,17.2,4.3,5.1,-0.35,4.2,4.0,3.6,0,0,LOW
546.9,0.886,13.7,49.5,59.7,11.4,100.0,34.0,4.87,41.7,48.4,60.6,0,3,CRITICAL
543.4,0.967,2.8,27.6,48.2,20.0,11.8,17.6,0.2,18.0,18.9,20.3,0,1,MODERATE
550.7,0.798,0.2,20.6,44.6,15.4,1.0,13.2,-0.04,12.7,13.2,12.9,0,1,MODERATE
545.9,0.909,9.9,25.6,50.7,17.6,49.9,23.9,0.18,24.5,24.8,24.0,0,2,HIGH
548.7,0.844,6.3,20.1,49.9,17.4,31.6,16.9,0.12,17.0,16.6,17.7,0,1,MODERATE
555.3,0.691,12.0,35.3,55.4,23.5,49.5,24.6,0.14,24.4,24.0,26.5,0,2,HIGH
571.6,0.312,15.5,63.1,52.0,15.9,88.7,24.2,2.98,28.9,33.7,40.8,0,2,HIGH
567.3,0.412,0.8,15.2,31.8,12.1,3.7,9.1,-0.14,9.0,9.1,9.7,0,0,LOW
571.9,0.305,2.4,13.0,44.5,22.7,8.2,9.2,-0.12,9.2,9.5,7.4,0,0,LOW
542.6,0.986,14.7,41.2,41.4,10.8,98.6,39.4,5.02,46.5,54.3,67.1,0,3,CRITICAL
542.2,0.995,7.6,54.7,58.0,10.7,72.1,31.1,0.34,31.3,32.5,32.3,0,2,HIGH
556.4,0.665,23.5,85.3,66.2,20.2,100.0,34.7,4.39,41.7,48.3,60.6,0,3,CRITICAL
559.9,0.584,19.0,56.3,56.0,18.0,100.0,33.9,4.25,40.6,45.9,57.2,0,3,CRITICAL
569.3,0.365,33.6,82.2,80.8,21.4,100.0,29.2,4.79,36.6,43.1,56.8,0,3,CRITICAL
542.2,0.995,21.2,65.9,54.4,22.4,90.1,38.5,4.74,45.5,52.8,65.0,0,3,CRITICAL
575.5,0.221,10.1,50.6,54.0,23.9,39.9,14.3,0.17,14.3,14.1,15.5,0,1,MODERATE
584.5,0.012,20.1,53.7,55.3,13.5,100.0,29.1,3.24,33.8,37.9,48.7,0,3,CRITICAL
559.4,0.595,5.8,30.6,52.6,17.6,30.3,15.6,0.24,15.6,16.4,18.1,0,1,MODERATE
551.3,0.784,6.6,35.0,48.0,20.0,27.7,16.5,-0.22,16.3,16.6,16.2,0,1,MODERATE
548.9,0.84,28.0,81.9,64.1,16.4,100.0,35.7,5.61,44.3,51.6,69.0,0,3,CRITICAL
550.4,0.805,10.6,27.1,41.5,22.3,34.5,17.3,0.14,17.7,18.1,18.9,0,1,MODERATE
583.6,0.033,28.8,46.2,54.8,22.1,100.0,26.8,3.04,31.2,36.2,44.4,0,3,CRITICAL
548.5,0.849,31.1,77.5,68.7,14.4,100.0,36.5,5.39,44.6,53.6,67.9,0,3,CRITICAL
555.6,0.684,35.1,130.8,100.0,14.4,100.0,35.8,5.18,44.0,51.1,65.8,0,3,CRITICAL
567.1,0.416,44.7,132.7,89.1,24.4,100.0,33.2,6.42,42.7,51.6,70.6,0,3,CRITICAL
545.5,0.919,10.1,53.0,57.0,10.6,95.0,38.0,4.15,43.8,50.9,60.9,0,3,CRITICAL
553.6,0.73,6.9,23.3,50.6,18.4,33.2,20.4,-0.05,20.3,19.3,19.1,0,1,MODERATE
542.7,0.984,15.7,30.2,37.6,21.0,49.2,23.0,0.29,23.0,23.9,25.9,0,2,HIGH
543.6,0.963,8.4,36.6,57.7,16.0,53.0,26.7,-0.03,27.2,25.9,27.8,0,2,HIGH
559.5,0.593,16.5,30.1,46.3,15.8,84.6,31.6,3.32,37.0,41.8,49.1,0,3,CRITICAL
547.9,0.863,22.0,42.5,48.9,20.7,90.9,31.9,5.47,40.2,48.0,63.5,0,3,CRITICAL
576.1,0.207,21.0,86.3,77.1,14.9,100.0,30.8,3.73,36.7,42.5,51.7,0,3,CRITICAL
582.7,0.053,8.4,37.7,47.0,21.7,31.8,9.6,-0.2,9.2,9.8,9.5,0,0,LOW
557.6,0.637,3.3,43.2,46.0,15.0,17.7,10.5,-0.11,10.3,10.3,10.0,0,0,LOW
577.4,0.177,10.1,52.8,50.4,21.2,42.0,12.2,-0.08,11.9,12.4,10.8,0,0,LOW
582.4,0.06,2.8,26.8,42.0,12.4,16.6,5.4,-0.05,5.3,5.0,4.4,0,0,LOW
555.5,0.686,39.7,91.9,82.2,17.1,100.0,34.4,5.4,42.5,50.8,64.8,0,3,CRITICAL
575.2,0.228,7.6,47.9,56.2,13.3,56.2,19.8,-0.1,19.4,20.5,19.0,0,1,MODERATE
567.7,0.402,3.0,26.6,40.4,21.4,9.9,10.0,-0.15,9.3,10.5,7.4,0,0,LOW
549.5,0.826,0.5,19.4,44.4,10.1,3.8,11.6,-0.22,11.7,11.5,11.3,0,0,LOW
566.4,0.433,18.7,61.2,68.9,17.4,100.0,29.0,4.54,35.6,42.9,56.9,0,3,CRITICAL
570.7,0.333,18.2,50.3,56.4,10.4,100.0,29.5,3.29,34.9,38.6,46.9,0,3,CRITICAL
547.7,0.867,7.5,17.6,48.6,10.3,61.9,25.0,0.09,24.9,25.0,26.9,0,2,HIGH
548.0,0.86,1.3,13.1,40.2,20.1,4.5,10.8,-0.24,10.4,10.8,10.3,0,0,LOW
550.1,0.812,9.5,52.5,48.3,12.1,66.4,28.3,0.14,28.3,29.5,28.8,0,2,HIGH
549.9,0.816,6.7,23.5,42.8,22.6,22.2,15.6,-0.16,15.5,14.3,13.1,0,1,MODERATE
557.6,0.637,20.3,39.3,53.9,15.3,100.0,32.4,5.15,39.9,48.4,64.0,0,3,CRITICAL
576.3,0.202,16.8,67.3,65.3,14.9,100.0,25.9,3.35,31.3,35.6,44.8,0,3,CRITICAL
574.5,0.244,8.2,30.9,36.1,21.5,24.1,7.8,-0.12,8.0,7.3,6.0,0,0,LOW
561.0,0.558,4.4,47.9,46.8,11.3,31.9,14.6,-0.03,15.0,14.9,15.4,0,1,MODERATE
574.1,0.253,79.7,203.0,100.0,21.3,100.0,26.2,7.9,37.7,50.9,72.6,0,3,CRITICAL
558.9,0.607,10.9,38.2,40.3,18.6,41.3,16.1,0.32,16.3,17.6,17.0,0,1,MODERATE
568.6,0.381,21.0,39.4,54.6,24.1,83.3,25.3,3.18,29.9,35.1,44.1,0,3,CRITICAL
548.1,0.858,2.7,43.4,55.8,16.3,16.2,13.7,0.14,14.4,15.0,13.5,0,1,MODERATE
575.6,0.219,12.0,51.5,56.9,24.4,49.0,14.7,0.05,15.2,15.2,15.5,0,1,MODERATE
544.5,0.942,0.5,33.5,44.8,15.5,2.5,15.1,-0.3,14.3,14.6,11.9,0,1,MODERATE
553.0,0.744,12.7,55.5,56.6,17.0,74.0,29.1,-0.11,29.2,28.4,26.7,0,2,HIGH
554.3,0.714,59.8,132.3,96.6,20.6,100.0,35.4,7.44,46.9,57.5,80.0,0,3,CRITICAL
545.6,0.916,8.7,37.1,41.7,24.7,25.7,18.3,-0.15,18.2,17.5,17.1,0,1,MODERATE
571.4,0.316,0.7,27.9,43.3,11.9,4.5,8.3,0.19,8.9,9.7,8.4,0,0,LOW
549.0,0.837,0.6,17.9,42.7,11.3,4.0,9.4,-0.09,9.0,9.4,7.6,0,0,LOW
567.5,0.407,8.8,36.7,39.9,14.8,41.5,14.6,0.05,15.0,14.0,13.2,0,1,MODERATE
547.9,0.863,3.1,24.3,32.2,19.7,8.9,12.7,0.02,12.8,13.2,12.4,0,1,MODERATE
550.4,0.805,0.4,13.4,26.9,24.8,0.8,7.9,0.07,7.9,8.7,7.4,0,0,LOW
563.3,0.505,25.4,90.9,80.3,14.6,100.0,31.1,3.88,37.0,42.7,53.4,0,3,CRITICAL
559.1,0.602,11.0,48.5,49.7,19.1,50.1,22.1,-0.06,21.9,22.3,22.4,0,2,HIGH
554.8,0.702,6.1,36.4,41.1,21.8,20.1,14.7,-0.22,13.9,13.5,13.6,0,1,MODERATE
547.7,0.867,41.5,63.2,66.6,11.5,100.0,34.9,6.55,44.3,54.2,71.6,0,3,CRITICAL
546.2,0.902,2.2,26.4,40.4,13.5,11.5,11.9,-0.03,11.6,12.3,13.1,0,0,LOW
570.9,0.328,56.2,143.4,100.0,13.3,100.0,32.0,6.17,41.3,50.8,66.3,0,3,CRITICAL
582.4,0.06,6.8,23.2,39.2,10.2,45.7,14.6,0.09,14.5,14.8,15.1,0,1,MODERATE
544.0,0.953,39.5,54.0,52.1,20.8,100.0,39.1,7.49,50.7,61.5,82.3,0,3,CRITICAL
553.6,0.73,16.6,61.4,66.6,20.1,96.3,35.9,4.13,41.8,48.2,60.0,0,3,CRITICAL
545.5,0.919,31.5,74.6,72.4,19.3,100.0,38.8,5.77,47.2,55.8,72.6,0,3,CRITICAL
548.1,0.858,74.4,149.9,100.0,19.0,100.0,36.0,9.35,49.8,63.9,90.9,0,3,CRITICAL
547.0,0.884,6.1,34.7,45.7,12.1,40.3,21.2,0.07,21.2,20.7,21.3,0,1,MODERATE
577.7,0.17,58.5,174.3,100.0,10.4,100.0,27.2,5.92,35.7,45.0,62.8,0,3,CRITICAL
562.5,0.523,8.9,54.5,50.6,12.1,65.1,24.7,0.33,25.5,25.3,26.2,0,2,HIGH
545.0,0.93,8.8,30.4,42.8,17.4,37.9,19.9,-0.09,19.6,20.0,17.8,0,1,MODERATE
561.7,0.542,7.5,45.7,46.3,20.1,30.2,14.3,-0.07,13.9,14.3,15.7,0,1,MODERATE
573.7,0.263,14.0,58.4,54.4,10.4,100.0,27.7,2.75,31.9,36.1,44.0,0,3,CRITICAL
580.8,0.098,3.0,16.7,39.4,21.7,9.5,3.0,-0.32,2.6,2.0,1.5,0,0,LOW
569.5,0.36,14.5,35.8,54.8,21.5,64.7,22.0,-0.0,22.5,22.6,22.7,0,2,HIGH
582.8,0.051,14.0,45.1,52.2,10.9,100.0,25.6,2.08,28.3,32.7,36.0,0,2,HIGH
573.9,0.258,25.8,82.4,62.8,16.8,100.0,26.9,3.44,32.0,37.3,45.1,0,3,CRITICAL
565.1,0.463,32.3,85.2,82.4,16.0,100.0,28.9,5.48,37.0,45.2,61.1,0,3,CRITICAL
576.0,0.209,10.5,51.1,62.2,17.2,66.4,18.8,0.18,19.2,18.5,18.6,0,1,MODERATE
579.3,0.133,6.5,13.9,32.5,22.8,16.2,8.4,0.32,8.7,9.8,10.4,0,0,LOW
565.0,0.465,5.4,45.0,61.9,16.5,35.5,15.4,0.09,15.7,16.6,16.7,0,1,MODERATE
559.5,0.593,3.9,45.9,47.0,11.4,28.1,15.7,0.27,16.0,16.2,18.4,0,1,MODERATE
574.0,0.256,1.1,6.8,35.3,19.1,3.6,3.3,0.17,3.6,3.0,5.5,0,0,LOW
551.1,0.788,7.5,47.7,56.8,23.3,32.0,15.8,0.07,16.4,16.4,14.8,0,1,MODERATE
550.9,0.793,5.7,34.3,45.7,17.4,26.2,15.2,0.12,15.1,15.3,17.0,0,1,MODERATE
571.7,0.309,61.1,119.4,96.5,11.2,100.0,30.4,6.95,40.6,50.3,72.0,0,3,CRITICAL
555.4,0.688,14.7,34.1,46.6,12.5,95.9,32.4,3.84,38.2,43.6,53.7,0,3,CRITICAL
571.9,0.305,7.7,53.2,51.3,19.0,36.4,14.3,0.21,14.2,14.9,14.7,0,1,MODERATE
573.5,0.267,15.6,40.0,58.2,21.7,73.2,24.9,-0.02,25.2,24.0,25.1,0,2,HIGH
573.8,0.26,2.7,39.9,41.3,21.1,9.2,9.3,0.22,9.4,9.9,10.3,0,0,LOW
549.7,0.821,10.6,61.3,70.5,20.6,63.5,26.2,-0.17,26.1,25.5,25.5,0,2,HIGH
553.2,0.74,17.7,61.5,65.2,18.3,100.0,33.8,3.91,39.6,46.1,56.8,0,3,CRITICAL
542.4,0.991,12.1,48.3,52.1,19.9,55.4,25.8,0.42,26.0,27.2,28.9,0,2,HIGH
555.2,0.693,9.2,47.2,52.9,19.4,43.9,22.8,-0.2,23.0,22.4,23.0,0,2,HIGH
572.2,0.298,91.6,202.9,100.0,14.9,100.0,32.2,9.96,47.1,62.1,88.4,0,3,CRITICAL
550.9,0.793,38.2,123.5,100.0,16.8,100.0,35.4,5.74,44.0,52.1,67.9,0,3,CRITICAL
542.5,0.988,17.6,59.2,62.6,19.7,97.9,38.7,5.8,47.0,56.3,73.7,0,3,CRITICAL
578.1,0.16,15.2,56.2,56.3,23.7,63.2,16.8,0.04,16.7,17.7,15.6,0,1,MODERATE
565.4,0.456,17.4,51.3,51.0,14.4,100.0,34.3,4.34,40.6,47.7,60.1,0,3,CRITICAL
548.8,0.842,4.0,38.9,54.5,10.1,37.8,21.2,-0.06,21.0,21.8,19.4,0,1,MODERATE
570.7,0.333,9.0,44.5,61.8,16.2,60.1,18.7,0.15,19.0,18.4,19.6,0,1,MODERATE
550.3,0.807,0.7,29.7,52.8,17.0,3.8,10.6,0.11,10.4,11.6,13.0,0,0,LOW
571.4,0.316,11.6,45.8,59.4,15.8,76.3,21.3,3.57,26.9,31.1,40.9,0,2,HIGH
558.5,0.616,14.1,38.1,50.6,24.9,50.1,18.1,0.46,18.5,19.2,20.3,0,1,MODERATE
567.1,0.416,4.7,29.6,38.3,12.5,25.2,11.4,-0.17,11.0,11.0,8.9,0,0,LOW
544.8,0.935,59.9,182.0,100.0,20.2,100.0,39.2,8.82,52.7,65.3,89.6,0,3,CRITICAL
569.1,0.37,43.2,62.2,59.6,12.7,100.0,31.9,5.29,39.5,48.4,63.2,0,3,CRITICAL
565.2,0.46,23.1,45.7,47.0,15.6,100.0,34.2,4.61,41.0,48.8,60.1,0,3,CRITICAL
543.6,0.963,13.7,58.3,65.4,12.6,100.0,36.0,4.85,43.2,50.8,62.8,0,3,CRITICAL
556.2,0.67,36.7,56.0,54.8,22.5,100.0,34.5,5.63,43.4,52.1,67.6,0,3,CRITICAL
582.2,0.065,2.5,45.8,55.1,23.2,10.4,6.9,0.16,7.5,6.9,7.6,0,0,LOW
580.9,0.095,28.1,89.9,71.5,14.8,100.0,24.7,4.28,31.0,36.6,49.4,0,3,CRITICAL
576.5,0.198,2.4,5.1,37.8,22.0,7.2,4.2,-0.27,3.8,3.3,4.2,0,0,LOW
584.4,0.014,28.5,92.3,74.2,15.7,100.0,28.9,3.46,34.2,39.5,48.1,0,3,CRITICAL
542.7,0.984,5.8,31.8,53.0,19.6,27.4,21.9,0.24,22.2,21.7,24.5,0,1,MODERATE
568.7,0.379,37.7,103.3,90.9,13.2,100.0,30.7,5.66,39.6,48.5,63.3,0,3,CRITICAL
556.5,0.663,51.9,116.5,86.9,14.9,100.0,34.9,6.42,44.8,54.0,70.4,0,3,CRITICAL
546.1,0.905,2.9,17.5,40.0,20.8,9.8,12.4,-0.17,11.9,12.8,11.8,0,0,LOW
569.5,0.36,11.2,41.9,41.3,24.6,32.9,16.1,0.02,16.5,16.5,17.2,0,1,MODERATE
559.6,0.591,71.3,197.9,100.0,15.1,100.0,30.4,8.92,44.0,56.7,81.0,0,3,CRITICAL
566.1,0.44,11.9,48.9,55.2,12.5,92.0,28.3,3.22,32.9,37.0,45.6,0,3,CRITICAL
544.4,0.944,35.9,127.0,94.3,23.1,100.0,40.3,6.37,49.5,59.2,78.4,0,3,CRITICAL
564.1,0.486,16.0,64.6,67.5,13.7,100.0,32.7,3.85,38.7,44.1,55.2,0,3,CRITICAL
544.2,0.949,8.5,28.4,41.2,10.3,59.5,29.3,-0.22,28.5,29.2,27.8,0,2,HIGH
566.9,0.421,6.1,16.5,44.4,19.7,24.1,9.1,-0.1,9.4,9.5,7.3,0,0,LOW
579.3,0.133,4.1,28.0,44.5,21.4,14.9,3.6,-0.19,3.1,2.3,4.1,0,0,LOW
574.1,0.253,25.8,52.0,51.6,19.4,100.0,27.6,3.96,33.6,40.0,51.4,0,3,CRITICAL
552.0,0.767,8.8,45.1,45.6,13.3,52.8,23.0,0.03,23.0,23.8,24.6,0,2,HIGH
561.3,0.551,12.9,25.0,41.4,14.2,65.8,23.2,0.13,23.3,23.9,25.4,0,2,HIGH
558.7,0.612,12.2,50.8,51.7,10.6,100.0,34.0,4.37,41.0,47.3,60.5,0,3,CRITICAL
553.4,0.735,15.5,61.8,58.4,14.1,100.0,33.5,3.94,39.2,45.3,55.8,0,3,CRITICAL
567.3,0.412,36.1,110.2,84.3,13.8,100.0,32.9,4.46,39.8,45.8,58.4,0,3,CRITICAL
560.1,0.579,71.1,140.4,100.0,10.3,100.0,35.1,8.27,47.4,59.5,82.9,0,3,CRITICAL
550.6,0.8,9.4,25.3,42.1,13.1,52.9,25.5,-0.18,25.3,25.5,25.0,0,2,HIGH
544.0,0.953,31.6,110.5,91.2,15.6,100.0,36.6,6.17,45.6,54.7,71.5,0,3,CRITICAL
552.5,0.756,26.0,104.1,85.1,16.3,100.0,33.5,5.9,42.8,51.9,66.4,0,3,CRITICAL
559.7,0.588,15.3,67.7,72.2,20.1,96.2,29.2,4.63,35.9,42.1,57.9,0,3,CRITICAL
573.7,0.263,56.2,103.2,87.9,18.8,100.0,30.7,6.2,39.9,48.5,67.3,0,3,CRITICAL
567.7,0.402,4.0,37.9,55.6,24.9,15.6,7.2,-0.26,7.2,6.4,6.6,0,0,LOW
561.3,0.551,2.1,21.7,32.4,21.0,5.7,8.9,-0.1,8.3,8.9,8.9,0,0,LOW
564.0,0.488,34.6,89.8,74.1,18.8,100.0,31.3,5.47,39.8,47.5,64.4,0,3,CRITICAL
572.5,0.291,10.4,27.7,36.5,16.1,41.3,17.7,0.16,17.5,18.5,17.1,0,1,MODERATE
572.9,0.281,33.8,106.2,73.2,12.7,100.0,30.6,4.65,38.0,45.3,56.9,0,3,CRITICAL
578.0,0.163,40.2,116.9,86.9,23.7,100.0,25.4,4.21,31.3,38.8,49.9,0,3,CRITICAL
558.2,0.623,1.2,14.3,44.5,13.2,7.1,10.8,-0.32,10.3,10.3,8.4,0,0,LOW
553.2,0.74,38.7,77.1,61.1,12.8,100.0,35.5,5.87,43.8,53.9,70.9,0,3,CRITICAL
549.2,0.833,10.7,56.5,57.9,13.4,80.9,30.4,3.56,36.2,41.4,52.0,0,3,CRITICAL
559.5,0.593,12.9,56.6,58.2,14.5,90.6,29.0,4.47,36.1,41.6,55.6,0,3,CRITICAL
542.4,0.991,17.7,46.3,48.5,24.2,62.1,27.9,0.14,28.4,28.0,30.3,0,2,HIGH
582.2,0.065,47.0,129.3,88.0,11.8,100.0,27.1,4.91,34.8,42.4,54.0,0,3,CRITICAL
566.8,0.423,0.3,36.0,53.9,11.1,2.5,4.7,0.2,5.5,5.0,7.0,0,0,LOW
578.1,0.16,11.7,36.7,47.6,21.4,45.5,12.4,0.16,13.1,12.1,12.3,0,0,LOW
564.9,0.467,20.9,60.7,68.2,21.5,100.0,33.0,4.83,40.7,46.6,60.1,0,3,CRITICAL
558.6,0.614,23.1,65.4,72.3,12.6,100.0,35.9,4.04,42.1,47.8,59.2,0,3,CRITICAL
578.2,0.158,21.2,92.5,83.1,21.0,100.0,25.5,2.69,29.3,33.5,40.0,0,2,HIGH
545.9,0.909,2.6,32.4,38.0,13.7,12.6,14.1,0.04,14.0,14.9,16.0,0,1,MODERATE
555.8,0.679,6.4,10.4,31.3,10.2,34.4,17.4,-0.22,17.3,17.5,16.5,0,1,MODERATE
580.2,0.112,8.0,39.4,45.8,21.5,29.8,8.7,0.0,9.0,8.6,9.6,0,0,LOW
555.1,0.695,29.4,93.9,82.6,21.1,100.0,32.4,5.48,40.3,49.7,65.5,0,3,CRITICAL
567.7,0.402,5.9,12.5,32.4,11.2,29.9,14.0,0.16,13.8,14.3,13.5,0,1,MODERATE
571.9,0.305,4.3,33.4,50.5,11.4,33.3,10.3,0.14,10.9,11.1,11.2,0,0,LOW
547.7,0.867,56.8,133.9,100.0,16.1,100.0,34.3,8.45,47.4,59.0,81.8,0,3,CRITICAL
576.9,0.188,0.2,25.9,36.4,21.7,0.6,5.4,-0.05,5.2,4.5,5.2,0,0,LOW
569.2,0.367,110.3,252.0,100.0,21.2,100.0,27.5,11.1,43.8,61.4,92.4,0,3,CRITICAL
582.3,0.063,20.3,64.6,67.5,18.3,100.0,26.5,3.34,31.2,35.6,47.5,0,3,CRITICAL
570.4,0.34,31.7,95.0,74.3,17.4,100.0,27.8,5.09,35.5,43.9,56.0,0,3,CRITICAL
557.0,0.651,6.3,18.0,43.3,10.7,44.6,21.0,0.03,21.5,21.4,21.9,0,1,MODERATE
548.3,0.853,0.3,21.3,31.0,15.7,1.0,10.2,-0.38,9.9,9.7,7.1,0,0,LOW
560.0,0.581,24.1,54.8,56.9,16.8,100.0,34.8,4.92,42.3,49.2,64.1,0,3,CRITICAL
543.0,0.977,32.3,109.1,94.0,18.8,100.0,36.7,6.11,46.1,54.4,70.7,0,3,CRITICAL
558.7,0.612,24.3,67.7,70.0,13.3,100.0,33.7,4.77,41.3,47.9,62.7,0,3,CRITICAL
556.9,0.653,2.8,42.9,53.7,22.4,11.7,9.2,-0.11,9.5,8.7,7.2,0,0,LOW
581.9,0.072,25.2,65.2,54.4,11.5,100.0,28.2,2.99,32.6,38.0,45.5,0,3,CRITICAL
567.3,0.412,26.4,77.7,76.5,21.3,100.0,31.6,3.96,37.1,43.1,55.5,0,3,CRITICAL
573.4,0.27,19.3,70.5,71.2,21.5,100.0,30.6,3.56,36.4,41.4,50.6,0,3,CRITICAL
567.3,0.412,26.2,73.4,72.9,21.0,100.0,33.7,3.98,39.6,45.8,57.1,0,3,CRITICAL
580.0,0.116,33.7,108.4,78.5,10.8,100.0,27.8,4.58,34.3,42.0,54.3,0,3,CRITICAL
576.7,0.193,17.1,47.9,54.3,22.2,73.2,21.8,0.4,22.7,22.7,24.8,0,2,HIGH
548.4,0.851,1.7,19.2,42.9,19.9,6.4,13.8,0.16,13.7,15.1,15.5,0,1,MODERATE
580.7,0.1,12.0,33.4,41.1,13.7,63.0,16.2,0.1,16.4,16.2,16.9,0,1,MODERATE
554.8,0.702,1.5,21.0,48.6,19.6,6.5,11.1,-0.0,11.0,10.7,11.3,0,0,LOW
562.6,0.521,9.4,26.6,39.8,18.6,35.2,15.1,-0.16,14.7,14.0,15.7,0,1,MODERATE
555.9,0.677,9.4,48.0,50.6,19.4,42.9,22.4,0.21,22.7,23.1,23.5,0,2,HIGH
553.9,0.723,1.2,5.9,35.7,24.6,3.0,9.7,0.16,10.4,10.0,10.0,0,0,LOW
547.2,0.879,7.7,23.2,43.9,17.4,34.0,18.6,-0.11,18.5,18.0,17.3,0,1,MODERATE
575.0,0.233,2.1,22.6,49.0,19.2,9.4,5.8,0.0,5.5,6.2,7.3,0,0,LOW
544.1,0.951,29.7,95.1,77.6,12.8,100.0,39.4,5.85,47.9,56.0,74.3,0,3,CRITICAL
556.1,0.672,53.1,129.7,88.3,14.2,100.0,31.8,6.85,42.1,52.8,70.8,0,3,CRITICAL
570.5,0.337,1.4,17.3,39.7,18.5,5.3,6.5,-0.22,6.3,4.9,3.7,0,0,LOW
569.3,0.365,55.9,113.7,77.0,13.1,100.0,32.8,6.72,42.5,53.7,73.1,0,3,CRITICAL
560.9,0.56,13.3,52.9,57.0,16.0,82.9,29.9,3.12,34.4,38.8,47.7,0,3,CRITICAL
542.7,0.984,6.4,16.4,36.1,19.2,21.1,17.7,0.24,18.5,19.1,18.7,0,1,MODERATE
572.1,0.3,1.4,4.7,29.0,13.1,5.4,8.5,0.14,8.5,9.1,7.9,0,0,LOW
571.7,0.309,12.5,62.1,58.0,16.7,76.0,24.5,3.3,29.8,34.1,42.0,0,2,HIGH
584.2,0.019,28.5,112.3,95.5,20.8,100.0,28.3,3.8,34.2,39.8,51.6,0,3,CRITICAL
571.0,0.326,22.1,77.6,69.8,11.3,100.0,27.9,3.36,32.7,38.9,46.9,0,3,CRITICAL
562.5,0.523,0.9,13.4,34.6,16.7,3.3,8.8,0.12,9.3,9.8,8.0,0,0,LOW
575.6,0.219,1.4,25.7,34.9,17.6,4.9,4.6,-0.15,3.9,4.3,4.4,0,0,LOW
554.9,0.7,9.3,47.1,46.9,13.1,58.3,21.6,0.34,22.2,22.0,24.5,0,2,HIGH
574.7,0.24,6.3,38.5,52.5,17.1,33.8,12.0,-0.01,11.9,11.6,13.4,0,0,LOW
562.7,0.519,4.8,20.7,42.6,19.7,18.2,13.0,0.08,12.9,14.2,13.2,0,1,MODERATE
562.2,0.53,5.9,25.2,40.8,18.5,22.8,15.8,0.15,16.4,15.8,17.1,0,1,MODERATE
580.6,0.102,29.3,95.8,81.8,14.5,100.0,24.9,3.42,30.1,35.1,46.5,0,3,CRITICAL
570.6,0.335,47.7,103.6,84.7,16.9,100.0,32.2,6.3,41.8,50.6,69.3,0,3,CRITICAL
577.2,0.181,9.3,48.7,54.0,12.6,69.8,23.3,0.07,23.4,23.3,22.3,0,2,HIGH
556.7,0.658,42.6,124.5,92.0,11.4,100.0,34.1,6.87,44.3,54.1,74.5,0,3,CRITICAL
548.5,0.849,7.0,39.5,59.1,15.2,47.6,20.2,0.21,20.8,21.4,22.6,0,1,MODERATE
562.9,0.514,11.6,58.3,56.4,17.5,65.4,24.4,0.07,24.2,25.4,24.9,0,2,HIGH
581.1,0.091,4.6,14.8,31.3,12.5,20.2,5.4,0.13,5.9,6.1,6.0,0,0,LOW
554.9,0.7,18.4,45.8,59.0,25.0,76.0,28.1,4.8,35.1,43.5,56.5,0,3,CRITICAL
563.0,0.512,69.5,206.2,100.0,14.4,100.0,32.5,8.41,45.2,58.7,81.3,0,3,CRITICAL
551.3,0.784,16.7,60.0,65.3,10.6,100.0,35.2,4.08,41.6,46.6,57.3,0,3,CRITICAL
557.0,0.651,8.0,44.6,43.1,11.6,52.0,23.3,0.32,23.7,24.8,24.3,0,2,HIGH
543.4,0.967,18.8,66.9,57.0,17.9,100.0,36.5,4.57,43.8,49.5,63.9,0,3,CRITICAL
557.7,0.635,2.4,15.4,38.7,21.9,7.4,11.0,-0.08,11.1,10.5,9.4,0,0,LOW
560.4,0.572,39.5,125.3,96.1,15.3,100.0,33.0,5.7,41.5,50.0,64.7,0,3,CRITICAL
565.1,0.463,12.6,24.0,36.3,22.0,36.4,17.6,0.3,18.2,17.6,18.2,0,1,MODERATE
568.0,0.395,10.7,40.8,50.2,14.6,64.4,22.5,0.07,23.0,23.6,22.2,0,2,HIGH
572.6,0.288,15.9,54.1,62.4,23.3,74.5,25.8,0.08,26.4,25.4,27.2,0,2,HIGH
583.9,0.026,17.6,66.5,71.5,20.1,100.0,24.7,2.52,28.6,32.9,39.5,0,2,HIGH
548.6,0.847,1.3,23.8,51.4,15.1,7.7,15.8,0.03,15.6,16.3,17.1,0,1,MODERATE
582.7,0.053,20.7,80.3,63.0,17.6,100.0,28.2,2.88,33.0,36.0,46.0,0,3,CRITICAL
570.9,0.328,5.0,45.5,46.1,14.0,28.8,13.1,-0.11,12.6,12.5,14.0,0,0,LOW
567.2,0.414,22.5,77.3,74.8,12.2,100.0,30.0,4.26,36.2,43.7,55.6,0,3,CRITICAL
561.4,0.549,31.1,75.6,65.4,15.6,100.0,30.9,4.92,38.6,45.2,61.0,0,3,CRITICAL
546.7,0.891,29.3,70.6,65.9,22.8,100.0,39.1,5.58,47.2,56.7,70.3,0,3,CRITICAL
583.6,0.033,14.5,39.1,43.7,22.4,49.5,14.6,-0.05,14.6,14.3,15.9,0,1,MODERATE
560.4,0.572,13.2,26.2,48.7,14.2,79.2,27.6,3.11,32.1,36.2,43.9,0,3,CRITICAL
545.2,0.926,2.8,16.1,32.9,14.0,11.5,12.3,-0.29,11.5,10.8,9.6,0,0,LOW
558.7,0.612,26.9,61.0,68.1,15.9,100.0,32.1,5.54,40.0,48.9,66.0,0,3,CRITICAL
570.4,0.34,5.7,15.6,38.7,21.6,17.9,8.8,0.16,8.9,9.2,10.3,0,0,LOW
571.6,0.312,12.4,32.8,55.6,17.5,68.9,19.2,0.18,19.8,19.5,18.6,0,1,MODERATE
554.9,0.7,6.0,44.6,46.7,13.4,36.6,20.5,-0.18,20.6,20.3,20.5,0,1,MODERATE
553.0,0.744,2.6,16.8,40.2,11.2,16.3,11.2,0.08,11.5,10.9,12.3,0,0,LOW
558.6,0.614,17.9,79.4,71.1,24.5,90.9,32.4,4.59,39.4,45.6,57.7,0,3,CRITICAL
577.0,0.186,1.0,31.0,47.4,20.2,4.1,3.0,-0.34,2.9,2.1,0.0,0,0,LOW
559.1,0.602,24.9,74.8,66.7,10.2,100.0,31.9,4.17,38.0,43.9,56.4,0,3,CRITICAL
569.4,0.363,6.9,18.2,46.6,24.3,23.2,10.6,-0.26,9.9,9.7,9.9,0,0,LOW
574.5,0.244,0.0,20.4,37.5,14.1,0.0,3.0,0.12,3.6,2.8,4.7,0,0,LOW
557.8,0.633,12.9,40.4,46.2,20.2,51.6,22.2,-0.09,22.0,21.8,23.1,0,1,MODERATE
556.0,0.674,0.9,13.7,45.2,15.7,4.5,8.5,0.03,8.4,7.6,7.5,0,0,LOW
545.5,0.919,5.8,39.7,41.6,23.7,17.8,14.9,-0.23,14.4,14.2,14.1,0,1,MODERATE
572.4,0.293,22.1,47.0,47.9,22.1,83.8,27.6,3.68,33.1,38.6,50.2,0,3,CRITICAL
572.1,0.3,1.2,15.6,37.8,23.6,3.4,7.8,-0.19,7.1,8.1,7.4,0,0,LOW
542.2,0.995,32.9,60.1,60.9,13.5,100.0,38.8,6.45,48.3,57.6,75.8,0,3,CRITICAL
553.1,0.742,0.1,18.4,45.9,16.9,0.5,12.2,-0.14,11.6,11.6,10.4,0,0,LOW
556.0,0.674,5.1,47.6,62.4,22.0,25.3,15.1,0.08,15.6,16.0,16.1,0,1,MODERATE
562.3,0.528,24.3,47.5,47.3,18.7,100.0,31.9,5.01,39.6,46.6,61.9,0,3,CRITICAL
563.5,0.5,6.8,58.6,56.1,21.7,30.8,13.5,-0.1,13.4,12.3,12.2,0,0,LOW
579.5,0.128,1.9,35.7,54.7,18.1,10.0,8.0,-0.13,8.2,8.3,6.0,0,0,LOW
544.2,0.949,8.0,51.2,63.4,15.4,57.6,27.3,0.29,28.0,28.0,27.6,0,2,HIGH
546.6,0.893,5.7,51.0,55.0,14.6,37.6,20.8,-0.11,20.9,20.3,20.0,0,1,MODERATE
564.0,0.488,33.3,88.1,71.8,18.6,100.0,30.6,4.89,38.4,45.6,59.9,0,3,CRITICAL
566.9,0.421,6.8,25.1,46.3,17.9,30.8,12.8,-0.01,13.1,12.5,13.1,0,0,LOW
567.7,0.402,28.0,113.1,90.9,16.1,100.0,29.1,3.94,34.9,41.0,50.3,0,3,CRITICAL
575.0,0.233,40.0,94.0,76.1,18.9,100.0,28.6,5.42,36.4,45.0,61.2,0,3,CRITICAL
548.2,0.856,10.2,34.6,41.0,21.2,34.5,21.4,0.07,21.7,20.8,23.4,0,1,MODERATE
574.6,0.242,43.3,125.4,93.8,16.3,100.0,27.0,5.76,35.5,45.2,61.0,0,3,CRITICAL
549.2,0.833,8.5,22.2,44.8,21.6,30.9,16.0,-0.14,15.9,16.4,14.3,0,1,MODERATE
558.3,0.621,59.9,179.9,100.0,22.5,100.0,36.2,7.41,47.8,57.9,78.2,0,3,CRITICAL
581.4,0.084,1.7,16.9,31.1,15.1,6.1,3.8,-0.13,3.9,3.6,1.6,0,0,LOW
563.8,0.493,20.9,61.8,51.9,21.8,87.1,30.9,3.8,36.6,43.0,52.4,0,3,CRITICAL
564.9,0.467,12.3,43.7,44.0,24.4,38.8,17.1,0.3,17.6,17.0,17.6,0,1,MODERATE
557.1,0.649,8.8,20.7,46.4,14.9,48.0,23.6,0.02,24.1,24.6,23.2,0,2,HIGH
576.4,0.2,18.0,69.8,73.9,18.3,100.0,29.2,3.11,33.8,38.9,45.6,0,3,CRITICAL
573.1,0.277,21.9,66.4,58.2,11.1,100.0,29.2,4.3,35.2,43.0,55.6,0,3,CRITICAL
566.1,0.44,0.1,37.2,57.6,21.6,0.5,7.4,-0.07,7.3,7.2,6.9,0,0,LOW
581.5,0.081,3.3,14.8,43.4,11.1,22.6,9.4,0.15,9.7,10.4,9.1,0,0,LOW
577.1,0.184,22.5,70.7,63.2,14.5,100.0,27.8,3.11,32.7,37.2,45.9,0,3,CRITICAL
562.3,0.528,19.8,27.5,34.6,17.9,67.0,23.0,0.41,23.3,23.3,26.0,0,2,HIGH
573.4,0.27,60.9,137.2,100.0,17.3,100.0,28.0,7.47,38.8,50.0,71.3,0,3,CRITICAL
547.9,0.863,25.8,69.4,72.1,14.0,100.0,35.8,6.03,44.7,54.4,71.8,0,3,CRITICAL
557.3,0.644,54.2,127.4,92.6,14.1,100.0,35.7,6.79,46.1,55.2,75.2,0,3,CRITICAL
575.0,0.233,21.8,58.1,67.8,12.8,100.0,25.9,4.28,32.3,38.7,52.2,0,3,CRITICAL
571.6,0.312,6.4,31.3,48.5,16.4,33.1,14.8,0.25,15.0,16.5,15.0,0,1,MODERATE
547.8,0.865,2.0,14.7,40.6,15.1,9.4,15.0,0.01,15.0,14.2,13.4,0,1,MODERATE
546.6,0.893,27.4,76.2,75.0,17.3,100.0,34.5,5.85,43.1,52.2,66.8,0,3,CRITICAL
578.5,0.151,18.6,55.9,55.0,13.6,100.0,29.0,3.82,34.7,39.5,50.3,0,3,CRITICAL
569.8,0.353,0.9,20.4,37.0,12.4,4.7,8.9,-0.18,9.1,8.6,7.4,0,0,LOW
555.9,0.677,8.0,28.4,38.4,19.1,28.1,15.8,-0.07,15.4,14.6,16.4,0,1,MODERATE
556.4,0.665,56.6,164.8,100.0,24.9,100.0,36.8,8.06,48.7,61.6,84.7,0,3,CRITICAL
567.1,0.416,12.5,23.4,43.7,17.8,53.7,19.7,0.27,19.8,20.8,22.9,0,1,MODERATE
583.6,0.033,10.2,56.3,52.9,23.9,39.5,10.9,0.28,11.3,12.5,11.7,0,0,LOW
550.2,0.809,11.0,43.8,48.8,14.6,64.3,29.2,0.13,29.1,30.5,29.5,0,2,HIGH
562.5,0.523,4.2,23.6,46.0,14.6,23.2,15.4,0.2,15.8,16.7,17.0,0,1,MODERATE
566.6,0.428,8.3,29.1,53.1,19.7,39.2,16.8,-0.16,16.5,17.0,17.5,0,1,MODERATE
568.9,0.374,8.3,42.2,41.3,11.0,54.5,20.3,0.06,20.4,19.7,22.0,0,1,MODERATE
559.4,0.595,1.0,41.1,57.2,11.9,8.4,8.8,-0.29,7.9,7.8,7.5,0,0,LOW
544.3,0.947,26.3,92.3,71.5,22.5,100.0,40.2,6.34,49.9,58.5,76.0,0,3,CRITICAL
582.6,0.056,9.7,31.8,52.3,15.9,55.8,18.1,-0.05,18.5,17.6,18.1,0,1,MODERATE
575.9,0.212,31.1,106.4,83.6,11.9,100.0,29.2,3.85,35.5,41.0,53.3,0,3,CRITICAL
553.7,0.728,34.2,91.4,77.2,19.6,100.0,36.7,6.5,46.6,55.8,74.1,0,3,CRITICAL
559.9,0.584,4.3,41.4,56.6,11.2,38.0,16.6,0.2,16.4,16.5,17.5,0,1,MODERATE
581.2,0.088,19.3,64.7,67.9,16.0,100.0,24.1,3.34,28.8,34.2,43.7,0,2,HIGH
572.2,0.298,11.5,42.8,58.2,16.1,72.7,24.9,0.22,25.0,25.5,26.1,0,2,HIGH
578.2,0.158,38.2,101.7,84.0,10.8,100.0,30.4,4.22,36.5,42.9,54.8,0,3,CRITICAL
548.2,0.856,4.4,12.7,35.0,24.3,11.1,15.9,-0.15,15.7,15.7,14.3,0,1,MODERATE
551.9,0.77,20.4,66.7,58.9,22.8,92.2,34.7,5.06,42.7,50.5,64.7,0,3,CRITICAL
549.5,0.826,16.8,60.5,56.9,13.0,100.0,37.9,5.15,45.2,52.8,66.0,0,3,CRITICAL
562.7,0.519,6.3,20.3,48.1,20.2,26.3,11.1,0.32,11.5,11.3,11.8,0,0,LOW
554.6,0.707,2.6,15.2,40.3,18.1,10.1,10.2,0.14,10.1,10.1,10.5,0,0,LOW
555.9,0.677,19.0,26.9,38.4,12.0,100.0,31.7,3.75,37.5,42.7,52.9,0,3,CRITICAL
565.0,0.465,24.2,80.5,79.4,14.0,100.0,34.6,3.68,39.8,46.4,57.1,0,3,CRITICAL
571.0,0.326,6.8,34.2,38.5,18.9,24.2,8.9,0.22,9.6,8.8,9.2,0,0,LOW
576.4,0.2,18.6,42.8,51.7,18.8,89.5,27.8,3.72,33.6,39.7,50.8,0,3,CRITICAL
557.0,0.651,9.0,50.7,51.6,24.4,33.3,19.7,0.36,20.4,21.5,20.4,0,1,MODERATE
571.8,0.307,22.5,70.5,65.2,11.8,100.0,32.3,3.72,37.6,44.4,54.4,0,3,CRITICAL
547.7,0.867,4.0,16.4,45.0,16.5,19.1,17.7,-0.24,17.7,17.3,17.6,0,1,MODERATE
570.3,0.342,39.8,133.2,91.3,12.0,100.0,32.3,4.54,39.0,45.1,57.0,0,3,CRITICAL
548.6,0.847,6.1,32.9,44.2,22.1,21.3,17.5,-0.03,17.4,18.2,16.6,0,1,MODERATE
571.5,0.314,8.3,36.1,56.3,17.6,46.5,17.9,0.12,17.7,17.4,17.8,0,1,MODERATE
574.4,0.247,1.1,36.6,53.0,19.0,5.4,5.2,-0.07,5.1,4.2,5.1,0,0,LOW
543.6,0.963,2.1,41.0,53.6,15.8,12.5,14.1,-0.04,13.9,14.0,14.6,0,1,MODERATE
573.6,0.265,13.1,50.3,52.2,16.3,73.4,23.1,0.46,23.9,24.8,25.3,0,2,HIGH
584.7,0.007,5.6,35.0,40.7,17.2,23.2,7.0,-0.28,7.0,6.6,4.1,0,0,LOW
542.1,0.998,32.5,94.4,80.7,24.2,100.0,36.7,5.83,45.1,53.6,70.2,0,3,CRITICAL
542.8,0.981,0.3,29.7,49.1,10.4,2.5,13.6,-0.36,13.0,12.4,12.9,0,0,LOW
574.7,0.24,8.6,57.9,56.4,19.6,43.3,13.8,-0.06,13.8,13.4,14.9,0,1,MODERATE
553.2,0.74,7.4,37.1,57.4,15.7,47.3,21.8,-0.0,21.7,22.5,21.2,0,2,HIGH
563.1,0.509,0.4,17.5,35.8,10.7,2.3,8.7,0.09,9.2,8.4,8.5,0,0,LOW
581.8,0.074,2.4,5.2,35.1,16.6,8.9,4.6,-0.26,4.4,3.1,3.2,0,0,LOW
583.3,0.04,9.6,48.4,48.5,21.6,37.7,12.1,0.08,12.0,12.7,11.1,0,0,LOW
563.3,0.505,12.2,29.8,50.6,22.6,47.8,16.7,0.01,16.7,16.0,18.0,0,1,MODERATE
548.2,0.856,9.3,26.6,40.8,22.3,29.8,17.7,-0.2,17.0,16.8,16.9,0,1,MODERATE
543.3,0.97,13.6,66.7,66.7,18.8,84.4,34.0,4.33,40.8,46.8,59.0,0,3,CRITICAL
564.4,0.479,16.3,44.4,44.1,13.2,95.3,28.8,4.19,34.9,41.4,54.1,0,3,CRITICAL
544.6,0.94,0.2,3.4,26.2,12.4,0.7,11.3,0.17,12.0,11.8,14.0,0,0,LOW
554.0,0.721,11.2,44.0,61.2,16.2,74.0,31.1,0.07,31.1,31.3,31.5,0,2,HIGH
550.4,0.805,59.6,105.3,80.2,12.2,100.0,33.6,8.45,46.4,58.1,81.4,0,3,CRITICAL
552.7,0.751,13.2,54.4,52.9,15.6,78.3,31.1,4.11,37.6,44.3,53.8,0,3,CRITICAL
545.4,0.921,20.4,59.1,50.4,13.9,100.0,39.6,5.71,47.8,57.5,74.1,0,3,CRITICAL
542.5,0.988,6.7,24.9,33.3,18.1,21.6,15.9,-0.16,15.7,15.4,15.2,0,1,MODERATE
575.2,0.228,26.8,77.6,70.5,15.7,100.0,26.9,3.34,31.6,36.7,45.6,0,3,CRITICAL
565.7,0.449,26.7,101.0,76.6,12.3,100.0,29.3,4.96,36.5,44.3,57.2,0,3,CRITICAL
565.4,0.456,13.3,53.3,51.5,16.9,70.9,24.0,0.05,23.6,25.0,25.5,0,2,HIGH
579.5,0.128,67.1,179.8,100.0,20.2,100.0,28.3,7.41,39.8,51.1,71.7,0,3,CRITICAL
552.7,0.751,2.4,5.3,24.4,14.0,7.3,14.4,0.12,15.0,14.9,16.0,0,1,MODERATE
577.7,0.17,0.3,32.9,48.8,21.0,1.2,5.4,-0.17,5.3,5.1,5.8,0,0,LOW
573.2,0.274,26.5,71.2,71.1,14.3,100.0,32.1,3.64,37.1,42.2,54.1,0,3,CRITICAL
564.2,0.484,29.6,75.1,74.6,19.5,100.0,30.7,5.5,38.8,46.4,63.3,0,3,CRITICAL
548.7,0.844,2.3,22.9,43.2,10.0,17.4,14.4,-0.33,13.8,12.4,13.4,0,0,LOW
576.1,0.207,5.6,50.1,54.1,14.4,36.8,14.6,-0.01,14.3,13.6,13.1,0,1,MODERATE
576.8,0.191,0.3,36.9,43.9,17.1,1.3,6.3,-0.3,5.7,6.4,4.9,0,0,LOW
576.0,0.209,6.2,22.7,35.8,22.9,17.0,10.4,-0.12,10.3,10.2,11.2,0,0,LOW
564.6,0.474,26.7,69.9,59.9,11.6,100.0,30.1,4.94,38.0,44.5,57.6,0,3,CRITICAL
569.1,0.37,13.1,38.7,56.0,10.3,100.0,28.4,3.61,33.8,38.7,47.8,0,3,CRITICAL
569.8,0.353,7.7,29.4,53.7,13.6,53.2,19.7,-0.22,18.9,19.1,18.1,0,1,MODERATE
556.3,0.667,8.4,19.3,36.1,15.9,33.4,16.7,-0.06,16.2,16.4,18.0,0,1,MODERATE
559.2,0.6,0.0,35.1,45.1,19.5,0.0,8.7,-0.09,8.3,7.9,6.6,0,0,LOW
542.5,0.988,6.4,30.5,37.4,24.8,16.9,19.6,0.0,19.6,20.1,19.4,0,1,MODERATE
582.8,0.051,18.7,54.2,56.7,18.6,99.8,25.4,2.42,28.7,33.6,37.8,0,2,HIGH
564.7,0.472,65.8,126.0,91.8,18.6,100.0,33.2,8.19,46.0,57.3,79.0,0,3,CRITICAL
581.6,0.079,33.8,66.8,72.3,22.2,100.0,26.0,4.29,32.4,38.3,49.9,0,3,CRITICAL
570.5,0.337,0.4,23.3,39.8,20.5,1.4,4.5,0.17,4.5,6.0,5.4,0,0,LOW
571.2,0.321,41.2,132.5,93.5,23.6,100.0,32.1,5.73,40.5,49.7,65.6,0,3,CRITICAL
549.7,0.821,27.5,99.8,74.2,15.8,100.0,33.5,5.86,42.3,51.7,66.5,0,3,CRITICAL
584.8,0.005,27.3,64.9,58.5,16.4,100.0,28.5,3.11,33.2,38.3,48.1,0,3,CRITICAL
550.4,0.805,11.0,48.7,51.3,17.9,55.2,26.6,0.4,26.9,28.0,30.2,0,2,HIGH
570.3,0.342,9.1,34.7,39.2,20.5,30.5,15.7,0.36,16.0,16.2,16.4,0,1,MODERATE
574.9,0.235,6.5,33.0,55.2,16.5,38.1,12.5,0.07,12.2,13.5,14.1,0,1,MODERATE
561.9,0.537,1.2,36.9,40.9,12.0,7.2,6.4,0.04,6.5,6.7,8.2,0,0,LOW
558.0,0.628,4.7,19.7,34.0,18.9,14.8,13.4,-0.04,12.9,12.9,14.9,0,0,LOW
569.8,0.353,5.1,9.3,42.1,19.0,19.8,8.6,0.1,8.7,9.6,7.7,0,0,LOW
565.3,0.458,11.9,60.0,61.7,12.3,100.0,30.4,3.5,36.0,40.0,49.0,0,3,CRITICAL
581.7,0.077,24.8,47.4,44.7,11.2,100.0,29.7,3.9,35.7,41.9,50.8,0,3,CRITICAL
556.0,0.674,11.6,18.1,40.8,12.9,64.2,23.7,-0.02,23.9,23.9,23.6,0,2,HIGH
548.0,0.86,1.1,10.7,26.3,21.1,2.4,12.0,0.02,11.7,12.8,12.7,0,0,LOW
558.1,0.626,57.0,122.7,95.0,24.3,100.0,36.0,7.85,48.1,59.5,80.4,0,3,CRITICAL
582.1,0.067,51.5,78.4,64.4,11.9,100.0,27.9,6.2,37.2,46.8,64.3,0,3,CRITICAL
559.7,0.588,27.7,87.7,70.2,16.3,100.0,33.7,4.38,39.8,47.8,59.3,0,3,CRITICAL
579.8,0.121,85.5,114.0,78.6,20.9,100.0,26.8,8.07,38.9,50.1,74.1,0,3,CRITICAL
583.9,0.026,14.2,23.3,35.4,13.9,63.3,14.8,0.26,15.3,15.4,15.2,0,1,MODERATE
581.3,0.086,59.2,131.4,100.0,16.5,100.0,24.1,5.82,32.6,41.7,56.3,0,3,CRITICAL
566.6,0.428,1.4,9.4,31.6,21.8,3.6,7.2,0.16,7.6,7.5,8.0,0,0,LOW
546.4,0.898,8.2,38.9,48.7,13.9,50.3,26.4,0.1,26.9,26.0,25.9,0,2,HIGH
550.0,0.814,4.6,40.5,45.4,20.3,18.0,13.9,0.27,14.6,15.2,15.2,0,1,MODERATE
572.2,0.298,3.9,28.4,51.6,23.3,15.1,5.8,0.15,5.7,5.3,5.8,0,0,LOW
568.0,0.395,2.7,18.3,39.1,11.3,16.3,8.8,0.08,9.0,9.4,10.0,0,0,LOW
575.1,0.23,17.5,74.4,60.5,17.2,100.0,28.6,3.39,33.4,38.5,46.8,0,3,CRITICAL
548.5,0.849,27.4,74.8,65.2,13.5,100.0,34.2,5.43,42.7,51.4,65.3,0,3,CRITICAL
543.0,0.977,15.5,35.2,43.5,18.0,65.6,26.2,0.28,26.5,27.3,28.1,0,2,HIGH
563.1,0.509,2.9,35.9,57.4,21.9,13.3,8.6,0.16,9.3,9.8,8.9,0,0,LOW
556.9,0.653,30.0,88.8,67.3,20.8,100.0,32.5,4.66,39.1,46.8,61.3,0,3,CRITICAL
583.4,0.037,18.2,43.9,52.5,12.2,100.0,25.6,3.49,30.8,35.9,44.4,0,3,CRITICAL
557.7,0.635,8.8,47.6,47.0,13.1,55.3,24.2,0.1,24.2,25.4,23.1,0,2,HIGH
582.8,0.051,20.2,70.0,58.3,13.8,100.0,27.4,2.45,31.0,35.7,42.8,0,3,CRITICAL
549.4,0.828,5.4,43.0,55.2,17.8,29.3,16.5,-0.19,16.2,16.4,17.1,0,1,MODERATE
574.8,0.237,7.6,26.6,37.0,17.1,28.8,8.1,0.12,8.6,8.6,7.5,0,0,LOW
562.2,0.53,44.9,116.3,91.8,12.4,100.0,33.0,6.06,42.5,51.4,67.5,0,3,CRITICAL
548.8,0.842,6.2,27.8,40.5,20.3,21.6,13.6,0.3,14.4,13.6,14.0,0,1,MODERATE
555.1,0.695,11.4,33.7,39.4,16.4,47.9,19.4,0.24,19.3,20.0,22.6,0,1,MODERATE
547.8,0.865,39.8,64.6,67.2,17.9,100.0,33.4,7.2,44.4,55.4,76.5,0,3,CRITICAL
569.5,0.36,22.1,51.8,62.0,18.6,100.0,33.2,4.32,39.3,47.1,56.6,0,3,CRITICAL
568.1,0.393,1.2,31.5,40.2,16.3,5.2,9.4,-0.12,9.1,9.2,9.5,0,0,LOW
555.1,0.695,2.9,39.0,44.6,14.2,15.9,11.8,0.22,12.0,12.3,12.2,0,0,LOW
562.0,0.535,0.1,22.0,36.8,21.0,0.3,7.8,-0.34,7.5,6.0,5.5,0,0,LOW
548.1,0.858,17.9,81.8,64.3,10.1,100.0,34.1,4.22,40.3,46.4,56.8,0,3,CRITICAL
568.2,0.391,10.7,51.3,65.2,16.2,75.4,25.9,3.49,30.8,37.0,46.9,0,3,CRITICAL
558.0,0.628,2.6,33.9,39.6,21.9,8.2,10.9,-0.32,10.4,10.0,10.8,0,0,LOW
569.9,0.351,57.0,135.8,100.0,21.1,100.0,32.9,7.21,43.5,55.5,73.5,0,3,CRITICAL
556.6,0.66,13.6,43.2,48.9,21.6,53.9,19.9,0.42,20.8,21.8,21.7,0,1,MODERATE
571.5,0.314,5.0,31.2,49.7,18.3,23.8,8.8,-0.28,8.0,7.9,7.3,0,0,LOW
542.8,0.981,12.5,29.9,54.2,22.0,53.9,26.5,0.33,26.5,28.0,28.3,0,2,HIGH
578.0,0.163,20.5,70.7,72.3,14.6,100.0,30.4,2.81,35.1,38.3,48.3,0,3,CRITICAL
556.1,0.672,1.4,15.0,42.1,18.9,5.5,8.5,-0.18,8.5,8.1,7.3,0,0,LOW
561.1,0.556,5.8,51.8,47.7,20.2,24.0,15.4,0.31,16.2,15.8,17.9,0,1,MODERATE
574.6,0.242,29.6,96.5,77.1,13.8,100.0,30.5,4.5,36.8,43.8,56.8,0,3,CRITICAL
584.1,0.021,11.1,67.1,65.0,23.7,53.3,11.8,0.28,12.6,13.0,15.1,0,1,MODERATE
549.8,0.819,14.2,42.7,55.5,18.9,73.0,28.3,-0.11,28.1,27.5,27.4,0,2,HIGH
574.2,0.251,10.2,34.7,48.9,17.7,49.3,17.0,-0.06,17.1,17.7,15.9,0,1,MODERATE
580.8,0.098,0.8,31.8,50.5,18.6,3.8,4.7,-0.1,4.9,5.1,2.8,0,0,LOW
546.5,0.895,3.3,21.9,38.8,10.7,20.9,18.7,0.18,18.7,19.6,20.6,0,1,MODERATE
579.9,0.119,10.6,59.5,52.7,15.5,63.1,19.1,0.38,20.0,20.3,21.3,0,1,MODERATE
546.5,0.895,4.2,20.6,35.0,18.6,13.8,14.6,-0.17,14.6,14.9,11.8,0,1,MODERATE
542.2,0.995,0.9,24.9,44.8,24.7,2.9,15.8,0.18,16.2,15.9,16.0,0,1,MODERATE
561.9,0.537,33.4,114.6,94.7,14.6,100.0,30.1,5.96,39.0,48.1,65.9,0,3,CRITICAL
574.0,0.256,71.5,126.9,100.0,14.3,100.0,27.5,8.01,39.8,52.5,72.6,0,3,CRITICAL
558.8,0.609,28.4,106.0,78.0,18.7,100.0,35.8,4.61,42.8,49.3,63.0,0,3,CRITICAL
572.6,0.288,34.6,75.1,73.8,20.6,100.0,29.9,4.63,36.9,43.4,56.8,0,3,CRITICAL
551.6,0.777,5.0,24.6,45.6,22.0,18.1,12.3,-0.01,12.1,12.9,14.0,0,0,LOW
571.1,0.323,58.2,153.6,100.0,24.9,100.0,30.8,6.11,40.2,49.1,67.9,0,3,CRITICAL
546.0,0.907,3.9,35.9,41.8,19.9,14.3,16.3,-0.32,15.8,14.8,14.7,0,1,MODERATE
548.4,0.851,54.4,110.9,81.9,10.2,100.0,38.6,7.59,50.1,61.1,84.3,0,3,CRITICAL
556.3,0.667,94.7,258.8,100.0,21.5,100.0,36.8,11.14,53.7,70.0,100.3,0,3,CRITICAL
561.7,0.542,22.4,65.0,59.1,11.8,100.0,33.2,3.88,39.1,43.9,54.4,0,3,CRITICAL
547.5,0.872,71.5,135.9,93.8,21.9,100.0,35.4,8.45,47.8,60.5,83.9,0,3,CRITICAL
571.9,0.305,15.2,43.9,61.6,10.6,100.0,29.1,3.18,33.4,38.5,46.9,0,3,CRITICAL
582.3,0.063,5.4,35.9,53.9,22.0,23.2,5.2,-0.2,5.0,4.1,4.6,0,0,LOW
546.0,0.907,10.3,41.9,55.6,21.8,46.0,25.4,0.0,25.3,25.2,26.9,0,2,HIGH
549.3,0.83,16.2,62.5,64.2,19.8,91.9,34.7,4.42,41.1,47.8,61.0,0,3,CRITICAL
552.7,0.751,1.4,12.0,33.4,22.2,3.7,10.0,-0.17,9.4,9.3,9.8,0,0,LOW
560.4,0.572,17.5,54.5,58.0,22.0,80.7,26.9,4.52,33.4,39.7,52.8,0,3,CRITICAL
584.4,0.014,71.5,175.8,100.0,22.4,100.0,23.4,7.03,34.1,45.1,63.8,0,3,CRITICAL
558.2,0.623,3.8,41.4,43.5,24.4,11.9,13.8,0.01,13.5,14.2,12.6,0,1,MODERATE
566.3,0.435,28.3,64.4,52.7,11.6,100.0,32.9,3.91,38.9,45.5,53.9,0,3,CRITICAL
573.0,0.279,42.9,144.2,95.6,10.8,100.0,29.9,4.94,37.1,43.8,58.3,0,3,CRITICAL
562.5,0.523,51.8,80.3,63.8,11.1,100.0,33.2,6.98,43.9,54.8,74.0,0,3,CRITICAL
569.3,0.365,58.0,177.1,100.0,23.8,100.0,32.1,6.97,42.2,53.7,71.5,0,3,CRITICAL
562.7,0.519,13.3,56.1,48.9,10.8,100.0,32.6,4.19,38.9,45.5,56.7,0,3,CRITICAL
554.0,0.721,68.1,133.4,92.4,18.4,100.0,34.6,8.56,47.8,60.9,85.7,0,3,CRITICAL
582.1,0.067,25.5,40.9,43.6,19.9,97.8,28.2,3.83,33.5,38.8,52.2,0,3,CRITICAL
560.1,0.579,3.2,8.9,30.3,16.2,10.5,10.1,-0.03,9.9,10.5,9.1,0,0,LOW
559.6,0.591,11.7,46.5,57.1,10.3,100.0,32.6,4.16,38.6,44.4,57.2,0,3,CRITICAL
581.4,0.084,22.8,70.9,64.7,16.8,100.0,26.8,2.91,31.2,36.3,42.8,0,3,CRITICAL
561.0,0.558,5.1,40.7,45.8,14.8,27.6,14.4,0.17,14.2,14.8,14.1,0,1,MODERATE
568.4,0.386,18.4,55.0,65.9,18.2,100.0,28.6,3.72,34.5,39.0,51.2,0,3,CRITICAL
548.3,0.853,19.8,65.2,66.7,21.3,100.0,34.8,4.87,41.6,48.8,63.0,0,3,CRITICAL
569.8,0.353,3.2,10.0,32.7,20.8,8.8,7.7,-0.33,6.9,7.1,7.5,0,0,LOW
559.3,0.598,15.0,44.2,59.5,22.6,69.1,26.3,-0.01,26.4,25.7,24.9,0,2,HIGH
549.5,0.826,26.6,74.8,68.5,15.4,100.0,38.8,5.7,47.1,56.6,72.9,0,3,CRITICAL
545.6,0.916,12.4,65.9,64.1,13.9,100.0,34.1,4.44,41.2,46.7,58.1,0,3,CRITICAL
564.1,0.486,0.2,16.5,45.7,11.5,1.4,5.2,-0.11,5.2,5.3,3.0,0,0,LOW
577.6,0.172,0.2,9.3,33.1,18.2,0.6,3.0,-0.13,2.7,3.0,2.8,0,0,LOW
554.6,0.707,7.9,12.7,45.8,11.4,55.5,25.9,0.1,25.6,26.6,24.9,0,2,HIGH
546.6,0.893,46.9,112.4,90.7,10.2,100.0,34.0,7.01,44.3,55.0,75.3,0,3,CRITICAL
582.0,0.07,4.7,34.7,40.9,11.2,30.0,12.3,-0.2,12.4,11.6,12.6,0,0,LOW
576.0,0.209,18.1,61.4,64.2,19.8,100.0,30.7,2.97,34.9,39.8,47.3,0,3,CRITICAL
579.3,0.133,4.5,42.4,46.3,21.4,17.0,5.9,-0.08,6.0,5.9,6.3,0,0,LOW
570.8,0.33,7.0,21.5,38.8,11.7,40.6,16.8,-0.13,16.4,17.3,17.1,0,1,MODERATE
578.6,0.149,33.9,81.6,64.6,16.9,100.0,29.5,4.5,36.0,42.9,55.3,0,3,CRITICAL
574.3,0.249,23.5,86.9,77.2,16.7,100.0,29.2,4.12,35.8,42.1,51.3,0,3,CRITICAL
564.8,0.47,1.8,33.8,53.1,16.9,9.9,9.7,-0.34,9.1,8.3,8.5,0,0,LOW
564.2,0.484,10.1,24.3,44.4,17.7,44.3,16.1,0.29,16.4,16.8,17.0,0,1,MODERATE
543.9,0.956,0.5,11.1,32.2,18.5,1.5,13.3,-0.13,12.8,12.7,11.6,0,0,LOW
548.3,0.853,11.8,46.1,45.0,11.7,79.4,32.2,3.66,37.9,42.9,54.1,0,3,CRITICAL
545.0,0.93,19.5,56.5,56.7,17.7,100.0,37.5,5.88,46.1,54.6,70.4,0,3,CRITICAL
552.4,0.758,2.3,22.3,41.2,13.1,12.7,15.2,-0.08,15.3,15.3,15.4,0,1,MODERATE
578.6,0.149,6.1,37.8,56.6,12.2,49.5,17.3,-0.12,17.0,17.9,16.6,0,1,MODERATE
582.1,0.067,9.1,45.1,48.5,22.4,34.5,12.4,0.09,12.9,12.6,14.0,0,0,LOW
579.2,0.135,45.4,112.3,77.4,21.4,100.0,26.3,5.93,35.0,44.5,59.9,0,3,CRITICAL
555.1,0.695,90.0,115.7,82.8,16.8,100.0,32.0,10.52,48.2,63.9,94.8,0,3,CRITICAL
579.8,0.121,0.8,18.3,38.3,17.5,3.1,3.4,0.1,3.4,3.0,5.2,0,0,LOW
549.8,0.819,25.8,87.1,72.1,23.8,100.0,35.9,5.54,44.3,52.6,67.9,0,3,CRITICAL
562.2,0.53,8.4,27.2,38.8,16.8,33.9,14.6,-0.19,14.1,13.3,13.9,0,1,MODERATE
584.8,0.005,9.0,44.4,56.0,13.2,66.8,20.7,0.33,21.4,22.6,22.4,0,2,HIGH
571.9,0.305,25.3,83.5,81.5,18.7,100.0,28.2,4.63,35.2,41.1,53.8,0,3,CRITICAL
554.0,0.721,45.1,136.1,93.9,19.1,100.0,34.2,7.09,44.7,54.7,76.7,0,3,CRITICAL
584.2,0.019,54.3,132.9,89.2,12.0,100.0,28.8,6.19,37.6,48.3,64.6,0,3,CRITICAL
570.3,0.342,15.5,37.0,39.1,14.7,72.1,21.5,0.14,21.3,21.2,22.8,0,1,MODERATE
554.9,0.7,8.0,21.3,39.4,20.1,27.4,18.1,0.31,18.8,19.8,18.3,0,1,MODERATE
559.8,0.586,27.9,73.8,66.0,23.1,100.0,32.5,5.49,41.0,48.2,64.8,0,3,CRITICAL
551.0,0.791,5.2,31.7,52.8,18.4,26.1,16.9,0.16,16.7,17.2,16.3,0,1,MODERATE
572.0,0.302,14.9,49.9,55.2,17.7,81.3,24.2,2.98,28.5,33.8,40.0,0,2,HIGH
582.0,0.07,8.0,45.9,56.6,12.6,62.9,15.4,0.32,16.3,16.4,17.4,0,1,MODERATE
560.6,0.567,19.2,61.3,67.3,19.2,100.0,32.1,4.84,39.5,47.1,59.0,0,3,CRITICAL
563.6,0.498,4.9,34.8,48.1,14.3,28.8,16.5,-0.1,15.9,15.4,14.9,0,1,MODERATE
571.0,0.326,3.8,31.1,52.9,16.9,20.8,11.9,0.13,11.8,12.8,14.2,0,0,LOW
550.9,0.793,45.1,100.6,79.0,14.4,100.0,37.2,7.48,48.7,59.7,79.3,0,3,CRITICAL
582.6,0.056,1.9,35.5,41.5,12.2,11.3,4.3,-0.13,3.6,3.4,1.8,0,0,LOW
584.7,0.007,12.7,47.5,60.4,16.6,80.9,18.8,2.65,22.7,27.1,33.2,0,2,HIGH
551.5,0.779,4.5,23.9,49.4,21.4,18.2,17.6,0.11,17.7,17.6,18.0,0,1,MODERATE
550.3,0.807,0.7,35.9,55.0,16.8,4.0,12.5,0.07,12.2,12.4,12.3,0,0,LOW
557.3,0.644,0.7,10.2,43.9,21.6,2.5,7.7,-0.0,8.0,7.0,7.1,0,0,LOW
581.8,0.074,3.5,43.2,47.8,12.4,23.6,6.3,0.13,7.0,6.4,6.5,0,0,LOW
581.1,0.091,36.3,102.9,85.5,13.3,100.0,27.6,4.31,34.5,40.4,50.9,0,3,CRITICAL
546.5,0.895,6.0,50.0,55.7,24.3,24.1,16.9,0.07,17.1,17.8,16.9,0,1,MODERATE
569.7,0.356,54.1,100.7,86.1,23.1,100.0,29.6,5.73,38.7,46.3,63.5,0,3,CRITICAL
580.6,0.102,15.7,54.8,62.3,13.1,100.0,28.5,2.95,32.5,37.7,44.8,0,3,CRITICAL
567.9,0.398,10.3,36.8,52.2,10.4,90.5,29.4,2.95,33.5,38.6,45.7,0,3,CRITICAL
555.4,0.688,15.6,66.8,59.0,12.4,100.0,32.9,4.2,38.7,45.6,56.6,0,3,CRITICAL
544.5,0.942,13.1,47.2,48.1,24.3,45.4,24.1,-0.12,23.5,24.2,23.4,0,2,HIGH
545.9,0.909,25.6,67.6,58.3,15.3,100.0,37.2,4.9,44.9,52.0,67.4,0,3,CRITICAL
543.6,0.963,6.0,51.5,53.1,13.3,41.9,22.8,0.22,22.8,23.3,22.4,0,2,HIGH
569.3,0.365,7.8,21.6,46.1,11.1,56.7,18.5,-0.02,18.6,18.8,17.9,0,1,MODERATE
572.0,0.302,40.4,122.0,88.1,17.4,100.0,30.0,5.41,38.0,46.0,62.8,0,3,CRITICAL
555.9,0.677,52.7,145.5,100.0,18.4,100.0,34.9,7.07,45.3,55.8,77.3,0,3,CRITICAL
578.1,0.16,40.2,128.3,96.6,24.1,100.0,29.1,4.31,35.9,42.8,52.8,0,3,CRITICAL
582.1,0.067,9.8,62.3,66.6,19.7,58.0,16.3,0.26,16.3,17.4,16.4,0,1,MODERATE
544.9,0.933,27.3,67.6,59.8,23.6,100.0,37.1,6.08,46.0,54.5,71.3,0,3,CRITICAL
575.9,0.212,11.6,45.2,50.3,19.3,52.9,15.3,-0.05,15.2,15.7,13.7,0,1,MODERATE
582.9,0.049,12.4,47.8,57.6,13.6,91.9,25.9,1.75,28.2,32.1,37.4,0,2,HIGH
554.3,0.714,4.1,16.7,32.4,21.6,10.8,10.7,0.07,11.1,10.0,10.2,0,0,LOW
549.6,0.823,16.1,70.7,73.4,15.4,100.0,37.9,4.09,44.0,49.8,61.9,0,3,CRITICAL
572.4,0.293,3.7,38.8,51.6,13.8,24.2,8.4,0.22,8.5,8.4,9.0,0,0,LOW
542.4,0.991,7.3,39.0,58.6,21.7,34.5,19.7,-0.07,20.1,20.4,18.4,0,1,MODERATE
563.6,0.498,34.8,64.9,56.7,21.5,100.0,32.7,5.57,41.4,49.3,64.7,0,3,CRITICAL
550.0,0.814,4.2,39.4,42.0,11.7,26.4,14.5,-0.22,13.8,14.2,12.2,0,1,MODERATE
545.6,0.916,1.3,5.7,34.7,14.6,5.4,10.6,-0.0,11.1,9.7,10.8,0,0,LOW
564.7,0.472,1.3,16.9,36.7,22.1,3.8,5.6,-0.3,5.2,5.1,5.2,0,0,LOW
543.6,0.963,50.9,100.5,74.1,15.9,100.0,37.9,8.2,49.9,62.4,84.2,0,3,CRITICAL
574.7,0.24,12.7,58.2,58.9,24.9,52.6,19.9,0.28,20.5,19.9,21.5,0,1,MODERATE
542.5,0.988,9.5,49.0,62.5,11.4,91.1,33.3,4.49,40.3,46.4,58.7,0,3,CRITICAL
579.3,0.133,30.0,70.3,70.8,10.3,100.0,29.9,3.6,35.8,40.2,50.3,0,3,CRITICAL
543.2,0.972,32.5,74.9,67.8,21.5,100.0,36.7,6.77,46.9,56.7,76.7,0,3,CRITICAL
557.4,0.642,7.3,37.2,43.1,22.4,24.6,16.4,-0.13,16.1,16.7,16.2,0,1,MODERATE
583.3,0.04,21.3,45.8,55.9,22.8,91.4,25.8,3.46,30.8,37.0,46.8,0,3,CRITICAL
584.0,0.023,26.5,111.1,90.7,18.6,100.0,25.6,3.84,30.9,36.9,47.7,0,3,CRITICAL
542.6,0.986,19.1,52.3,64.4,22.9,94.0,39.1,5.09,46.8,55.1,67.3,0,3,CRITICAL
574.9,0.235,3.0,23.1,32.1,11.6,14.5,8.5,-0.03,8.0,7.5,8.3,0,0,LOW
581.3,0.086,37.6,63.6,60.2,13.7,100.0,25.3,4.05,30.9,38.0,48.2,0,3,CRITICAL
565.0,0.465,13.9,39.0,53.4,20.4,63.7,22.8,0.25,23.3,23.0,23.7,0,2,HIGH
573.5,0.267,6.0,35.0,40.3,22.8,18.6,7.8,0.05,8.1,8.3,8.3,0,0,LOW
556.5,0.663,10.0,29.0,51.9,13.2,68.8,27.8,0.34,28.8,29.4,31.4,0,2,HIGH
581.5,0.081,0.7,8.0,39.0,16.4,2.9,3.0,0.16,3.3,3.5,3.6,0,0,LOW
566.2,0.437,2.5,11.4,30.5,10.3,13.0,8.0,-0.21,7.4,7.1,6.1,0,0,LOW
560.1,0.579,26.1,85.4,77.5,24.2,100.0,31.5,4.63,38.4,44.6,56.7,0,3,CRITICAL
551.8,0.772,0.0,13.8,30.3,16.6,0.0,9.7,-0.33,9.1,8.3,7.8,0,0,LOW
546.8,0.888,9.7,33.8,38.5,16.6,39.4,21.8,0.22,22.3,22.9,24.5,0,2,HIGH
545.1,0.928,13.3,32.2,42.2,23.8,41.3,24.6,0.39,24.8,25.8,25.7,0,2,HIGH
574.2,0.251,1.0,14.5,34.0,19.5,3.1,4.1,-0.17,3.6,4.1,3.1,0,0,LOW
552.6,0.753,65.1,141.1,100.0,21.7,100.0,37.1,7.94,49.0,61.9,84.3,0,3,CRITICAL
550.5,0.802,4.6,39.0,52.1,14.7,28.5,20.7,0.2,20.9,21.1,21.6,0,1,MODERATE
542.4,0.991,6.5,52.2,48.0,24.3,22.5,19.4,-0.19,19.1,18.1,17.3,0,1,MODERATE
564.5,0.477,6.5,35.0,42.8,11.9,40.9,14.5,0.24,15.3,15.1,17.2,0,1,MODERATE
550.9,0.793,4.7,20.9,37.8,21.8,14.3,11.4,0.04,11.8,11.8,9.9,0,0,LOW
576.0,0.209,0.0,1.2,34.9,18.6,0.0,3.0,0.15,3.1,3.5,2.3,0,0,LOW
559.7,0.588,23.5,64.6,70.1,21.6,100.0,30.2,4.26,36.6,42.5,54.1,0,3,CRITICAL
579.5,0.128,61.3,200.4,100.0,20.4,100.0,25.6,6.45,35.3,45.4,63.3,0,3,CRITICAL
579.7,0.123,4.6,38.9,51.3,15.3,27.0,7.9,0.14,8.0,8.0,7.4,0,0,LOW
545.6,0.916,19.6,74.7,74.2,20.5,100.0,36.1,5.01,43.6,50.5,63.4,0,3,CRITICAL
542.5,0.988,24.4,82.7,79.1,23.3,100.0,39.2,5.02,47.2,53.7,67.6,0,3,CRITICAL
566.9,0.421,34.0,111.3,82.0,12.8,100.0,29.9,4.45,36.5,42.7,54.7,0,3,CRITICAL
549.0,0.837,9.9,45.6,54.9,20.8,45.7,23.6,0.21,23.5,23.4,23.1,0,2,HIGH
565.9,0.444,6.5,22.7,45.6,14.3,36.3,16.3,-0.0,16.8,16.8,15.4,0,1,MODERATE
578.8,0.144,7.1,49.6,63.6,14.5,54.5,15.0,0.16,15.6,14.8,16.7,0,1,MODERATE
569.4,0.363,22.4,68.6,68.6,21.6,100.0,32.1,4.53,39.3,45.1,57.3,0,3,CRITICAL
549.3,0.83,30.5,81.6,68.0,16.1,100.0,35.9,6.51,45.3,54.8,75.2,0,3,CRITICAL
559.8,0.586,3.6,17.2,37.7,20.7,11.5,8.5,-0.28,8.1,6.9,7.7,0,0,LOW
584.3,0.016,8.3,55.7,67.1,24.4,39.9,12.2,0.08,12.4,11.6,13.5,0,0,LOW
542.1,0.998,41.8,103.7,91.6,11.8,100.0,36.8,6.94,47.0,58.0,75.5,0,3,CRITICAL
546.4,0.898,29.6,83.3,62.9,18.6,100.0,36.0,5.57,44.6,52.3,69.8,0,3,CRITICAL
551.2,0.786,75.4,209.5,100.0,18.2,100.0,36.3,9.0,50.0,62.8,90.3,0,3,CRITICAL
570.8,0.33,25.3,92.0,82.8,20.9,100.0,29.7,3.43,34.9,40.8,50.1,0,3,CRITICAL
556.6,0.66,9.0,50.5,48.4,21.3,35.8,19.2,0.11,18.9,20.5,20.8,0,1,MODERATE
559.5,0.593,16.1,57.5,61.0,20.0,85.9,29.1,3.3,34.1,38.7,49.0,0,3,CRITICAL
550.7,0.798,19.5,87.5,76.7,15.4,100.0,33.0,4.52,40.0,46.9,57.9,0,3,CRITICAL
546.7,0.891,1.5,36.7,42.1,24.9,4.4,12.6,0.13,13.0,13.7,11.6,0,1,MODERATE
544.0,0.953,14.2,43.4,42.9,19.5,54.7,27.6,0.13,28.0,28.5,29.3,0,2,HIGH
582.4,0.06,22.2,36.1,54.1,21.9,96.0,27.0,3.28,32.3,36.9,45.2,0,3,CRITICAL
553.7,0.728,3.3,32.6,45.0,20.8,12.5,13.1,0.19,13.8,13.0,13.9,0,1,MODERATE
544.5,0.942,27.3,65.0,69.8,22.2,100.0,36.7,5.7,45.2,53.6,70.4,0,3,CRITICAL
545.9,0.909,15.8,40.5,42.3,25.0,46.8,22.2,0.2,22.4,23.5,24.5,0,2,HIGH
550.3,0.807,54.7,100.2,73.1,12.8,100.0,38.5,7.49,50.2,60.4,80.9,0,3,CRITICAL
578.3,0.156,0.8,39.5,44.9,12.6,5.0,6.7,0.19,6.7,6.3,9.3,0,0,LOW
574.6,0.242,5.5,33.8,52.4,13.9,36.3,14.5,0.15,14.5,14.1,15.4,0,1,MODERATE
548.3,0.853,16.6,42.5,56.1,15.5,100.0,34.0,5.02,41.2,49.6,63.4,0,3,CRITICAL
584.3,0.016,6.3,40.1,56.9,23.2,27.0,7.3,0.28,7.6,9.0,7.8,0,0,LOW
563.2,0.507,22.6,75.2,60.2,18.0,100.0,31.2,4.18,37.7,44.3,54.5,0,3,CRITICAL
548.0,0.86,25.6,97.1,72.9,20.1,100.0,34.4,5.83,42.9,51.0,69.3,0,3,CRITICAL
572.9,0.281,1.9,34.1,51.3,10.8,15.8,8.6,-0.01,8.2,8.0,10.1,0,0,LOW
543.5,0.965,13.0,31.5,39.7,13.5,66.9,30.9,0.27,31.4,31.8,33.6,0,2,HIGH
551.1,0.788,12.8,37.1,53.9,11.2,100.0,34.6,4.23,41.0,48.1,58.3,0,3,CRITICAL
551.4,0.781,8.3,32.3,50.4,19.4,37.7,21.3,0.18,21.2,22.7,22.6,0,2,HIGH
558.6,0.614,48.6,98.7,81.9,14.4,100.0,35.4,6.46,44.9,55.4,71.6,0,3,CRITICAL
557.8,0.633,31.6,93.2,71.0,19.3,100.0,31.5,5.04,38.9,47.0,61.2,0,3,CRITICAL
561.4,0.549,21.5,87.7,75.9,17.8,100.0,31.8,3.9,37.9,42.8,56.2,0,3,CRITICAL
551.2,0.786,22.6,57.7,60.9,19.2,100.0,36.1,5.64,44.7,53.1,67.8,0,3,CRITICAL
551.1,0.788,11.1,26.5,36.5,18.9,37.5,19.1,0.17,19.5,20.5,21.2,0,1,MODERATE
575.5,0.221,45.7,133.7,89.4,10.2,100.0,28.3,6.02,37.6,46.4,63.7,0,3,CRITICAL
575.0,0.233,21.4,57.8,68.7,17.4,100.0,28.6,4.1,35.1,41.1,52.5,0,3,CRITICAL
552.6,0.753,23.5,63.6,64.1,23.4,100.0,32.0,5.06,39.3,46.5,61.2,0,3,CRITICAL
549.3,0.83,35.6,62.7,66.5,13.6,100.0,37.0,5.87,45.9,55.6,70.1,0,3,CRITICAL
568.0,0.395,5.8,49.3,50.4,13.0,39.4,16.0,-0.09,16.1,15.6,15.2,0,1,MODERATE
570.5,0.337,29.6,55.9,49.1,17.4,100.0,27.2,3.94,33.5,38.1,48.8,0,3,CRITICAL
576.7,0.193,3.9,15.8,41.3,13.3,21.2,10.1,-0.22,10.0,9.8,8.7,0,0,LOW
573.0,0.279,7.6,26.0,47.6,14.3,44.3,15.5,-0.09,15.1,16.2,14.7,0,1,MODERATE
558.8,0.609,7.4,41.5,41.4,10.2,52.6,21.8,0.01,22.0,22.3,22.8,0,2,HIGH
550.9,0.793,69.1,184.0,100.0,23.9,100.0,35.2,9.16,49.3,62.9,87.2,0,3,CRITICAL
562.2,0.53,35.0,76.5,77.0,11.4,100.0,35.3,5.82,44.3,53.0,67.3,0,3,CRITICAL
550.5,0.802,21.7,46.0,61.3,21.6,100.0,36.6,4.79,44.2,50.2,63.6,0,3,CRITICAL
574.3,0.249,23.4,87.2,72.0,24.4,100.0,31.0,3.38,36.1,40.6,52.3,0,3,CRITICAL
552.1,0.765,14.9,50.3,46.3,21.6,55.9,26.5,0.32,26.6,28.3,26.7,0,2,HIGH
556.3,0.667,52.9,137.2,90.4,12.9,100.0,34.3,7.74,46.2,57.4,79.5,0,3,CRITICAL
581.7,0.077,12.3,34.8,46.3,13.7,72.7,18.7,-0.13,18.8,18.3,18.4,0,1,MODERATE
563.6,0.498,8.6,45.6,44.0,13.6,48.7,19.2,0.11,19.5,19.9,19.0,0,1,MODERATE
576.5,0.198,3.2,15.3,46.3,14.5,17.9,10.1,-0.12,9.9,9.9,8.2,0,0,LOW
546.8,0.888,27.8,97.3,76.4,22.3,100.0,36.7,5.04,44.3,50.9,65.3,0,3,CRITICAL
555.3,0.691,23.9,67.7,53.9,14.5,100.0,36.1,4.46,42.7,49.4,61.8,0,3,CRITICAL
573.6,0.265,8.7,44.8,60.0,16.4,55.7,16.2,-0.16,15.8,16.7,14.3,0,1,MODERATE
566.7,0.426,0.5,29.1,54.1,18.3,2.6,6.2,-0.09,6.5,5.1,5.9,0,0,LOW
569.5,0.36,32.9,74.9,59.9,17.8,100.0,28.7,4.36,34.9,41.9,54.8,0,3,CRITICAL
570.4,0.34,0.2,32.8,46.7,14.7,1.1,3.0,0.12,2.8,3.0,5.0,0,0,LOW
550.3,0.807,21.9,48.7,61.9,10.5,100.0,33.8,4.71,40.7,47.9,62.8,0,3,CRITICAL
546.0,0.907,63.3,116.1,93.0,19.8,100.0,34.4,8.27,46.9,59.4,81.2,0,3,CRITICAL
559.3,0.598,10.4,40.5,57.8,15.0,70.1,26.2,0.21,26.8,27.0,28.6,0,2,HIGH
566.8,0.423,4.8,13.1,35.2,19.9,14.9,7.3,-0.3,6.4,6.0,7.2,0,0,LOW
567.7,0.402,22.0,40.1,56.8,24.4,89.6,28.6,4.34,35.4,42.5,53.3,0,3,CRITICAL
563.1,0.509,30.6,85.4,71.2,12.3,100.0,32.7,4.53,39.1,46.8,58.2,0,3,CRITICAL
557.2,0.647,14.2,40.6,57.7,22.9,62.6,26.3,-0.09,25.7,27.0,24.7,0,2,HIGH
579.5,0.128,61.4,118.0,88.9,17.8,100.0,26.6,5.96,35.5,44.6,60.8,0,3,CRITICAL
546.6,0.893,1.0,38.2,58.7,23.6,4.4,14.6,0.06,14.9,15.1,16.4,0,1,MODERATE
584.8,0.005,12.7,60.5,69.1,16.4,93.6,24.4,1.67,26.5,29.5,32.5,0,2,HIGH
569.7,0.356,22.8,83.1,74.9,12.0,100.0,31.3,4.18,37.3,44.2,56.8,0,3,CRITICAL
581.8,0.074,35.7,61.3,57.8,23.1,100.0,26.9,4.29,33.6,39.0,51.5,0,3,CRITICAL
548.5,0.849,3.6,16.4,41.5,19.0,13.8,15.0,0.08,15.3,16.2,16.6,0,1,MODERATE
578.4,0.153,29.0,103.9,84.6,18.6,100.0,27.3,4.03,33.8,39.1,50.1,0,3,CRITICAL
545.8,0.912,14.5,22.6,35.6,16.3,55.4,25.9,0.13,25.9,25.5,27.3,0,2,HIGH
565.9,0.444,9.1,21.3,46.6,16.1,46.1,15.1,0.11,14.8,15.7,17.2,0,1,MODERATE
553.0,0.744,2.5,28.3,38.9,16.4,10.4,11.5,-0.18,11.6,10.0,10.1,0,0,LOW
567.4,0.409,36.1,119.8,96.5,23.7,100.0,28.1,5.65,36.8,45.0,60.3,0,3,CRITICAL
560.6,0.567,3.1,33.9,49.7,23.7,11.4,9.7,0.05,9.8,9.1,11.7,0,0,LOW
545.4,0.921,6.7,34.3,37.5,19.3,22.8,17.5,0.25,18.0,19.1,17.8,0,1,MODERATE
578.5,0.151,6.2,39.2,45.4,16.1,30.6,9.8,-0.22,9.6,8.8,6.9,0,0,LOW
558.8,0.609,36.9,106.3,75.9,24.7,100.0,32.7,5.68,41.0,50.2,67.0,0,3,CRITICAL
555.8,0.679,20.1,58.7,65.0,20.3,100.0,31.9,5.02,39.9,46.1,61.9,0,3,CRITICAL
558.6,0.614,28.7,91.3,74.4,21.5,100.0,32.2,5.11,39.6,48.4,63.2,0,3,CRITICAL
567.6,0.405,5.2,42.9,49.7,19.8,22.8,9.3,-0.07,8.9,9.1,8.9,0,0,LOW
571.4,0.316,17.6,24.9,39.7,24.0,50.9,20.2,0.08,20.5,19.7,19.4,0,1,MODERATE
549.7,0.821,15.3,29.4,51.3,15.9,86.4,29.7,4.56,36.8,43.4,56.6,0,3,CRITICAL
567.8,0.4,32.2,102.0,73.2,24.3,100.0,28.1,5.24,35.5,43.5,59.3,0,3,CRITICAL
551.8,0.772,42.6,68.2,68.5,17.7,100.0,34.5,6.46,44.0,54.8,72.4,0,3,CRITICAL
554.4,0.712,0.2,6.3,37.7,20.7,0.6,6.7,-0.34,5.8,6.4,3.9,0,0,LOW
553.1,0.742,20.2,77.3,74.5,14.2,100.0,36.1,5.17,43.6,50.7,67.5,0,3,CRITICAL
581.8,0.074,1.0,10.9,39.3,22.0,3.1,3.0,0.13,3.2,4.1,4.1,0,0,LOW
565.4,0.456,14.3,45.1,57.7,11.5,100.0,29.2,4.18,35.1,40.9,53.4,0,3,CRITICAL
582.4,0.06,6.1,51.8,56.2,17.5,34.3,11.2,0.3,12.0,12.2,11.7,0,0,LOW
555.4,0.688,6.6,32.0,45.3,21.6,24.2,16.8,-0.01,16.5,16.4,16.8,0,1,MODERATE
561.4,0.549,7.8,50.6,52.2,11.9,59.9,20.8,0.18,21.1,22.2,20.6,0,2,HIGH
574.2,0.251,17.5,81.7,63.8,14.7,100.0,30.5,2.72,34.4,38.3,44.7,0,3,CRITICAL
562.0,0.535,7.3,37.2,42.3,10.4,52.0,17.7,-0.1,17.4,16.9,18.0,0,1,MODERATE
550.0,0.814,23.7,71.3,75.4,16.6,100.0,35.6,5.0,43.0,49.7,63.3,0,3,CRITICAL
565.5,0.453,9.3,31.4,49.6,17.5,46.1,15.4,0.19,15.2,15.9,15.4,0,1,MODERATE
571.4,0.316,1.3,31.9,43.8,15.4,6.5,4.6,-0.15,4.6,3.4,2.4,0,0,LOW
570.2,0.344,27.6,68.3,68.4,24.1,100.0,28.7,5.0,35.9,44.0,56.3,0,3,CRITICAL
576.6,0.195,6.1,45.0,49.6,18.9,28.0,12.5,-0.05,12.2,12.8,11.5,0,0,LOW
582.1,0.067,10.2,39.5,52.0,17.2,54.0,17.2,0.21,17.4,17.3,17.5,0,1,MODERATE
553.9,0.723,20.8,62.3,63.6,22.6,100.0,34.5,4.11,40.9,47.3,59.4,0,3,CRITICAL
555.0,0.698,7.3,36.2,48.0,21.1,29.1,16.9,-0.04,16.9,16.6,15.1,0,1,MODERATE
564.8,0.47,1.0,35.5,47.3,16.1,5.1,10.6,0.22,11.2,10.5,11.4,0,0,LOW
567.4,0.409,8.4,27.0,42.6,24.7,25.4,10.6,-0.16,10.8,10.3,8.0,0,0,LOW
581.6,0.079,52.0,86.6,67.0,23.1,100.0,25.9,5.69,34.9,42.8,58.1,0,3,CRITICAL
550.9,0.793,18.5,38.2,57.9,21.1,88.8,35.1,4.29,41.4,47.9,59.8,0,3,CRITICAL
573.1,0.277,20.0,40.1,40.4,16.0,88.4,25.9,4.29,32.6,38.6,49.0,0,3,CRITICAL
583.6,0.033,18.0,61.2,53.8,24.9,68.1,20.5,0.03,21.0,21.2,21.2,0,1,MODERATE
547.5,0.872,4.0,45.6,60.0,17.6,23.9,19.6,0.0,19.6,20.2,20.5,0,1,MODERATE
547.7,0.867,9.8,47.5,55.7,13.0,73.5,26.9,-0.02,27.1,27.1,28.6,0,2,HIGH
560.5,0.57,25.0,67.1,71.6,16.0,100.0,35.6,3.97,41.3,47.2,57.7,0,3,CRITICAL
549.8,0.819,1.9,39.6,43.9,15.1,9.7,15.1,-0.2,15.2,14.6,12.5,0,1,MODERATE
564.4,0.479,5.9,44.4,50.9,11.5,45.7,21.0,-0.17,20.3,20.3,19.1,0,1,MODERATE
566.0,0.442,5.8,38.1,39.4,18.4,21.7,13.1,-0.15,12.8,12.9,12.3,0,0,LOW
545.6,0.916,10.2,32.5,43.2,15.4,50.1,27.4,0.14,27.7,27.6,29.8,0,2,HIGH
549.2,0.833,70.8,175.5,100.0,23.8,100.0,34.2,9.53,48.2,63.2,88.9,0,3,CRITICAL
563.4,0.502,1.3,21.0,40.9,17.1,5.4,7.6,-0.25,7.5,6.7,5.1,0,0,LOW
575.3,0.226,13.2,28.0,45.9,18.8,56.4,16.1,0.35,16.7,18.1,18.7,0,1,MODERATE
576.4,0.2,3.6,36.8,55.5,12.9,27.1,10.8,-0.32,10.6,10.5,7.6,0,0,LOW
579.2,0.135,63.5,82.6,65.8,11.6,100.0,26.5,7.37,37.4,48.0,68.2,0,3,CRITICAL
583.8,0.028,2.2,10.6,26.8,24.9,4.1,3.0,-0.3,2.9,2.1,0.9,0,0,LOW
576.4,0.2,9.3,49.7,61.3,22.4,44.5,15.7,-0.2,15.7,16.1,15.1,0,1,MODERATE
566.5,0.43,24.1,71.6,65.4,18.0,100.0,33.7,4.08,39.9,46.1,57.2,0,3,CRITICAL
551.9,0.77,21.9,81.2,72.3,15.9,100.0,32.5,4.45,38.9,45.2,57.6,0,3,CRITICAL
571.0,0.326,9.9,33.1,44.3,18.5,41.5,18.2,0.34,19.1,19.5,20.1,0,1,MODERATE
570.6,0.335,7.7,33.1,54.9,16.7,44.3,14.3,0.21,14.6,13.9,14.1,0,1,MODERATE
556.4,0.665,9.1,24.6,51.6,20.1,40.9,17.4,0.27,18.0,18.9,17.2,0,1,MODERATE
583.6,0.033,5.5,23.9,42.1,20.3,20.0,8.6,0.12,8.7,8.1,10.8,0,0,LOW
564.5,0.477,4.1,28.3,53.0,17.5,21.7,15.1,-0.03,15.4,15.9,15.3,0,1,MODERATE
577.7,0.17,11.9,69.0,74.4,16.2,95.6,25.6,2.62,29.2,32.9,40.8,0,2,HIGH
578.1,0.16,5.6,48.0,59.3,15.3,38.0,11.8,0.24,11.9,12.2,13.0,0,0,LOW
573.9,0.258,6.1,21.4,42.4,14.0,32.3,11.8,-0.23,11.3,11.4,11.3,0,0,LOW
553.8,0.726,19.2,46.8,49.8,10.5,100.0,35.5,4.23,42.1,47.7,60.0,0,3,CRITICAL
567.8,0.4,62.3,104.3,85.7,21.2,100.0,31.5,6.96,41.7,52.6,71.3,0,3,CRITICAL
543.2,0.972,16.7,64.4,57.8,23.0,73.4,28.2,0.51,29.0,29.5,31.3,0,2,HIGH
550.5,0.802,1.4,39.9,51.6,12.8,9.9,13.7,-0.22,13.5,12.6,13.3,0,0,LOW
543.8,0.958,1.4,36.2,38.7,13.3,7.1,12.5,0.21,13.2,12.3,11.9,0,0,LOW
579.8,0.121,54.4,116.7,92.5,22.6,100.0,26.3,5.22,34.4,41.2,56.1,0,3,CRITICAL
551.9,0.77,6.4,38.4,47.8,13.0,41.2,19.3,-0.04,19.0,19.0,19.8,0,1,MODERATE
584.9,0.002,1.7,20.4,38.8,10.6,10.9,3.0,0.15,2.9,3.4,5.0,0,0,LOW
566.5,0.43,16.5,36.8,50.3,21.7,66.9,24.1,0.38,24.5,25.9,24.7,0,2,HIGH
545.8,0.912,17.6,45.7,43.7,22.1,60.9,24.8,0.48,25.3,26.0,29.3,0,2,HIGH
553.3,0.737,18.8,68.1,66.7,13.0,100.0,33.0,4.2,39.6,45.5,56.5,0,3,CRITICAL
551.2,0.786,5.6,44.1,49.5,20.6,23.5,16.1,0.07,16.6,15.4,17.6,0,1,MODERATE
556.8,0.656,0.3,26.4,36.9,10.5,1.8,10.9,-0.38,10.2,9.8,8.1,0,0,LOW
574.5,0.244,60.4,81.7,77.8,20.5,100.0,30.0,6.12,38.8,47.7,66.9,0,3,CRITICAL
559.2,0.6,5.2,15.8,30.1,12.8,21.4,13.3,-0.08,13.3,13.1,12.1,0,1,MODERATE
570.9,0.328,20.3,85.7,81.0,13.7,100.0,29.4,3.69,34.4,41.3,50.8,0,3,CRITICAL
584.1,0.021,22.1,46.5,44.1,22.0,77.5,20.1,3.28,24.6,29.0,38.9,0,2,HIGH
543.8,0.958,16.9,39.5,43.8,18.1,71.6,31.3,0.2,31.8,31.9,31.4,0,2,HIGH
542.5,0.988,6.8,44.6,49.3,13.2,44.4,26.5,-0.07,26.2,26.6,27.4,0,2,HIGH
579.7,0.123,5.7,31.7,46.1,19.2,24.0,6.6,0.23,7.0,7.9,7.0,0,0,LOW
570.5,0.337,16.4,69.4,59.6,24.2,70.7,22.3,0.37,22.7,23.7,25.6,0,2,HIGH
582.8,0.051,36.2,136.6,99.3,19.9,100.0,29.0,5.02,36.6,43.1,59.9,0,3,CRITICAL
583.8,0.028,52.8,91.3,73.1,10.1,100.0,27.6,5.31,35.5,43.8,56.8,0,3,CRITICAL
574.0,0.256,2.0,36.2,51.1,23.5,7.6,6.6,-0.0,6.7,6.4,5.6,0,0,LOW
583.3,0.04,3.0,14.2,32.0,22.7,7.4,3.0,-0.18,2.2,1.9,1.7,0,0,LOW
569.6,0.358,52.1,86.4,79.3,22.6,100.0,32.1,6.59,41.7,51.2,68.9,0,3,CRITICAL
579.3,0.133,24.0,67.2,55.5,24.6,94.8,25.2,2.78,29.0,32.7,42.9,0,2,HIGH
548.0,0.86,38.6,88.6,81.4,24.0,100.0,34.1,7.1,44.6,56.1,76.3,0,3,CRITICAL
543.4,0.967,4.1,45.2,60.8,15.2,28.7,20.0,0.11,19.9,20.4,20.4,0,1,MODERATE
577.5,0.174,15.9,69.7,66.6,17.9,100.0,29.6,2.61,33.7,37.7,44.1,0,3,CRITICAL
564.6,0.474,21.7,64.0,62.7,17.3,100.0,33.9,3.7,39.5,44.3,56.9,0,3,CRITICAL
578.6,0.149,20.5,78.6,61.3,15.1,100.0,30.0,3.06,34.6,39.0,47.8,0,3,CRITICAL
564.6,0.474,9.4,35.6,44.6,10.6,69.2,21.3,0.1,21.5,22.1,23.1,0,2,HIGH
568.7,0.379,0.3,11.2,35.6,15.8,1.2,6.9,-0.19,6.9,6.9,5.8,0,0,LOW
554.1,0.719,15.7,72.8,73.3,21.1,95.4,33.5,3.76,38.9,44.6,54.6,0,3,CRITICAL
552.2,0.763,5.3,26.9,50.5,18.9,24.8,15.5,0.18,15.9,16.6,18.1,0,1,MODERATE
557.8,0.633,10.8,39.1,56.7,17.6,60.9,25.1,0.21,25.4,26.3,25.6,0,2,HIGH
575.0,0.233,56.9,129.3,94.5,15.6,100.0,31.0,6.19,40.7,48.8,65.9,0,3,CRITICAL
561.2,0.553,9.2,53.0,62.7,13.7,73.7,26.6,0.15,26.3,26.2,26.7,0,2,HIGH
556.2,0.67,33.0,98.2,80.0,14.7,100.0,35.2,5.44,43.8,52.4,68.0,0,3,CRITICAL
546.5,0.895,3.8,15.1,38.8,21.8,11.8,15.6,-0.03,15.2,15.2,14.4,0,1,MODERATE
580.8,0.098,20.1,85.1,71.2,14.0,100.0,28.6,2.38,32.0,36.3,43.9,0,3,CRITICAL
584.4,0.014,67.9,162.0,100.0,13.0,100.0,23.5,6.39,33.0,41.9,61.0,0,3,CRITICAL
553.9,0.723,1.9,40.9,56.8,10.8,17.5,12.8,-0.14,12.6,13.0,11.5,0,1,MODERATE
568.8,0.377,0.2,33.6,55.3,22.0,0.9,8.5,-0.14,8.3,9.0,6.7,0,0,LOW
558.0,0.628,10.2,54.4,61.2,22.9,47.7,19.9,0.11,20.1,20.8,20.0,0,1,MODERATE
542.3,0.993,1.7,34.5,39.1,17.5,6.6,16.1,-0.34,15.3,15.0,13.7,0,1,MODERATE
556.2,0.67,24.8,61.3,53.8,19.4,100.0,34.5,5.03,41.8,49.7,65.1,0,3,CRITICAL
575.5,0.221,44.3,135.4,100.0,20.0,100.0,28.2,5.38,36.7,45.1,61.1,0,3,CRITICAL
565.5,0.453,10.2,23.8,33.7,15.5,38.8,17.9,0.14,18.2,17.5,18.2,0,1,MODERATE
550.8,0.795,5.4,23.1,32.5,19.2,16.0,12.7,0.11,12.6,12.5,13.6,0,0,LOW
552.4,0.758,10.3,29.4,34.7,20.0,31.3,16.3,0.14,16.5,16.1,17.7,0,1,MODERATE
582.9,0.049,23.1,73.0,67.1,14.2,100.0,29.2,3.25,34.3,38.8,47.9,0,3,CRITICAL
559.4,0.595,0.2,11.4,42.6,12.0,1.2,5.5,-0.26,5.1,3.9,3.3,0,0,LOW
573.9,0.258,16.0,41.2,46.2,20.9,61.9,19.1,0.08,18.7,19.3,19.8,0,1,MODERATE
575.0,0.233,17.1,71.9,67.9,16.5,100.0,27.2,3.34,32.4,37.3,47.2,0,3,CRITICAL
565.6,0.451,18.3,69.1,60.0,18.5,100.0,30.3,3.88,36.3,41.6,54.4,0,3,CRITICAL
558.5,0.616,5.0,50.2,56.5,20.5,24.1,12.9,0.19,13.0,13.3,13.3,0,1,MODERATE
548.2,0.856,22.5,49.6,47.9,15.7,100.0,38.0,5.58,46.7,55.6,71.5,0,3,CRITICAL
553.5,0.733,1.7,20.2,38.5,24.9,4.6,11.1,0.21,11.0,12.7,11.2,0,0,LOW
548.0,0.86,4.0,15.6,41.1,19.7,14.6,17.8,0.07,17.7,18.1,16.9,0,1,MODERATE
580.8,0.098,37.8,67.4,63.4,18.4,100.0,25.8,5.24,33.8,40.6,56.2,0,3,CRITICAL
563.2,0.507,24.2,76.0,68.4,14.9,100.0,32.1,3.78,37.5,43.1,54.3,0,3,CRITICAL
571.5,0.314,0.2,13.6,42.3,19.9,0.7,5.9,0.0,6.2,5.6,7.0,0,0,LOW
563.6,0.498,5.1,10.8,43.1,15.1,25.5,15.4,-0.22,15.0,15.2,14.7,0,1,MODERATE
553.2,0.74,4.3,31.0,39.8,16.2,18.5,12.8,-0.03,12.6,11.9,14.3,0,0,LOW
557.3,0.644,5.7,46.9,47.0,10.9,43.0,17.4,0.3,17.9,18.2,19.0,0,1,MODERATE
546.3,0.9,5.1,11.2,32.1,19.5,14.7,13.0,0.28,13.3,14.7,12.9,0,1,MODERATE
556.6,0.66,1.2,6.2,27.6,23.2,2.5,9.8,-0.35,8.9,8.3,6.6,0,0,LOW
550.0,0.814,11.1,39.1,56.9,17.1,64.6,26.5,0.25,26.6,28.0,28.6,0,2,HIGH
571.7,0.309,23.8,41.5,44.9,18.2,100.0,26.7,3.24,32.0,37.0,45.9,0,3,CRITICAL
545.3,0.923,16.8,44.0,49.3,11.9,100.0,34.6,4.55,41.4,48.9,62.0,0,3,CRITICAL
581.5,0.081,20.1,73.4,63.9,19.0,100.0,26.0,2.51,29.3,32.9,41.0,0,2,HIGH
560.5,0.57,1.5,36.2,42.4,23.6,4.7,9.0,-0.25,8.4,9.0,8.0,0,0,LOW
562.6,0.521,54.5,172.4,100.0,10.6,100.0,29.7,7.06,39.9,51.7,69.4,0,3,CRITICAL
559.3,0.598,32.8,81.7,76.9,13.0,100.0,32.9,5.04,40.4,49.0,60.9,0,3,CRITICAL
554.2,0.716,29.4,44.2,47.7,22.0,100.0,32.7,5.28,40.5,49.3,62.2,0,3,CRITICAL
550.7,0.798,31.2,58.3,56.3,17.7,100.0,35.1,5.21,42.9,50.4,64.1,0,3,CRITICAL
561.6,0.544,48.6,71.3,60.5,19.4,100.0,32.4,5.83,41.1,49.5,64.4,0,3,CRITICAL
580.2,0.112,14.1,54.9,64.3,20.3,78.2,21.5,2.64,25.4,28.4,36.7,0,2,HIGH
545.3,0.923,4.0,12.4,40.2,11.4,24.7,17.6,0.2,18.0,18.8,20.5,0,1,MODERATE
557.7,0.635,17.3,65.8,57.5,20.4,85.3,28.3,4.42,34.8,41.6,54.8,0,3,CRITICAL
572.1,0.3,24.4,101.9,79.3,17.1,100.0,26.9,3.87,32.5,37.8,47.9,0,3,CRITICAL
564.7,0.472,24.1,41.0,48.4,14.0,100.0,33.2,4.78,40.5,47.9,61.8,0,3,CRITICAL
566.7,0.426,13.3,20.4,31.6,21.6,34.1,17.1,0.06,17.0,17.3,18.5,0,1,MODERATE
546.2,0.902,1.3,10.4,33.0,15.5,4.8,11.5,0.21,11.5,11.6,12.1,0,0,LOW
572.5,0.291,8.3,27.0,42.8,23.1,26.9,8.2,0.26,9.0,8.2,10.7,0,0,LOW
553.3,0.737,45.6,105.6,85.6,12.2,100.0,36.6,6.01,46.1,54.2,69.9,0,3,CRITICAL
577.2,0.181,15.8,55.6,60.2,18.3,91.0,27.0,3.42,32.5,38.1,47.3,0,3,CRITICAL
566.3,0.435,13.9,45.1,59.4,18.1,79.8,25.5,2.86,29.7,34.0,40.4,0,2,HIGH
568.0,0.395,5.6,40.7,59.7,21.6,27.1,11.0,0.17,10.8,10.6,11.4,0,0,LOW
557.6,0.637,8.3,24.3,39.7,21.5,26.8,13.5,0.2,13.4,14.3,16.4,0,1,MODERATE
558.2,0.623,40.6,91.6,77.8,22.2,100.0,34.8,5.37,42.7,51.3,66.4,0,3,CRITICAL
581.9,0.072,19.8,84.4,81.8,15.0,100.0,25.1,3.53,30.4,36.0,46.8,0,3,CRITICAL
584.6,0.009,27.9,72.4,61.4,12.7,100.0,23.2,3.56,28.7,33.7,44.4,0,2,HIGH
573.0,0.279,10.9,44.2,58.5,16.2,68.9,23.1,0.4,24.0,24.6,26.5,0,2,HIGH
577.2,0.181,17.9,45.8,53.2,23.0,72.5,22.7,-0.03,22.8,23.5,21.5,0,2,HIGH
578.1,0.16,5.1,13.6,32.4,18.6,15.5,8.7,-0.26,8.3,7.0,6.1,0,0,LOW
547.8,0.865,22.0,77.4,69.2,15.2,100.0,38.4,5.43,46.7,54.6,71.1,0,3,CRITICAL
578.6,0.149,10.0,27.9,47.4,17.0,48.8,16.2,0.1,16.7,15.7,17.0,0,1,MODERATE
560.4,0.572,10.5,53.0,64.7,14.6,81.4,25.4,3.51,30.4,35.6,46.1,0,3,CRITICAL
558.8,0.609,18.9,74.3,77.0,22.3,100.0,31.2,4.07,37.6,44.1,56.5,0,3,CRITICAL
557.8,0.633,49.6,115.7,94.5,24.0,100.0,34.6,7.25,45.7,56.9,77.0,0,3,CRITICAL
557.1,0.649,1.2,15.8,36.4,21.2,3.6,12.0,0.06,12.0,12.1,11.9,0,0,LOW
547.2,0.879,31.3,48.6,58.8,13.9,100.0,36.2,6.67,46.2,56.4,74.4,0,3,CRITICAL
584.4,0.014,6.2,43.3,60.6,19.8,33.2,8.3,0.05,8.2,8.7,8.9,0,0,LOW
574.3,0.249,10.6,21.5,31.5,11.2,52.2,15.2,0.23,15.9,15.7,16.8,0,1,MODERATE
548.4,0.851,0.4,5.5,24.5,16.3,1.1,12.0,-0.28,11.4,11.5,9.3,0,0,LOW
545.3,0.923,6.4,34.6,41.6,14.8,31.5,19.3,-0.19,19.3,19.2,18.1,0,1,MODERATE
552.0,0.767,12.6,35.0,46.0,12.6,80.5,28.1,4.44,35.0,42.3,53.0,0,3,CRITICAL
563.7,0.495,1.0,23.7,39.9,22.8,3.1,8.3,-0.21,7.9,7.6,7.3,0,0,LOW
549.1,0.835,12.2,40.3,41.8,19.7,45.3,22.4,0.05,22.9,23.1,22.9,0,2,HIGH
553.9,0.723,47.1,144.6,99.8,21.4,100.0,35.6,6.55,45.9,55.6,73.6,0,3,CRITICAL
562.7,0.519,2.0,8.3,30.2,11.1,9.5,7.4,-0.18,6.9,6.5,5.8,0,0,LOW
563.6,0.498,26.0,62.9,58.1,15.3,100.0,34.1,4.04,40.6,45.5,58.0,0,3,CRITICAL
564.2,0.484,9.5,30.1,46.9,22.8,34.2,15.1,0.0,15.0,15.9,14.2,0,1,MODERATE
550.6,0.8,19.2,47.6,61.6,21.9,94.5,37.1,5.25,45.0,52.5,67.2,0,3,CRITICAL
574.6,0.242,5.4,45.4,55.6,14.1,37.3,15.0,-0.26,14.8,13.3,12.2,0,1,MODERATE
562.9,0.514,3.1,26.4,45.6,15.2,16.3,13.3,-0.25,13.3,11.6,13.1,0,0,LOW
576.4,0.2,3.1,41.3,52.9,19.2,14.9,9.8,0.05,9.6,9.3,11.3,0,0,LOW
569.0,0.372,1.3,20.0,49.1,13.2,8.5,6.4,-0.07,6.4,5.4,5.4,0,0,LOW
563.5,0.5,3.7,21.5,38.1,10.8,22.8,10.3,0.26,10.6,11.8,13.2,0,0,LOW
548.9,0.84,19.6,62.7,58.0,14.9,100.0,35.6,4.41,42.6,49.8,62.4,0,3,CRITICAL
556.7,0.658,38.4,77.1,72.7,12.5,100.0,34.9,6.07,43.5,53.8,68.6,0,3,CRITICAL
561.1,0.556,30.3,77.8,66.6,23.7,100.0,35.2,5.52,43.9,52.4,66.3,0,3,CRITICAL
571.5,0.314,20.8,51.0,46.5,21.9,77.3,26.7,3.74,32.8,37.0,48.7,0,3,CRITICAL
575.3,0.226,2.1,10.5,27.9,13.9,7.4,7.1,-0.31,6.3,7.0,4.1,0,0,LOW
569.2,0.367,6.1,28.1,41.7,10.6,42.0,16.6,-0.02,16.7,15.7,17.3,0,1,MODERATE
581.0,0.093,6.7,18.6,42.8,16.5,30.4,8.9,0.22,8.9,9.2,11.8,0,0,LOW
576.4,0.2,5.2,43.0,55.4,23.2,21.7,9.1,-0.03,9.2,9.3,9.7,0,0,LOW
565.6,0.451,13.0,55.5,51.3,22.0,53.0,20.2,-0.04,20.5,20.8,20.5,0,1,MODERATE
546.4,0.898,13.8,45.6,61.0,14.1,100.0,34.4,4.01,39.9,45.6,58.8,0,3,CRITICAL
583.3,0.04,7.9,34.1,48.6,12.8,52.5,12.3,0.27,12.6,12.4,15.3,0,0,LOW
577.6,0.172,7.9,21.1,39.6,23.4,23.4,6.8,0.13,7.0,6.8,6.9,0,0,LOW
568.6,0.381,31.7,102.0,78.8,15.5,100.0,29.4,4.1,35.6,41.6,54.8,0,3,CRITICAL
567.8,0.4,28.0,60.1,67.8,14.9,100.0,31.4,3.89,37.2,44.0,54.7,0,3,CRITICAL
566.8,0.423,6.6,57.1,52.4,12.2,49.6,16.2,0.12,16.8,15.8,15.3,0,1,MODERATE
555.5,0.686,44.1,66.7,61.4,23.2,100.0,35.8,7.07,46.1,56.4,75.9,0,3,CRITICAL
572.8,0.284,55.0,72.1,73.7,23.2,100.0,31.9,6.2,41.6,50.5,66.4,0,3,CRITICAL
552.4,0.758,7.1,17.8,31.7,13.7,28.7,19.3,0.2,19.4,19.4,20.2,0,1,MODERATE
576.4,0.2,7.9,38.7,39.9,21.6,25.5,10.5,0.2,11.0,11.4,12.2,0,0,LOW
567.4,0.409,12.7,51.7,64.0,16.4,86.7,27.0,3.24,31.4,36.8,47.1,0,3,CRITICAL
579.2,0.135,51.0,106.3,73.9,19.8,100.0,25.7,5.36,33.9,40.8,58.0,0,3,CRITICAL
572.1,0.3,37.6,113.0,78.0,20.3,100.0,31.5,5.39,39.8,47.7,64.3,0,3,CRITICAL
554.2,0.716,1.9,42.7,48.2,12.7,12.6,11.8,0.17,12.0,12.9,14.5,0,0,LOW
567.5,0.407,9.0,20.9,50.4,16.5,48.1,19.3,0.23,19.9,20.2,20.0,0,1,MODERATE
550.0,0.814,14.5,34.4,48.2,21.9,55.8,24.8,0.0,24.7,24.2,25.4,0,2,HIGH
549.2,0.833,12.6,53.9,55.5,10.3,100.0,38.3,4.7,44.9,51.8,66.9,0,3,CRITICAL
557.1,0.649,3.9,41.3,45.3,17.8,17.4,13.7,0.03,13.3,13.0,13.6,0,1,MODERATE
566.9,0.421,35.2,56.0,51.8,13.7,100.0,32.3,5.45,40.3,49.3,65.7,0,3,CRITICAL
584.9,0.002,20.3,43.6,41.9,18.4,80.9,23.8,3.48,29.1,34.6,44.4,0,2,HIGH
576.1,0.207,32.8,91.6,74.9,17.6,100.0,29.7,4.26,36.4,42.0,56.0,0,3,CRITICAL
576.9,0.188,35.2,107.9,86.2,22.3,100.0,28.6,4.9,35.7,42.6,58.5,0,3,CRITICAL
567.1,0.416,24.8,51.0,62.4,12.8,100.0,28.2,4.02,33.8,39.8,51.8,0,3,CRITICAL
551.0,0.791,10.4,28.3,49.1,23.9,37.4,17.4,0.17,17.7,17.6,19.0,0,1,MODERATE
584.0,0.023,17.0,59.5,57.8,15.3,100.0,26.9,3.33,31.7,36.0,44.6,0,3,CRITICAL
552.2,0.763,3.1,44.3,45.0,13.9,17.6,14.1,0.08,14.6,14.9,14.4,0,1,MODERATE
583.3,0.04,20.2,53.9,64.6,22.4,100.0,24.5,3.16,29.3,33.3,41.3,0,2,HIGH
544.7,0.937,3.6,29.9,47.4,20.9,14.3,17.3,-0.12,17.5,17.3,17.5,0,1,MODERATE
578.6,0.149,21.3,42.0,57.4,11.1,100.0,25.8,3.7,31.8,36.7,48.2,0,3,CRITICAL
563.4,0.502,4.7,14.6,33.4,22.6,12.2,8.3,0.29,8.3,8.2,10.1,0,0,LOW
559.3,0.598,2.3,8.5,32.9,21.5,6.2,11.4,-0.01,11.1,12.0,9.6,0,0,LOW
577.0,0.186,3.3,27.1,33.9,20.6,9.5,4.4,0.24,5.0,5.5,7.3,0,0,LOW
547.5,0.872,0.0,12.2,40.2,10.4,0.0,9.0,-0.37,8.5,8.8,5.3,0,0,LOW
569.3,0.365,22.8,62.4,67.1,12.9,100.0,31.9,3.66,37.5,42.8,54.6,0,3,CRITICAL
542.5,0.988,23.7,92.2,71.7,19.7,100.0,38.8,5.25,46.9,54.2,67.9,0,3,CRITICAL
543.9,0.956,13.0,57.9,65.0,14.4,100.0,36.8,4.03,43.0,48.1,58.8,0,3,CRITICAL
556.5,0.663,3.2,35.4,49.1,12.0,22.9,16.0,0.12,16.7,16.7,15.4,0,1,MODERATE
552.0,0.767,1.6,21.3,47.9,20.4,6.6,9.6,-0.32,9.0,9.2,8.5,0,0,LOW
576.4,0.2,0.3,31.0,54.3,18.3,1.6,5.1,0.15,5.6,5.5,5.9,0,0,LOW
560.8,0.563,3.3,8.5,34.3,17.0,11.7,8.1,0.14,8.4,7.7,10.6,0,0,LOW
551.6,0.777,39.9,102.5,74.5,14.2,100.0,35.2,5.69,43.6,52.4,67.6,0,3,CRITICAL
573.8,0.26,5.0,29.7,51.4,19.7,22.8,11.6,0.2,11.6,11.4,13.0,0,0,LOW
571.5,0.314,7.9,54.8,60.5,21.7,38.5,15.8,-0.22,15.6,15.7,14.0,0,1,MODERATE
562.8,0.516,2.0,16.7,32.2,18.5,6.1,10.3,-0.04,10.1,10.5,10.9,0,0,LOW
543.4,0.967,4.5,45.0,54.5,21.5,20.0,18.1,-0.04,18.2,17.6,16.2,0,1,MODERATE
559.7,0.588,13.2,60.6,68.2,10.1,100.0,35.9,4.14,42.6,47.5,59.4,0,3,CRITICAL
561.7,0.542,16.8,45.2,56.3,15.2,100.0,33.6,3.72,39.0,44.2,54.5,0,3,CRITICAL
554.1,0.719,5.1,13.8,42.1,23.8,15.8,14.8,0.11,14.9,15.5,15.5,0,1,MODERATE
564.6,0.474,1.1,26.5,50.8,19.7,5.0,10.3,-0.3,10.3,8.6,10.1,0,0,LOW
573.8,0.26,8.9,22.8,44.7,23.9,29.1,8.5,0.23,8.7,9.7,8.3,0,0,LOW
547.4,0.874,4.8,23.2,45.4,15.5,24.6,17.6,0.11,18.2,17.5,19.8,0,1,MODERATE
543.0,0.977,4.5,22.8,40.0,17.3,18.2,17.4,-0.16,16.9,17.8,15.1,0,1,MODERATE
554.6,0.707,57.9,184.2,100.0,13.9,100.0,34.8,7.6,45.8,56.6,77.5,0,3,CRITICAL
561.9,0.537,17.2,51.3,48.8,16.9,86.9,26.5,3.65,31.8,38.0,46.0,0,3,CRITICAL
552.5,0.756,14.7,39.9,48.4,18.0,69.2,30.3,0.42,31.1,31.1,33.9,0,2,HIGH
571.2,0.321,9.7,48.9,45.6,22.0,35.2,12.0,0.38,12.9,13.0,14.5,0,1,MODERATE
573.8,0.26,10.1,50.1,50.3,22.6,39.3,11.9,0.08,11.8,12.2,10.9,0,0,LOW
582.2,0.065,14.0,24.8,40.9,24.7,40.6,10.4,0.03,10.8,11.3,11.3,0,0,LOW
577.1,0.184,21.5,60.6,53.6,15.5,100.0,25.7,3.9,31.1,36.9,47.4,0,3,CRITICAL
574.6,0.242,21.8,64.8,55.5,23.3,90.9,28.5,3.55,33.4,39.8,50.8,0,3,CRITICAL
571.6,0.312,3.4,10.7,27.2,19.7,8.2,4.7,-0.26,4.6,3.4,3.7,0,0,LOW
546.9,0.886,12.5,67.8,66.7,10.4,100.0,33.7,3.87,39.7,45.6,55.1,0,3,CRITICAL
575.7,0.216,9.6,22.2,32.6,20.1,27.2,9.0,0.18,9.2,10.4,10.6,0,0,LOW
582.7,0.053,36.8,102.8,75.4,14.0,100.0,24.5,4.74,31.2,39.4,50.6,0,3,CRITICAL
571.5,0.314,18.0,65.7,67.2,14.7,100.0,31.2,3.34,36.4,41.3,51.8,0,3,CRITICAL
556.2,0.67,13.7,51.6,65.7,14.8,100.0,36.9,3.87,42.3,48.8,58.9,0,3,CRITICAL
565.0,0.465,2.2,28.1,50.4,19.9,9.8,11.8,-0.25,11.1,10.4,10.5,0,0,LOW
567.5,0.407,16.7,62.5,65.1,24.2,78.6,27.0,3.8,33.1,37.7,49.1,0,3,CRITICAL
556.5,0.663,2.2,25.7,33.8,17.5,7.4,11.8,-0.3,11.5,11.7,11.2,0,0,LOW
576.8,0.191,7.4,44.7,58.8,23.7,32.1,10.5,-0.08,10.6,10.2,10.0,0,0,LOW
554.3,0.714,2.8,30.1,40.3,18.8,10.5,9.4,-0.09,9.6,8.2,7.1,0,0,LOW
566.4,0.433,21.2,92.0,73.8,18.2,100.0,28.9,4.39,35.4,42.7,55.5,0,3,CRITICAL
563.4,0.502,4.2,40.4,56.5,18.4,22.6,15.1,0.2,15.6,15.5,16.6,0,1,MODERATE
548.0,0.86,9.0,45.0,43.0,12.4,54.6,24.1,0.27,24.4,24.3,25.4,0,2,HIGH
546.0,0.907,40.7,100.1,89.9,22.8,100.0,38.8,6.24,48.3,57.0,73.3,0,3,CRITICAL
566.2,0.437,4.1,13.0,39.9,23.4,12.2,6.9,-0.03,6.6,7.2,7.7,0,0,LOW
551.4,0.781,12.8,48.9,49.1,20.2,54.4,25.1,0.21,25.2,26.0,26.3,0,2,HIGH
564.8,0.47,9.8,64.1,61.2,18.6,56.4,18.7,0.35,19.2,20.3,20.7,0,1,MODERATE
581.1,0.091,0.3,29.7,41.6,22.0,1.0,3.0,0.06,2.9,3.4,4.6,0,0,LOW
573.5,0.267,28.3,80.6,74.8,20.9,100.0,29.2,4.74,36.5,44.1,57.8,0,3,CRITICAL
560.9,0.56,1.3,10.9,42.5,24.0,4.0,7.4,-0.36,6.6,7.2,4.9,0,0,LOW
570.6,0.335,11.6,31.8,45.1,23.8,38.5,13.3,-0.15,13.2,13.8,11.6,0,1,MODERATE
581.7,0.077,14.8,40.4,41.8,18.3,59.2,15.1,-0.06,14.6,14.0,13.0,0,1,MODERATE
547.8,0.865,17.8,51.4,60.1,12.4,100.0,36.2,5.06,44.0,51.1,65.0,0,3,CRITICAL
576.1,0.207,21.0,95.6,86.7,16.6,100.0,31.1,3.33,36.1,40.6,49.4,0,3,CRITICAL
551.0,0.791,5.3,21.0,45.5,22.3,18.9,18.2,-0.02,18.4,17.4,17.9,0,1,MODERATE
583.4,0.037,0.2,31.2,47.2,11.2,1.5,4.6,-0.32,3.6,3.4,2.7,0,0,LOW
574.5,0.244,23.1,38.0,51.6,13.8,100.0,31.9,3.74,38.0,43.3,54.6,0,3,CRITICAL
583.8,0.028,13.8,50.7,62.8,11.0,100.0,28.8,2.39,32.0,35.0,41.5,0,3,CRITICAL
566.1,0.44,32.6,70.9,64.5,10.5,100.0,33.1,5.69,41.2,50.4,67.3,0,3,CRITICAL
562.1,0.533,31.0,115.5,79.9,12.0,100.0,32.2,4.6,39.5,46.9,59.8,0,3,CRITICAL
564.2,0.484,33.4,82.0,64.2,20.4,100.0,32.8,5.88,41.7,51.1,67.6,0,3,CRITICAL
564.6,0.474,11.9,50.8,45.4,10.9,86.7,26.3,2.68,30.5,34.3,43.2,0,2,HIGH
582.6,0.056,7.3,33.5,51.8,14.2,46.6,11.4,0.1,11.7,11.3,11.7,0,0,LOW
543.6,0.963,28.2,47.4,50.3,19.3,100.0,39.2,6.1,48.6,58.4,73.2,0,3,CRITICAL
557.5,0.64,10.8,27.8,37.2,10.2,68.9,28.5,0.13,28.3,28.8,27.5,0,2,HIGH
568.0,0.395,3.6,28.3,34.4,24.3,8.9,9.4,-0.25,8.7,7.7,7.7,0,0,LOW
568.9,0.374,34.8,91.3,76.0,21.7,100.0,29.4,5.24,37.1,46.1,60.1,0,3,CRITICAL
566.7,0.426,38.6,65.7,58.8,22.4,100.0,30.7,6.0,39.6,48.9,66.1,0,3,CRITICAL
547.5,0.872,11.3,33.9,43.7,18.1,47.7,21.1,0.29,21.2,21.6,24.5,0,1,MODERATE
551.7,0.774,1.4,33.5,43.2,10.7,9.9,15.5,-0.22,15.1,14.1,15.6,0,1,MODERATE
553.2,0.74,8.8,25.1,49.9,22.9,33.6,20.7,-0.16,20.7,21.1,20.5,0,1,MODERATE
580.1,0.114,29.3,95.0,76.3,23.4,100.0,27.7,4.44,34.3,41.0,54.7,0,3,CRITICAL
582.2,0.065,41.8,148.1,100.0,16.7,100.0,27.5,5.44,35.2,43.6,60.2,0,3,CRITICAL
560.8,0.563,4.1,48.3,49.9,11.4,31.4,15.3,-0.18,15.1,14.8,15.7,0,1,MODERATE
551.3,0.784,1.2,5.2,25.8,18.6,2.9,13.4,-0.31,13.2,12.2,12.2,0,0,LOW
564.4,0.479,37.8,90.0,84.6,24.8,100.0,31.4,4.74,38.5,45.2,58.8,0,3,CRITICAL
567.3,0.412,8.9,18.9,39.6,16.7,36.9,14.5,0.13,15.2,15.7,16.7,0,1,MODERATE
548.0,0.86,14.0,56.8,63.9,24.4,64.2,28.4,0.45,28.7,30.7,32.7,0,2,HIGH
575.4,0.223,62.0,100.7,88.2,24.9,100.0,31.6,6.25,40.7,49.4,68.9,0,3,CRITICAL
561.7,0.542,1.2,25.5,48.5,11.7,8.7,8.1,0.05,7.9,8.8,8.0,0,0,LOW
542.3,0.993,18.8,67.8,53.9,23.1,76.8,34.6,5.7,42.9,52.0,66.0,0,3,CRITICAL
583.0,0.047,1.4,37.8,44.3,22.3,4.9,5.6,0.12,5.7,6.3,4.9,0,0,LOW
564.2,0.484,8.5,53.5,52.1,23.4,33.1,15.7,0.29,16.5,17.2,18.5,0,1,MODERATE
543.2,0.972,29.3,60.3,51.0,17.5,100.0,40.3,5.42,48.2,56.0,73.1,0,3,CRITICAL
543.3,0.97,10.2,24.2,43.9,20.9,37.5,23.0,0.4,24.0,23.8,24.9,0,2,HIGH
560.8,0.563,105.7,264.0,100.0,15.7,100.0,32.8,11.42,49.9,67.8,100.5,0,3,CRITICAL
580.4,0.107,14.7,66.3,69.8,21.1,85.1,22.1,2.51,25.9,29.5,36.7,0,2,HIGH
554.5,0.709,7.0,34.4,38.5,12.6,37.4,18.9,0.27,19.4,19.2,21.3,0,1,MODERATE
568.0,0.395,4.5,15.9,32.1,13.9,18.2,10.7,-0.26,10.0,9.3,8.2,0,0,LOW
579.4,0.13,7.8,40.7,57.2,23.8,32.8,8.5,0.09,8.2,8.7,10.2,0,0,LOW
551.1,0.788,8.4,49.6,44.9,20.8,31.7,21.1,-0.08,21.3,20.7,22.2,0,1,MODERATE
562.8,0.516,1.3,35.4,43.0,21.0,4.7,8.2,0.04,8.2,7.9,8.1,0,0,LOW
567.3,0.412,8.3,16.4,30.2,20.3,21.6,12.8,-0.01,12.9,12.8,13.8,0,0,LOW
570.7,0.333,11.2,54.1,65.7,22.2,58.0,20.8,0.05,21.2,20.9,20.7,0,1,MODERATE
566.2,0.437,23.1,52.4,60.9,15.1,100.0,32.1,4.32,38.4,45.8,58.7,0,3,CRITICAL
545.0,0.93,19.2,45.7,55.3,17.8,100.0,37.3,5.25,45.2,54.0,67.6,0,3,CRITICAL
554.9,0.7,22.2,43.1,50.2,20.3,96.1,33.7,5.06,41.2,49.1,63.4,0,3,CRITICAL
565.1,0.463,0.2,9.8,35.4,21.8,0.6,5.4,-0.36,5.2,3.6,3.0,0,0,LOW
583.3,0.04,4.4,8.2,27.3,23.0,9.1,3.0,-0.28,2.2,2.6,3.2,0,0,LOW
577.3,0.179,19.5,63.7,69.8,11.6,100.0,25.8,3.81,31.3,36.3,47.4,0,3,CRITICAL
563.6,0.498,11.9,41.4,47.1,12.0,81.7,26.1,2.93,30.4,34.6,42.3,0,2,HIGH
559.7,0.588,0.1,10.3,34.2,24.3,0.2,6.4,-0.35,5.8,5.5,4.5,0,0,LOW
570.0,0.349,29.4,93.8,80.0,14.9,100.0,33.0,5.16,41.2,48.3,64.3,0,3,CRITICAL
570.3,0.342,26.7,74.4,71.4,18.6,100.0,31.4,4.61,38.3,44.7,58.0,0,3,CRITICAL
565.0,0.465,14.3,58.2,56.8,10.7,100.0,29.3,3.73,35.0,39.7,52.1,0,3,CRITICAL
573.6,0.265,1.2,36.1,56.7,14.6,8.2,6.1,0.05,5.8,5.6,7.5,0,0,LOW
571.4,0.316,26.2,59.4,60.2,15.4,100.0,27.5,4.84,34.7,41.9,55.8,0,3,CRITICAL
578.1,0.16,15.8,43.3,57.9,10.1,100.0,28.9,3.56,34.6,40.2,49.9,0,3,CRITICAL
544.5,0.942,27.4,92.2,83.2,21.1,100.0,39.5,6.3,48.6,59.3,75.9,0,3,CRITICAL
546.3,0.9,25.1,66.3,69.2,19.6,100.0,37.2,5.71,46.2,54.8,69.9,0,3,CRITICAL
577.5,0.174,29.2,102.1,79.4,12.7,100.0,25.3,3.86,31.0,36.3,48.7,0,3,CRITICAL
567.9,0.398,13.1,50.5,55.7,14.3,89.3,29.5,3.12,34.0,39.2,46.1,0,3,CRITICAL
553.9,0.723,2.7,30.0,41.3,24.2,8.1,12.3,-0.03,12.0,12.6,13.5,0,0,LOW
544.6,0.94,20.0,73.5,60.5,24.2,87.5,31.4,4.87,38.2,46.9,60.0,0,3,CRITICAL
573.7,0.263,17.4,35.1,38.6,18.8,62.5,22.4,0.29,23.1,22.3,23.2,0,2,HIGH
542.2,0.995,24.4,73.6,57.3,19.3,100.0,37.8,5.08,45.5,52.5,66.6,0,3,CRITICAL
571.6,0.312,3.4,14.4,44.6,17.1,15.5,9.5,-0.04,9.3,8.9,8.9,0,0,LOW
560.8,0.563,3.9,26.5,37.8,14.8,17.4,12.4,-0.26,12.0,10.8,12.4,0,0,LOW
559.5,0.593,39.8,90.1,70.0,13.3,100.0,34.7,6.28,43.7,53.1,71.0,0,3,CRITICAL
544.2,0.949,25.0,38.3,40.3,19.6,90.0,33.1,5.25,41.3,49.1,63.8,0,3,CRITICAL
560.8,0.563,43.0,118.3,89.9,19.2,100.0,35.1,6.1,44.6,54.0,70.4,0,3,CRITICAL
551.3,0.784,25.6,89.6,81.4,19.0,100.0,36.0,4.57,42.8,48.9,62.9,0,3,CRITICAL
548.4,0.851,16.4,55.2,58.9,21.8,77.5,29.5,4.94,36.5,43.9,57.0,0,3,CRITICAL
576.0,0.209,19.1,63.3,55.4,12.7,100.0,30.5,3.61,36.3,41.8,50.8,0,3,CRITICAL
545.8,0.912,39.6,58.8,54.4,15.9,100.0,39.2,6.54,48.8,58.2,75.9,0,3,CRITICAL
575.5,0.221,15.6,55.6,49.7,12.2,100.0,29.8,3.77,35.7,41.4,51.5,0,3,CRITICAL
548.5,0.849,18.0,86.4,71.2,17.5,100.0,35.1,4.75,41.8,49.6,64.1,0,3,CRITICAL
581.6,0.079,3.1,21.1,40.2,10.8,20.2,9.5,-0.22,9.4,8.3,6.5,0,0,LOW
567.3,0.412,11.6,57.2,52.8,24.6,43.6,15.9,0.27,16.2,17.6,19.0,0,1,MODERATE
580.0,0.116,22.7,52.3,54.4,17.2,100.0,27.7,3.07,32.3,36.0,44.7,0,3,CRITICAL
576.5,0.198,5.7,21.5,45.0,22.3,20.1,7.5,0.19,8.0,7.9,9.9,0,0,LOW
554.3,0.714,4.1,12.9,32.4,16.2,14.3,11.3,-0.25,10.7,10.0,11.6,0,0,LOW
574.5,0.244,6.8,37.6,41.0,20.9,23.3,12.7,-0.03,12.8,12.3,13.7,0,0,LOW
557.5,0.64,5.0,23.7,40.1,10.6,33.1,19.5,0.25,20.3,19.7,19.9,0,1,MODERATE
574.0,0.256,4.4,29.1,42.5,14.1,23.2,8.4,-0.23,7.6,7.0,8.8,0,0,LOW
547.5,0.872,10.0,24.1,39.1,23.8,28.7,19.4,0.3,19.5,20.6,20.2,0,1,MODERATE
559.0,0.605,42.9,57.4,51.6,16.4,100.0,31.5,5.72,40.4,47.8,63.2,0,3,CRITICAL
576.0,0.209,12.7,42.0,43.9,10.2,95.7,29.1,2.58,33.2,36.5,45.8,0,3,CRITICAL
550.2,0.809,3.7,29.6,42.2,11.3,24.2,19.7,0.07,20.2,20.0,21.5,0,1,MODERATE
566.0,0.442,1.4,33.9,50.5,20.0,6.2,9.7,-0.25,8.9,9.0,8.4,0,0,LOW
551.1,0.788,21.4,71.6,65.8,16.9,100.0,36.2,4.26,43.1,49.0,60.2,0,3,CRITICAL
559.2,0.6,8.7,39.2,45.8,18.4,37.9,17.3,0.18,17.1,18.8,18.8,0,1,MODERATE
551.0,0.791,31.1,64.0,65.6,15.3,100.0,36.9,5.76,45.4,53.5,71.3,0,3,CRITICAL
560.4,0.572,19.4,72.7,63.9,18.5,100.0,35.0,3.8,41.1,45.7,56.9,0,3,CRITICAL
577.0,0.186,28.6,81.9,67.0,22.4,100.0,27.7,4.06,34.0,40.3,51.2,0,3,CRITICAL
544.4,0.944,5.7,31.8,39.7,20.1,19.7,15.7,0.1,16.2,17.0,16.0,0,1,MODERATE
546.5,0.895,21.2,74.9,63.4,20.9,100.0,36.1,5.25,44.5,52.6,66.2,0,3,CRITICAL
563.6,0.498,5.5,41.7,55.8,20.4,26.3,16.3,0.28,16.8,16.5,19.6,0,1,MODERATE
568.0,0.395,50.4,175.5,100.0,20.2,100.0,32.5,6.5,42.7,51.7,70.3,0,3,CRITICAL
560.4,0.572,18.2,59.1,51.3,20.0,81.7,26.9,4.66,34.4,40.3,54.5,0,3,CRITICAL
579.4,0.13,7.1,36.5,40.7,18.7,27.0,7.5,0.02,7.6,8.2,8.1,0,0,LOW
576.0,0.209,5.7,47.3,55.7,21.8,25.5,10.7,0.08,11.1,10.1,11.8,0,0,LOW
548.8,0.842,3.8,11.3,33.4,11.4,19.5,17.6,-0.22,16.8,16.2,16.6,0,1,MODERATE
557.6,0.637,21.4,70.2,59.9,22.4,100.0,34.5,4.83,41.9,48.6,60.7,0,3,CRITICAL
565.8,0.447,4.4,25.2,36.3,11.8,23.7,12.9,-0.06,12.5,13.4,11.4,0,1,MODERATE
557.0,0.651,16.3,54.0,51.9,19.9,74.4,27.2,0.31,27.6,28.3,29.7,0,2,HIGH
542.3,0.993,5.5,10.9,37.1,25.0,14.3,18.0,0.28,18.3,18.5,21.3,0,1,MODERATE
551.1,0.788,19.5,84.6,79.3,17.9,100.0,34.0,4.36,40.9,47.9,59.2,0,3,CRITICAL
558.0,0.628,30.4,51.4,55.6,16.5,100.0,31.2,5.2,39.1,47.6,62.0,0,3,CRITICAL
561.4,0.549,27.1,43.9,61.3,23.6,100.0,34.6,4.12,40.9,47.3,59.3,0,3,CRITICAL
564.3,0.481,25.8,88.3,78.7,14.2,100.0,33.1,4.73,39.9,46.7,59.1,0,3,CRITICAL
570.6,0.335,3.7,19.5,41.8,20.7,13.1,6.4,0.09,6.6,5.9,7.8,0,0,LOW
557.1,0.649,1.7,19.4,36.9,19.8,5.5,7.4,-0.27,6.7,5.8,5.7,0,0,LOW
556.9,0.653,21.6,57.1,66.7,13.2,100.0,36.2,4.6,42.6,50.5,61.4,0,3,CRITICAL
561.2,0.553,8.3,43.6,61.5,17.0,52.5,22.7,0.09,23.1,23.9,21.4,0,2,HIGH
555.8,0.679,10.2,38.0,56.5,21.3,47.3,20.6,-0.06,20.0,19.8,20.7,0,1,MODERATE
554.9,0.7,0.6,33.5,55.6,13.1,4.5,12.7,-0.22,12.5,11.8,10.3,0,0,LOW
568.2,0.391,5.4,11.9,39.2,10.4,35.6,13.5,-0.1,13.4,13.2,11.7,0,1,MODERATE
554.5,0.709,0.6,19.5,34.4,17.4,2.1,8.5,-0.12,8.3,8.6,8.0,0,0,LOW
573.2,0.274,38.0,132.2,94.0,19.9,100.0,31.3,4.74,38.4,45.2,59.6,0,3,CRITICAL
542.3,0.993,5.0,16.5,31.6,19.6,14.1,19.3,-0.15,19.3,18.9,18.7,0,1,MODERATE
547.1,0.881,14.7,70.2,57.7,15.4,96.4,33.2,4.12,39.7,45.1,56.8,0,3,CRITICAL
550.4,0.805,0.7,2.5,39.0,18.9,2.5,10.5,-0.28,9.6,9.3,7.3,0,0,LOW
562.2,0.53,19.8,57.3,67.7,22.0,100.0,33.7,4.1,40.0,45.5,56.9,0,3,CRITICAL
576.9,0.188,7.0,30.8,45.6,16.1,34.7,10.1,0.13,10.0,11.4,11.9,0,0,LOW
577.7,0.17,41.1,105.2,73.1,19.5,100.0,28.3,4.33,34.5,42.3,53.5,0,3,CRITICAL
566.8,0.423,39.4,108.9,89.5,22.7,100.0,33.0,5.21,40.7,49.2,62.9,0,3,CRITICAL
560.9,0.56,7.1,42.1,47.8,14.0,42.4,17.7,-0.24,17.3,17.1,17.4,0,1,MODERATE
561.3,0.551,41.6,73.3,74.6,23.1,100.0,32.4,6.4,41.6,50.9,68.5,0,3,CRITICAL
542.2,0.995,100.1,246.9,100.0,16.8,100.0,40.2,11.66,57.8,74.8,106.7,0,3,CRITICAL
548.4,0.851,31.4,82.8,73.2,20.3,100.0,36.4,5.93,45.4,54.8,70.3,0,3,CRITICAL
563.6,0.498,33.5,67.9,57.4,19.1,100.0,34.7,4.75,42.0,49.4,63.7,0,3,CRITICAL
569.0,0.372,5.2,43.6,42.4,22.2,17.4,8.3,0.01,8.5,7.7,8.7,0,0,LOW
564.7,0.472,15.5,49.0,50.2,12.0,100.0,31.4,3.8,36.8,43.2,53.1,0,3,CRITICAL
571.1,0.323,1.3,11.4,27.2,21.0,2.9,5.1,-0.1,4.6,5.7,4.4,0,0,LOW
556.3,0.667,1.8,14.0,31.7,14.7,6.8,7.7,-0.13,7.2,8.0,6.6,0,0,LOW
550.4,0.805,122.5,202.3,100.0,23.2,100.0,33.2,12.91,52.3,72.7,109.8,0,3,CRITICAL
549.6,0.823,7.1,26.9,36.9,23.0,19.9,16.2,-0.15,15.7,15.5,13.6,0,1,MODERATE
553.9,0.723,24.8,76.2,60.4,23.6,100.0,35.6,4.75,42.5,49.4,61.9,0,3,CRITICAL
545.3,0.923,29.6,68.3,65.7,14.4,100.0,37.5,5.89,46.1,55.7,70.2,0,3,CRITICAL
565.8,0.447,35.1,89.7,77.4,14.5,100.0,29.8,4.59,36.6,42.9,55.0,0,3,CRITICAL
584.1,0.021,108.8,231.7,100.0,12.6,100.0,24.8,9.84,39.2,54.5,81.9,0,3,CRITICAL
561.0,0.558,5.0,37.2,45.1,19.8,19.9,13.4,0.02,13.4,14.0,13.8,0,1,MODERATE
547.1,0.881,0.7,1.2,29.9,22.1,1.7,10.6,0.2,11.1,11.8,10.8,0,0,LOW
554.0,0.721,9.5,31.9,49.7,13.5,61.2,24.0,0.07,24.5,23.6,23.8,0,2,HIGH
550.5,0.802,2.5,32.3,38.0,13.8,12.0,16.5,0.19,16.5,17.0,18.1,0,1,MODERATE
577.5,0.174,0.4,7.4,27.8,10.7,1.8,5.5,-0.35,4.7,4.3,3.2,0,0,LOW
573.7,0.263,8.0,21.7,31.4,22.1,19.9,9.7,0.01,10.0,10.6,10.1,0,0,LOW
579.9,0.119,27.6,73.9,58.2,23.7,100.0,28.0,4.05,33.6,39.8,51.2,0,3,CRITICAL
578.5,0.151,15.0,27.7,45.5,11.5,100.0,30.2,2.56,33.7,38.9,43.5,0,3,CRITICAL
543.9,0.956,6.8,48.5,48.0,24.7,23.1,16.2,0.29,16.8,16.9,19.7,0,1,MODERATE
579.0,0.14,19.1,77.9,61.2,12.6,100.0,28.0,3.71,33.3,39.5,49.7,0,3,CRITICAL
548.1,0.858,4.8,24.5,40.2,15.7,21.5,17.3,0.08,17.9,17.6,16.9,0,1,MODERATE
543.4,0.967,0.3,3.1,23.2,22.6,0.5,10.6,-0.16,10.5,9.6,9.6,0,0,LOW
552.6,0.753,26.0,103.0,72.9,24.7,100.0,35.5,4.72,42.8,50.3,63.7,0,3,CRITICAL
572.5,0.291,17.6,56.3,54.6,17.1,98.3,28.7,3.98,35.1,41.0,52.2,0,3,CRITICAL
549.3,0.83,25.9,54.2,57.1,18.6,100.0,36.9,5.55,45.3,54.2,68.7,0,3,CRITICAL
560.7,0.565,0.7,30.2,37.1,15.5,2.9,6.8,-0.22,6.6,5.3,3.7,0,0,LOW
554.1,0.719,32.7,106.3,92.7,15.1,100.0,36.5,6.03,45.9,54.7,72.4,0,3,CRITICAL
569.2,0.367,17.4,76.7,66.9,10.2,100.0,31.1,3.13,35.6,40.4,50.8,0,3,CRITICAL
542.7,0.984,14.9,63.3,67.6,11.3,100.0,35.3,4.59,42.1,49.4,61.5,0,3,CRITICAL
578.1,0.16,17.6,33.3,37.1,21.8,52.4,18.2,0.16,18.2,18.7,20.9,0,1,MODERATE
568.1,0.393,36.0,72.9,61.3,12.4,100.0,29.4,4.73,36.8,44.1,58.4,0,3,CRITICAL
556.2,0.67,15.9,68.9,62.8,20.2,86.5,29.8,4.61,36.7,43.1,57.9,0,3,CRITICAL
552.8,0.749,15.7,71.2,62.7,23.8,72.4,26.0,-0.04,25.6,25.5,26.9,0,2,HIGH
565.7,0.449,84.2,158.5,100.0,19.6,100.0,28.9,9.1,42.4,55.5,80.4,0,3,CRITICAL
562.7,0.519,25.4,97.3,81.1,18.4,100.0,33.8,5.32,41.6,49.1,65.7,0,3,CRITICAL
559.1,0.602,10.5,51.8,64.9,18.5,64.5,21.7,-0.15,21.2,21.3,20.0,0,1,MODERATE
560.8,0.563,22.1,39.1,41.3,18.6,85.9,26.7,3.87,32.1,38.4,48.5,0,3,CRITICAL
580.2,0.112,8.9,41.6,47.6,20.6,36.0,9.5,0.34,10.4,10.3,10.6,0,0,LOW
548.9,0.84,4.7,10.6,27.9,16.5,13.9,12.6,-0.14,12.4,11.5,11.4,0,0,LOW
552.6,0.753,16.4,42.9,42.8,19.0,64.7,26.4,0.04,26.1,25.9,26.2,0,2,HIGH
557.0,0.651,47.4,135.8,100.0,20.4,100.0,31.1,6.07,40.7,48.4,64.8,0,3,CRITICAL
580.0,0.116,47.6,126.1,87.1,22.4,100.0,29.2,4.95,36.6,43.8,57.1,0,3,CRITICAL
564.8,0.47,7.5,29.4,50.8,16.4,40.7,17.8,0.16,18.2,19.1,17.2,0,1,MODERATE
562.3,0.528,13.5,30.1,38.2,23.6,38.2,14.1,0.01,14.0,14.6,15.0,0,1,MODERATE
559.8,0.586,4.3,42.9,50.5,22.8,16.7,11.3,0.26,11.6,11.8,12.1,0,0,LOW
568.6,0.381,97.8,136.5,100.0,11.7,100.0,29.6,10.57,45.2,61.0,91.8,0,3,CRITICAL
546.8,0.888,71.5,194.5,100.0,18.6,100.0,35.9,8.79,48.6,62.5,87.8,0,3,CRITICAL
550.3,0.807,18.9,56.3,65.7,13.1,100.0,36.8,5.5,44.9,53.6,68.0,0,3,CRITICAL
574.1,0.253,29.4,37.5,46.3,10.3,100.0,26.9,4.68,33.4,40.8,54.8,0,3,CRITICAL
555.8,0.679,22.6,93.1,72.5,22.2,100.0,34.0,4.24,40.8,47.5,58.3,0,3,CRITICAL
554.3,0.714,16.2,74.3,62.2,12.0,100.0,35.8,4.83,43.1,49.8,62.6,0,3,CRITICAL
554.1,0.719,1.0,15.0,37.1,12.5,5.2,8.9,-0.36,8.1,8.4,8.5,0,0,LOW
563.8,0.493,10.9,35.2,39.8,15.6,48.7,17.2,-0.02,17.7,17.3,18.5,0,1,MODERATE
567.4,0.409,20.2,81.7,79.9,14.5,100.0,31.5,4.57,38.2,45.7,58.5,0,3,CRITICAL
544.9,0.933,20.4,70.9,61.7,22.2,99.2,37.9,4.9,45.0,52.1,65.7,0,3,CRITICAL
552.2,0.763,8.4,19.1,31.0,15.6,29.2,16.3,-0.14,16.5,16.6,15.6,0,1,MODERATE
563.3,0.505,51.2,101.6,88.6,21.8,100.0,32.1,6.56,41.9,52.2,71.1,0,3,CRITICAL
547.4,0.874,3.3,22.6,50.1,21.2,13.6,15.6,0.12,15.7,15.2,16.8,0,1,MODERATE
556.8,0.656,12.5,21.0,40.6,10.4,85.4,32.0,3.6,37.0,42.8,53.6,0,3,CRITICAL
577.6,0.172,21.1,52.8,63.4,10.6,100.0,26.6,3.24,31.2,35.9,46.3,0,3,CRITICAL
567.3,0.412,21.5,57.6,50.6,23.3,81.7,25.5,3.73,30.8,36.4,47.7,0,3,CRITICAL
572.9,0.281,18.8,70.6,59.3,11.9,100.0,29.7,3.31,34.9,39.6,50.4,0,3,CRITICAL
583.3,0.04,5.8,30.2,52.8,17.8,30.1,9.0,-0.08,9.1,8.0,7.9,0,0,LOW
577.9,0.165,3.1,10.3,33.6,18.4,9.9,5.9,-0.16,5.2,4.9,6.5,0,0,LOW
552.3,0.76,18.2,54.7,54.2,23.2,74.4,27.6,0.38,27.8,29.6,28.8,0,2,HIGH
567.2,0.414,16.5,38.3,41.8,23.6,51.1,21.3,0.24,21.5,22.2,21.1,0,2,HIGH
547.5,0.872,3.6,35.4,46.3,18.5,15.8,17.5,0.21,17.9,18.6,20.1,0,1,MODERATE
566.9,0.421,22.0,66.9,64.9,22.4,100.0,31.8,4.8,39.2,45.4,59.4,0,3,CRITICAL
551.7,0.774,10.9,38.9,40.5,20.6,37.5,19.0,0.34,20.0,19.4,20.4,0,1,MODERATE
566.2,0.437,19.8,36.3,42.9,24.1,61.7,19.5,0.16,19.8,20.4,18.7,0,1,MODERATE
563.0,0.512,32.7,54.2,59.2,18.6,100.0,32.2,5.03,39.7,47.7,59.6,0,3,CRITICAL
564.5,0.477,3.3,16.5,36.0,16.3,12.8,7.8,-0.22,7.4,6.8,6.4,0,0,LOW
569.6,0.358,0.3,18.7,37.2,21.0,0.9,3.5,-0.03,3.3,2.5,4.4,0,0,LOW
579.8,0.121,27.2,97.5,73.1,21.2,100.0,27.3,3.01,32.1,35.9,44.8,0,3,CRITICAL
572.5,0.291,16.9,56.3,55.8,21.2,77.8,22.9,3.6,28.0,33.4,43.5,0,2,HIGH
547.0,0.884,21.6,73.8,57.2,13.6,100.0,39.5,4.44,46.5,53.5,65.9,0,3,CRITICAL
573.0,0.279,32.8,83.3,69.9,12.1,100.0,26.8,4.32,33.7,40.7,53.2,0,3,CRITICAL
572.5,0.291,29.2,76.6,68.4,11.2,100.0,29.4,4.47,36.4,42.2,54.9,0,3,CRITICAL
558.6,0.614,58.4,117.5,97.5,14.6,100.0,31.4,6.82,41.4,51.7,72.2,0,3,CRITICAL
567.0,0.419,13.8,23.1,35.6,20.3,42.4,17.3,0.31,17.9,18.4,20.9,0,1,MODERATE
543.3,0.97,12.1,33.3,43.6,20.3,45.5,25.0,-0.09,24.6,25.2,25.3,0,2,HIGH
547.4,0.874,9.3,59.5,56.4,16.8,54.6,22.7,0.16,22.5,23.8,24.6,0,2,HIGH
552.7,0.751,3.0,25.4,43.8,16.8,13.7,10.8,0.08,11.2,10.7,10.5,0,0,LOW
578.7,0.147,15.3,47.2,45.0,15.3,78.7,24.2,2.99,28.7,33.2,43.0,0,2,HIGH
581.1,0.091,5.8,18.3,31.6,18.8,17.1,6.0,-0.04,6.0,5.4,6.6,0,0,LOW
559.6,0.591,45.8,97.3,75.6,17.6,100.0,36.1,7.08,46.9,57.9,76.8,0,3,CRITICAL
578.1,0.16,15.8,61.8,65.1,18.5,97.3,29.1,3.5,34.8,39.7,49.6,0,3,CRITICAL
553.3,0.737,16.2,47.2,60.6,22.2,77.4,30.6,4.12,36.8,43.6,54.2,0,3,CRITICAL
559.0,0.605,7.9,28.1,44.9,22.7,27.3,14.1,-0.04,14.3,14.9,15.4,0,1,MODERATE
572.4,0.293,1.0,5.7,30.2,15.2,3.5,4.8,-0.11,4.3,5.4,4.4,0,0,LOW
570.0,0.349,0.6,32.0,55.2,21.4,2.7,7.4,-0.16,6.7,6.2,7.5,0,0,LOW
545.7,0.914,9.9,23.2,39.3,18.4,37.0,20.2,-0.06,19.6,20.1,20.0,0,1,MODERATE
584.8,0.005,1.6,3.1,24.3,23.5,2.9,4.2,0.19,4.7,4.9,5.5,0,0,LOW
582.6,0.056,16.8,54.7,58.9,16.4,100.0,28.8,2.63,32.5,36.0,42.3,0,3,CRITICAL
569.8,0.353,38.3,90.6,75.4,24.8,100.0,29.5,5.08,36.6,45.0,59.2,0,3,CRITICAL
572.0,0.302,38.6,94.2,73.6,22.1,100.0,31.7,5.61,40.2,48.5,62.6,0,3,CRITICAL
553.2,0.74,19.4,56.7,53.2,15.9,100.0,36.2,3.91,42.5,48.9,58.1,0,3,CRITICAL
560.3,0.574,4.3,30.2,50.0,13.6,27.7,15.8,0.14,16.0,16.2,16.7,0,1,MODERATE
544.5,0.942,35.8,60.7,52.2,24.5,100.0,39.1,6.35,49.0,57.4,75.1,0,3,CRITICAL
563.3,0.505,39.1,80.7,61.0,14.9,100.0,29.4,4.91,36.4,43.7,56.5,0,3,CRITICAL
555.6,0.684,3.9,40.3,40.4,10.4,26.5,18.3,0.08,18.9,19.4,18.6,0,1,MODERATE
564.3,0.481,24.1,75.4,66.5,21.4,100.0,30.2,4.1,36.3,42.0,53.6,0,3,CRITICAL
566.6,0.428,6.1,40.8,41.0,19.1,22.9,9.5,-0.21,9.2,9.8,7.8,0,0,LOW
544.9,0.933,29.2,49.6,64.0,15.3,100.0,34.9,6.16,44.3,53.7,71.4,0,3,CRITICAL
557.4,0.642,106.1,142.3,100.0,19.8,100.0,31.9,11.12,48.4,65.8,96.7,0,3,CRITICAL
549.1,0.835,0.5,3.6,25.4,18.5,1.2,12.0,0.05,12.2,12.6,11.3,0,0,LOW
575.2,0.228,41.0,87.1,72.5,16.3,100.0,28.5,5.63,36.5,45.7,62.3,0,3,CRITICAL
578.2,0.158,17.5,73.2,74.5,22.6,100.0,30.3,3.47,35.8,39.7,49.4,0,3,CRITICAL
568.3,0.388,65.3,202.1,100.0,14.3,100.0,31.7,7.67,42.7,53.9,75.1,0,3,CRITICAL
552.3,0.76,11.3,48.8,48.5,19.4,49.4,23.6,0.09,23.2,23.6,23.7,0,2,HIGH
563.9,0.491,33.8,106.9,80.4,14.6,100.0,29.4,4.92,36.5,44.8,56.5,0,3,CRITICAL
576.9,0.188,1.2,4.7,31.1,16.7,3.9,6.3,-0.08,6.3,7.0,6.9,0,0,LOW
577.0,0.186,7.4,39.8,55.2,23.1,30.9,8.3,-0.16,8.5,8.8,6.7,0,0,LOW
560.8,0.563,1.2,21.6,45.8,12.8,7.5,10.7,-0.37,10.1,9.3,8.5,0,0,LOW
562.7,0.519,66.6,169.0,100.0,19.0,100.0,33.2,7.39,44.1,55.9,75.9,0,3,CRITICAL
550.1,0.812,30.6,79.6,68.1,24.2,100.0,36.9,5.12,44.8,51.9,66.4,0,3,CRITICAL
574.9,0.235,34.5,89.8,84.4,14.5,100.0,30.7,5.08,38.4,46.9,59.5,0,3,CRITICAL
573.0,0.279,50.0,150.3,100.0,10.7,100.0,27.0,5.98,36.4,45.5,60.3,0,3,CRITICAL
546.8,0.888,1.6,22.9,36.4,13.5,7.5,15.7,-0.32,15.2,14.3,13.6,0,1,MODERATE
584.7,0.007,8.8,22.1,39.3,23.0,26.3,10.6,-0.22,10.4,9.3,10.2,0,0,LOW
584.7,0.007,1.3,12.3,34.8,20.5,3.9,3.0,-0.08,2.9,2.6,1.6,0,0,LOW
568.9,0.374,4.3,46.3,50.7,20.3,18.8,12.3,0.15,12.6,12.2,13.6,0,0,LOW
580.1,0.114,4.7,37.5,47.8,15.1,26.0,7.8,0.22,8.0,8.4,9.2,0,0,LOW
583.0,0.047,11.4,23.8,42.8,22.4,38.1,9.3,-0.07,9.0,9.4,10.2,0,0,LOW
548.2,0.856,5.6,11.9,36.5,20.1,17.8,17.4,0.14,17.8,18.6,17.8,0,1,MODERATE
582.2,0.065,1.9,15.2,36.0,22.1,5.4,5.8,0.24,6.3,5.6,7.9,0,0,LOW
556.8,0.656,3.3,28.0,49.1,21.3,13.3,13.4,-0.09,12.9,14.1,11.8,0,1,MODERATE
547.3,0.877,2.9,13.5,38.2,14.2,13.7,16.6,0.09,16.4,17.8,16.1,0,1,MODERATE
563.9,0.491,65.1,185.4,100.0,22.8,100.0,30.0,7.3,41.0,52.6,70.9,0,3,CRITICAL
563.6,0.498,25.6,56.7,49.6,18.1,100.0,30.0,4.6,36.9,44.6,55.7,0,3,CRITICAL
553.2,0.74,61.8,110.1,82.0,13.4,100.0,33.1,8.67,46.1,59.0,82.3,0,3,CRITICAL
570.7,0.333,10.4,27.3,53.3,18.7,51.9,19.5,0.38,19.9,19.8,22.9,0,1,MODERATE
563.7,0.495,5.9,40.0,41.8,12.2,35.4,17.2,-0.06,17.1,16.4,17.0,0,1,MODERATE
581.0,0.093,28.8,60.7,62.9,14.5,100.0,26.4,4.06,32.5,39.3,50.1,0,3,CRITICAL
551.1,0.788,7.1,49.1,55.4,12.7,54.2,24.6,0.13,24.6,24.9,26.7,0,2,HIGH
551.2,0.786,6.4,25.7,37.7,22.8,18.5,13.8,-0.25,13.4,13.5,14.0,0,1,MODERATE
548.5,0.849,4.8,21.1,34.7,23.4,12.5,13.2,-0.27,13.1,12.0,13.0,0,0,LOW
563.5,0.5,2.5,30.6,44.0,25.0,7.7,7.4,0.04,7.2,8.5,6.0,0,0,LOW
582.5,0.058,5.3,44.9,44.4,16.2,25.4,9.7,-0.04,10.1,10.5,9.6,0,0,LOW
557.6,0.637,7.9,16.4,43.2,18.0,33.2,15.9,0.13,16.5,17.2,15.4,0,1,MODERATE
580.5,0.105,20.2,66.2,55.2,10.0,100.0,26.1,3.02,30.2,35.6,44.6,0,3,CRITICAL
574.1,0.253,1.2,34.5,40.9,15.8,5.4,3.0,-0.12,2.3,1.8,1.4,0,0,LOW
570.4,0.34,4.3,39.7,52.3,23.6,16.7,10.6,0.22,10.6,10.9,10.3,0,0,LOW
543.0,0.977,29.8,74.0,67.9,14.8,100.0,37.5,6.72,47.9,57.0,75.0,0,3,CRITICAL
557.0,0.651,2.9,44.0,47.5,23.5,10.3,13.0,0.0,12.8,13.5,14.2,0,1,MODERATE
542.6,0.986,7.6,12.8,44.9,20.3,29.4,21.7,0.12,21.8,21.4,23.0,0,1,MODERATE
543.1,0.974,36.0,100.3,70.8,16.4,100.0,37.4,6.19,46.5,56.8,73.9,0,3,CRITICAL
575.4,0.223,3.0,9.2,33.7,21.4,8.3,4.9,0.1,4.6,5.3,6.6,0,0,LOW
565.8,0.447,1.6,32.5,47.8,12.3,10.9,11.0,-0.26,11.1,11.0,8.0,0,0,LOW
575.8,0.214,11.9,38.1,56.2,20.2,57.9,15.9,0.34,16.8,17.0,16.5,0,1,MODERATE
577.1,0.184,6.5,29.3,41.3,10.7,43.9,13.1,-0.24,13.0,13.4,10.4,0,1,MODERATE
574.2,0.251,14.9,41.5,52.8,13.6,100.0,27.5,3.77,33.4,38.5,50.2,0,3,CRITICAL
549.2,0.833,29.3,62.8,54.4,24.6,100.0,36.4,5.68,44.7,52.5,70.8,0,3,CRITICAL
582.8,0.051,2.7,41.0,50.1,15.9,14.9,3.9,0.01,4.0,3.2,4.8,0,0,LOW
574.6,0.242,15.6,37.9,43.4,10.4,100.0,28.4,2.73,32.1,36.7,44.8,0,3,CRITICAL
577.7,0.17,12.7,29.1,40.9,10.3,88.3,28.0,3.07,32.4,37.6,47.1,0,3,CRITICAL
570.4,0.34,2.8,6.0,29.3,18.4,7.8,9.5,-0.06,9.1,8.4,7.5,0,0,LOW
552.9,0.747,17.6,51.3,50.3,11.6,100.0,32.4,3.96,38.8,45.0,53.6,0,3,CRITICAL
550.6,0.8,5.8,25.1,46.1,17.6,26.6,15.9,0.28,16.2,17.1,17.5,0,1,MODERATE
550.9,0.793,12.0,31.2,43.2,15.7,57.8,22.0,-0.08,21.8,22.2,22.5,0,2,HIGH
578.6,0.149,1.5,14.2,30.1,18.4,4.3,4.1,-0.25,3.7,2.8,3.2,0,0,LOW
557.3,0.644,11.1,60.2,63.7,18.8,65.8,23.9,0.01,24.0,24.5,22.6,0,2,HIGH
542.8,0.981,6.6,43.1,48.1,24.6,22.6,17.7,0.15,17.9,18.3,20.2,0,1,MODERATE
582.2,0.065,31.1,77.7,67.4,16.0,100.0,26.9,3.84,32.3,39.1,49.4,0,3,CRITICAL
552.7,0.751,1.1,17.2,34.0,19.1,3.4,13.1,-0.07,13.3,12.3,11.6,0,0,LOW
568.8,0.377,9.8,36.7,45.7,21.1,37.1,17.1,0.03,17.2,17.3,16.7,0,1,MODERATE
549.8,0.819,11.0,60.8,68.0,14.4,90.9,35.7,3.57,40.8,47.0,56.4,0,3,CRITICAL
573.0,0.279,23.2,57.9,63.5,13.0,100.0,31.6,3.73,37.2,42.3,53.6,0,3,CRITICAL
568.5,0.384,15.4,49.4,55.4,19.0,78.6,24.4,3.88,30.7,35.7,46.8,0,3,CRITICAL
561.4,0.549,19.8,46.8,62.0,19.9,100.0,34.2,3.83,39.8,45.1,57.8,0,3,CRITICAL
565.3,0.458,27.0,92.3,84.6,17.8,100.0,33.0,4.25,39.0,46.1,59.3,0,3,CRITICAL
555.5,0.686,35.7,89.7,69.1,17.1,100.0,35.5,5.31,43.1,51.8,66.9,0,3,CRITICAL
563.8,0.493,6.8,47.4,57.2,16.4,41.5,19.8,0.09,19.8,20.1,19.2,0,1,MODERATE
559.6,0.591,13.9,26.3,33.8,18.1,45.4,18.4,0.48,19.5,19.7,22.7,0,1,MODERATE
546.7,0.891,33.0,60.4,59.7,12.4,100.0,38.7,6.2,47.6,57.8,75.9,0,3,CRITICAL
549.1,0.835,81.9,185.0,100.0,18.0,100.0,35.2,10.11,50.1,66.4,94.1,0,3,CRITICAL
568.9,0.374,39.7,98.9,75.3,20.8,100.0,29.6,6.11,39.0,48.7,63.9,0,3,CRITICAL
572.7,0.286,8.4,42.7,45.6,23.5,28.5,9.8,0.09,9.8,9.9,10.3,0,0,LOW
563.2,0.507,3.9,35.5,54.4,13.8,26.9,15.1,0.19,15.2,15.3,14.4,0,1,MODERATE
574.1,0.253,12.1,51.2,53.0,10.7,100.0,27.5,3.39,32.2,38.1,46.5,0,3,CRITICAL
575.3,0.226,24.4,86.3,72.9,18.8,100.0,28.9,3.26,34.0,38.7,49.2,0,3,CRITICAL
574.2,0.251,12.2,38.7,43.5,14.0,66.3,23.6,0.27,24.1,24.9,23.9,0,2,HIGH
579.1,0.137,11.9,50.6,63.7,17.2,77.1,20.1,2.41,23.8,28.1,35.8,0,2,HIGH
561.2,0.553,32.8,109.0,91.2,22.5,100.0,33.9,5.92,43.2,51.1,68.8,0,3,CRITICAL
581.1,0.091,8.1,55.1,54.0,24.6,31.1,11.3,-0.15,11.2,11.0,11.5,0,0,LOW
571.8,0.307,35.4,75.4,64.2,20.7,100.0,26.7,5.05,34.3,42.7,56.7,0,3,CRITICAL
553.1,0.742,9.4,32.1,43.6,21.9,32.7,15.4,-0.14,15.6,14.8,14.2,0,1,MODERATE
563.3,0.505,7.2,31.9,55.9,16.6,42.4,20.6,0.27,21.1,21.8,22.8,0,1,MODERATE
546.4,0.898,10.9,50.2,51.6,16.2,60.8,28.8,-0.0,29.3,28.7,29.1,0,2,HIGH
568.1,0.393,25.9,43.8,52.1,19.4,100.0,30.6,4.63,37.5,43.8,58.8,0,3,CRITICAL
578.5,0.151,2.4,10.3,32.1,13.7,9.8,3.0,0.03,3.5,3.2,2.5,0,0,LOW
555.3,0.691,3.9,42.7,43.9,16.3,18.4,15.8,-0.09,15.6,16.3,14.0,0,1,MODERATE
570.1,0.347,54.5,142.3,91.6,20.4,100.0,27.8,6.79,38.2,47.2,68.3,0,3,CRITICAL
558.9,0.607,3.5,14.9,41.5,23.1,11.0,10.9,-0.27,10.1,10.7,10.0,0,0,LOW
577.1,0.184,15.1,50.7,54.1,24.6,58.1,16.4,-0.1,16.0,16.4,15.0,0,1,MODERATE
569.0,0.372,15.6,62.7,59.6,18.5,88.0,25.8,3.01,30.0,35.8,44.1,0,3,CRITICAL
581.3,0.086,12.1,50.2,52.4,23.3,47.6,12.4,0.42,12.6,13.3,13.8,0,1,MODERATE
547.0,0.884,18.6,65.8,70.0,21.4,100.0,39.1,5.04,46.5,53.9,67.9,0,3,CRITICAL
559.6,0.591,4.7,9.2,24.8,21.0,9.7,11.5,0.28,11.4,13.3,11.9,0,1,MODERATE
582.7,0.053,14.5,34.2,47.0,22.0,54.2,13.9,-0.03,13.5,14.7,14.0,0,1,MODERATE
578.0,0.163,8.4,44.9,51.1,12.6,59.6,20.5,0.1,20.7,21.5,20.2,0,1,MODERATE
560.5,0.57,19.5,50.4,51.9,15.2,100.0,32.0,4.21,38.6,44.8,57.3,0,3,CRITICAL
571.9,0.305,2.7,39.4,43.7,23.2,8.9,5.4,-0.15,4.7,5.9,4.4,0,0,LOW
550.5,0.802,15.2,46.9,60.8,17.9,90.4,30.3,3.82,36.5,41.6,51.2,0,3,CRITICAL
550.5,0.802,3.7,36.6,46.2,20.2,14.8,11.8,-0.24,11.6,11.9,11.4,0,0,LOW
552.7,0.751,5.9,19.8,43.4,13.9,32.2,20.3,-0.01,20.5,20.3,22.0,0,1,MODERATE
542.1,0.998,4.4,34.8,40.8,20.8,15.1,14.2,0.02,14.0,14.8,14.5,0,1,MODERATE
579.8,0.121,3.6,18.0,44.4,24.2,11.6,5.7,0.13,6.3,6.5,7.3,0,0,LOW
547.1,0.881,31.4,60.6,52.5,21.3,100.0,37.2,5.23,44.6,53.6,66.9,0,3,CRITICAL
565.3,0.458,6.1,48.0,50.6,19.8,27.3,16.3,-0.25,15.5,14.6,13.8,0,1,MODERATE
572.6,0.288,47.1,98.2,80.2,21.1,100.0,30.6,6.33,39.9,50.6,68.1,0,3,CRITICAL
556.7,0.658,63.1,169.3,100.0,22.2,100.0,34.4,7.25,45.0,55.4,75.5,0,3,CRITICAL
544.9,0.933,15.2,44.8,48.5,10.3,100.0,35.0,5.0,42.2,50.9,63.2,0,3,CRITICAL
560.5,0.57,2.8,22.2,36.3,17.6,10.1,8.3,0.07,8.6,8.6,10.0,0,0,LOW
559.1,0.602,8.4,30.5,51.4,19.3,39.1,19.9,0.24,20.0,21.4,22.1,0,1,MODERATE
567.7,0.402,28.8,89.2,81.8,12.2,100.0,29.3,3.93,35.5,41.6,51.6,0,3,CRITICAL
583.7,0.03,8.2,43.1,59.0,21.4,39.6,10.6,0.06,11.1,10.8,9.5,0,0,LOW
543.0,0.977,1.6,29.4,51.7,14.5,10.0,17.8,-0.03,18.0,17.3,16.2,0,1,MODERATE
553.6,0.73,14.6,33.9,54.5,20.6,67.6,27.0,0.09,27.4,26.5,26.2,0,2,HIGH
551.7,0.774,33.6,71.6,61.2,20.9,100.0,38.2,6.5,47.8,56.9,74.8,0,3,CRITICAL
546.2,0.902,28.6,78.9,66.7,22.6,100.0,38.5,5.78,47.0,55.6,72.0,0,3,CRITICAL
542.6,0.986,3.5,26.2,44.6,14.7,18.6,20.3,-0.02,20.1,20.5,21.7,0,1,MODERATE
578.1,0.16,20.1,64.8,63.0,18.5,100.0,30.5,2.7,34.2,38.5,45.7,0,3,CRITICAL
558.4,0.619,4.5,21.6,49.1,16.2,23.9,12.3,-0.03,12.4,11.5,11.8,0,0,LOW
552.1,0.765,4.4,29.8,39.5,13.8,22.0,15.9,0.06,16.1,16.6,15.7,0,1,MODERATE
556.6,0.66,37.3,137.3,100.0,21.7,100.0,31.1,6.49,41.1,51.2,70.0,0,3,CRITICAL
580.4,0.107,5.2,40.8,50.3,20.2,22.7,5.1,-0.22,4.6,5.2,2.1,0,0,LOW
574.2,0.251,5.5,35.3,43.0,13.3,31.1,11.0,-0.16,10.4,11.3,10.6,0,0,LOW
572.0,0.302,0.0,1.2,24.9,24.2,0.0,6.0,-0.33,5.5,5.7,5.0,0,0,LOW
583.6,0.033,36.8,120.1,97.8,16.3,100.0,26.3,4.64,33.2,40.5,51.9,0,3,CRITICAL
544.2,0.949,28.3,79.1,77.0,14.4,100.0,37.7,5.9,46.3,55.3,72.1,0,3,CRITICAL
559.0,0.605,17.8,69.6,63.7,20.7,95.9,33.9,4.57,40.9,47.0,62.0,0,3,CRITICAL
582.1,0.067,25.0,48.7,56.2,24.1,100.0,24.6,3.06,29.1,34.3,42.3,0,2,HIGH
575.1,0.23,3.0,15.9,36.9,15.1,12.8,5.0,-0.28,4.9,4.2,2.8,0,0,LOW
546.0,0.907,11.0,40.9,46.6,24.9,36.0,19.2,0.05,19.3,19.5,19.1,0,1,MODERATE
574.9,0.235,7.8,48.8,61.9,12.6,67.1,22.3,0.21,22.9,22.5,22.9,0,2,HIGH
571.6,0.312,1.8,27.7,45.1,15.5,9.2,7.1,-0.01,7.0,7.0,8.4,0,0,LOW
566.8,0.423,12.0,65.9,66.6,12.7,100.0,30.1,2.71,34.3,37.5,47.5,0,3,CRITICAL
555.6,0.684,45.6,118.5,93.5,20.6,100.0,34.0,7.28,44.8,56.8,76.7,0,3,CRITICAL
564.6,0.474,0.7,22.5,46.5,17.8,3.2,7.1,0.04,7.4,6.4,6.3,0,0,LOW
566.7,0.426,6.2,25.2,45.3,24.7,19.9,11.6,0.15,11.4,12.5,11.9,0,0,LOW
560.8,0.563,4.2,31.9,55.2,10.8,37.6,17.9,-0.04,17.8,17.9,16.4,0,1,MODERATE
571.0,0.326,4.9,41.1,48.1,22.5,18.3,8.2,0.27,9.0,9.8,10.4,0,0,LOW
566.5,0.43,43.0,122.5,93.9,22.2,100.0,32.9,5.05,40.5,48.3,60.5,0,3,CRITICAL
543.3,0.97,11.4,34.3,53.5,20.0,53.4,26.6,0.07,26.5,26.5,26.4,0,2,HIGH
556.6,0.66,11.3,41.4,55.8,10.6,100.0,35.1,3.72,40.8,46.8,58.4,0,3,CRITICAL
542.6,0.986,25.7,51.9,51.3,24.1,95.7,36.8,5.75,45.1,53.4,69.0,0,3,CRITICAL
578.9,0.142,3.0,19.6,49.3,20.4,12.7,8.6,-0.09,8.7,7.6,7.3,0,0,LOW
564.2,0.484,12.0,68.8,61.3,16.8,76.6,26.5,2.9,30.7,34.6,42.3,0,2,HIGH
581.1,0.091,10.1,53.2,53.2,24.2,38.9,11.6,0.21,12.1,12.2,11.8,0,0,LOW
580.8,0.098,16.4,45.5,58.7,21.5,78.4,22.0,2.78,25.7,30.7,36.4,0,2,HIGH
572.5,0.291,130.0,302.8,100.0,17.1,100.0,29.4,12.57,48.4,66.5,102.3,0,3,CRITICAL
583.1,0.044,26.4,86.7,83.2,18.9,100.0,26.4,3.12,31.0,36.5,46.2,0,3,CRITICAL
568.0,0.395,9.1,44.9,51.9,21.9,37.7,17.6,0.23,17.9,18.8,17.7,0,1,MODERATE
575.0,0.233,31.6,73.5,69.9,13.7,100.0,31.7,3.69,36.9,43.3,52.7,0,3,CRITICAL
584.5,0.012,3.4,23.9,34.8,15.4,13.4,4.7,0.1,5.2,5.0,4.6,0,0,LOW
542.5,0.988,0.6,32.0,50.9,19.9,2.7,11.6,0.03,11.8,11.3,11.6,0,0,LOW
558.6,0.614,4.1,27.7,47.4,24.1,14.1,10.0,-0.09,9.6,10.1,10.5,0,0,LOW
550.8,0.795,7.5,51.1,47.7,18.6,33.7,17.0,0.33,17.4,17.8,18.2,0,1,MODERATE
551.6,0.777,12.9,34.9,43.8,19.4,51.0,25.1,0.09,25.7,24.8,23.9,0,2,HIGH
570.0,0.349,17.2,32.0,54.5,21.9,74.9,21.2,0.35,21.6,21.4,23.3,0,1,MODERATE
579.4,0.13,43.5,151.8,100.0,10.8,100.0,26.4,5.67,34.5,42.8,59.8,0,3,CRITICAL
574.9,0.235,12.8,41.4,59.3,20.9,63.6,21.2,0.45,22.0,22.8,23.3,0,2,HIGH
548.9,0.84,12.5,68.9,69.8,18.9,80.8,31.8,4.42,38.4,45.0,55.9,0,3,CRITICAL
557.5,0.64,0.9,25.2,48.0,17.1,4.4,12.7,0.03,13.2,12.6,13.8,0,0,LOW
582.0,0.07,0.6,29.2,38.3,22.3,1.8,3.0,-0.36,2.1,1.4,1.9,0,0,LOW
577.5,0.174,14.4,27.3,43.8,12.9,85.6,26.4,2.72,30.1,34.1,43.1,0,2,HIGH
578.3,0.156,10.4,31.6,45.4,20.4,40.5,14.4,0.4,15.0,14.9,17.2,0,1,MODERATE
558.1,0.626,32.9,91.6,74.1,11.3,100.0,33.1,6.18,42.2,51.8,67.7,0,3,CRITICAL
551.5,0.779,3.2,41.0,54.3,14.8,20.5,15.4,-0.32,15.4,14.3,11.8,0,1,MODERATE
570.7,0.333,0.5,23.1,48.9,12.7,3.4,8.4,0.09,8.4,8.0,10.2,0,0,LOW
564.7,0.472,10.7,36.3,56.0,15.3,68.5,26.2,0.2,26.3,27.7,27.0,0,2,HIGH
570.6,0.335,4.9,32.5,44.5,20.1,19.0,8.7,-0.03,8.3,8.6,7.1,0,0,LOW
542.4,0.991,0.9,42.4,60.2,20.9,4.5,11.3,-0.05,11.7,11.1,10.7,0,0,LOW
555.4,0.688,23.2,76.6,58.8,20.2,100.0,34.5,5.05,41.9,48.7,62.0,0,3,CRITICAL
580.9,0.095,2.1,31.6,44.2,18.9,8.6,6.1,-0.2,5.8,4.7,3.9,0,0,LOW
564.8,0.47,16.9,63.1,60.1,12.9,100.0,30.9,3.98,36.8,42.5,55.6,0,3,CRITICAL
552.1,0.765,5.9,32.5,51.1,16.1,32.8,16.8,0.29,17.3,18.4,17.2,0,1,MODERATE
579.2,0.135,3.4,44.6,45.7,11.7,23.2,11.0,-0.13,10.5,10.6,9.2,0,0,LOW
580.1,0.114,8.6,28.7,40.6,14.8,41.3,10.7,0.13,10.4,11.9,9.7,0,0,LOW
562.3,0.528,29.1,71.0,65.1,23.6,100.0,32.7,4.39,38.9,45.6,58.5,0,3,CRITICAL
561.4,0.549,9.0,41.2,40.9,18.0,35.8,18.0,-0.03,17.6,18.0,17.6,0,1,MODERATE
554.8,0.702,25.0,78.4,67.9,13.1,100.0,34.1,5.05,41.5,49.2,62.7,0,3,CRITICAL
574.1,0.253,2.4,19.4,42.8,15.4,11.7,4.7,-0.28,4.4,3.9,4.7,0,0,LOW
553.3,0.737,26.7,89.9,72.8,23.8,100.0,33.3,5.33,41.0,49.2,64.1,0,3,CRITICAL
562.8,0.516,4.9,33.3,38.2,13.3,24.6,12.0,-0.03,11.8,12.7,10.3,0,0,LOW
578.9,0.142,20.4,81.9,76.1,22.5,100.0,27.5,3.05,32.2,37.0,46.4,0,3,CRITICAL
551.5,0.779,15.0,68.1,54.9,21.7,66.4,29.5,0.09,29.1,29.3,30.9,0,2,HIGH
560.8,0.563,47.6,108.1,79.7,14.8,100.0,33.2,6.57,42.8,53.8,70.6,0,3,CRITICAL
547.4,0.874,8.8,54.6,49.4,12.0,63.4,28.0,-0.08,28.3,26.9,29.3,0,2,HIGH
559.5,0.593,1.2,16.8,44.2,23.2,4.0,8.3,0.19,8.4,9.7,9.7,0,0,LOW
565.3,0.458,0.3,40.5,43.4,12.8,1.8,8.2,-0.04,8.6,8.1,8.2,0,0,LOW
574.8,0.237,31.6,73.2,69.6,18.3,100.0,30.5,4.8,38.2,44.8,59.9,0,3,CRITICAL
552.6,0.753,13.4,47.4,48.1,19.6,57.5,24.5,0.02,24.5,24.3,22.9,0,2,HIGH
563.5,0.5,26.9,76.7,74.6,23.9,100.0,34.9,5.09,42.8,50.5,63.7,0,3,CRITICAL
584.8,0.005,4.8,28.6,37.1,16.0,19.5,8.6,0.23,9.2,10.2,10.8,0,0,LOW
571.5,0.314,7.6,27.0,38.1,12.7,39.9,17.4,-0.01,17.0,17.4,16.8,0,1,MODERATE
558.6,0.614,0.6,25.6,46.2,21.1,2.3,8.5,-0.32,8.0,7.2,6.9,0,0,LOW
578.1,0.16,58.6,197.9,100.0,14.2,100.0,28.8,6.42,38.6,48.2,67.3,0,3,CRITICAL
565.8,0.447,19.8,84.3,75.6,14.6,100.0,31.3,4.27,38.0,44.5,57.2,0,3,CRITICAL
557.7,0.635,48.7,129.8,97.4,12.1,100.0,33.7,7.29,45.1,54.6,75.8,0,3,CRITICAL
572.0,0.302,5.6,10.2,28.9,10.7,26.5,11.9,-0.02,11.4,11.1,10.4,0,0,LOW
558.7,0.612,17.0,45.0,43.1,24.0,53.4,21.6,0.51,22.8,22.6,24.8,0,2,HIGH
577.0,0.186,20.4,54.1,66.6,20.9,100.0,26.3,2.72,30.4,34.4,40.3,0,2,HIGH
580.1,0.114,6.9,38.5,55.8,17.9,37.6,12.0,-0.24,11.7,11.6,10.6,0,0,LOW
584.0,0.023,33.9,101.1,80.9,11.9,100.0,25.9,3.57,31.1,36.3,46.3,0,3,CRITICAL
582.2,0.065,52.9,118.5,97.9,18.5,100.0,26.5,5.26,34.8,42.9,56.3,0,3,CRITICAL
576.9,0.188,38.9,96.3,80.9,23.3,100.0,28.1,5.07,35.6,42.3,55.8,0,3,CRITICAL
556.1,0.672,24.2,90.9,78.5,21.1,100.0,34.4,4.15,40.7,46.5,57.8,0,3,CRITICAL
561.2,0.553,5.8,28.3,40.0,15.4,26.4,14.1,-0.19,13.8,12.8,14.6,0,0,LOW
542.7,0.984,6.0,24.7,48.1,21.0,24.1,21.4,-0.1,21.0,20.9,19.1,0,1,MODERATE
570.9,0.328,59.5,139.4,92.0,15.1,100.0,29.1,6.65,39.0,48.5,66.9,0,3,CRITICAL
572.3,0.295,0.2,26.6,34.2,10.6,1.1,6.8,-0.19,6.3,7.1,5.9,0,0,LOW
547.9,0.863,22.7,50.9,62.9,18.6,100.0,37.4,5.86,46.1,55.2,70.7,0,3,CRITICAL
552.4,0.758,22.1,55.9,61.9,23.4,100.0,37.0,5.58,45.8,53.2,69.9,0,3,CRITICAL
551.1,0.788,17.5,38.8,42.2,12.5,100.0,34.6,5.03,42.6,48.9,62.1,0,3,CRITICAL
573.4,0.27,83.1,133.6,100.0,14.5,100.0,30.1,8.1,42.0,54.7,78.1,0,3,CRITICAL
569.1,0.37,6.7,31.7,40.8,19.1,25.0,13.3,0.17,13.3,13.2,15.8,0,1,MODERATE
572.5,0.291,7.5,37.3,56.1,20.9,35.2,15.5,0.08,15.9,15.7,14.8,0,1,MODERATE
555.6,0.684,1.5,30.0,42.5,21.1,5.3,7.8,-0.02,8.2,7.2,7.7,0,0,LOW
542.6,0.986,10.5,61.3,68.4,24.5,51.3,28.4,0.36,28.5,30.3,29.5,0,2,HIGH
568.9,0.374,5.4,33.1,50.1,18.2,26.0,11.2,-0.23,10.6,10.0,9.5,0,0,LOW
584.8,0.005,7.6,22.9,34.5,15.2,30.2,8.1,-0.17,7.7,7.6,6.7,0,0,LOW
575.1,0.23,32.4,77.5,76.5,15.3,100.0,28.8,4.79,36.1,42.8,55.8,0,3,CRITICAL
543.6,0.963,49.3,86.4,73.3,21.8,100.0,35.3,8.21,47.8,59.1,82.3,0,3,CRITICAL
563.3,0.505,3.7,11.4,31.3,15.7,12.9,12.9,-0.28,12.8,12.6,11.1,0,0,LOW
580.6,0.102,8.4,48.5,49.5,11.6,62.7,16.0,-0.08,16.3,16.1,15.5,0,1,MODERATE
569.2,0.367,47.5,134.2,100.0,14.3,100.0,33.3,5.6,41.9,50.8,66.9,0,3,CRITICAL
546.9,0.886,1.1,30.9,44.7,10.7,8.0,14.2,-0.09,14.0,13.0,12.6,0,1,MODERATE
565.5,0.453,1.7,12.4,34.0,14.9,6.8,6.1,0.17,6.7,7.0,5.3,0,0,LOW
576.5,0.198,3.2,32.3,42.4,13.9,17.1,9.2,-0.17,9.2,8.6,6.9,0,0,LOW
557.1,0.649,16.3,39.9,46.8,11.3,100.0,32.0,4.65,38.9,45.3,57.5,0,3,CRITICAL
564.9,0.467,2.9,42.4,48.4,11.1,22.1,9.2,0.06,9.1,8.6,11.2,0,0,LOW
557.6,0.637,62.0,107.7,74.0,16.0,100.0,33.9,8.01,45.9,57.5,81.7,0,3,CRITICAL
581.7,0.077,10.7,42.3,50.6,12.3,77.0,19.3,2.01,22.5,24.7,31.4,0,2,HIGH
563.0,0.512,12.5,63.1,56.5,16.1,76.8,24.3,3.15,28.7,33.6,42.4,0,2,HIGH
581.4,0.084,5.1,21.3,48.3,15.0,28.7,9.2,0.01,8.8,9.5,8.5,0,0,LOW
558.5,0.616,11.5,57.2,57.8,14.4,80.8,29.7,4.42,36.1,43.2,54.2,0,3,CRITICAL
545.1,0.928,19.5,50.3,62.8,12.4,100.0,39.3,5.47,47.9,55.5,70.2,0,3,CRITICAL
577.0,0.186,25.0,68.7,68.1,13.4,100.0,29.1,4.31,35.7,41.4,53.0,0,3,CRITICAL
550.2,0.809,25.2,82.3,75.4,13.1,100.0,33.4,5.21,40.7,48.5,62.0,0,3,CRITICAL
550.9,0.793,15.5,44.3,46.1,19.8,63.2,28.1,0.31,29.0,28.2,28.2,0,2,HIGH
559.1,0.602,42.2,102.2,74.3,16.4,100.0,33.5,6.68,43.9,53.0,72.3,0,3,CRITICAL
571.8,0.307,30.6,107.3,81.0,12.9,100.0,27.3,4.13,33.9,40.5,51.5,0,3,CRITICAL
565.4,0.456,25.5,53.8,52.1,11.3,100.0,30.4,4.88,37.2,44.8,58.4,0,3,CRITICAL
563.5,0.5,1.0,12.0,33.6,10.9,5.4,7.7,0.19,7.9,9.2,7.6,0,0,LOW
548.2,0.856,0.1,20.0,42.8,12.0,0.6,14.0,0.18,13.9,15.1,16.8,0,1,MODERATE
548.3,0.853,4.3,28.8,47.2,24.1,14.7,16.6,-0.11,16.9,15.5,14.4,0,1,MODERATE
554.4,0.712,19.6,60.6,67.2,23.4,98.5,34.1,4.82,41.2,49.0,63.4,0,3,CRITICAL
544.8,0.935,9.5,44.4,55.1,12.8,71.6,32.9,0.11,33.0,33.0,35.3,0,2,HIGH
551.2,0.786,9.3,49.9,56.1,22.1,41.3,23.4,-0.15,22.7,23.9,22.4,0,2,HIGH
550.4,0.805,38.9,118.3,80.8,14.2,100.0,33.8,5.65,42.4,51.0,68.2,0,3,CRITICAL
543.1,0.974,40.7,86.1,77.8,15.9,100.0,37.1,6.25,46.0,55.2,73.9,0,3,CRITICAL
554.2,0.716,43.2,104.6,90.2,16.7,100.0,34.7,6.55,44.6,53.7,71.7,0,3,CRITICAL
561.9,0.537,6.8,49.5,63.5,12.3,61.4,24.5,-0.14,23.9,24.0,24.3,0,2,HIGH
583.5,0.035,21.1,37.9,44.9,20.1,82.5,23.1,3.1,28.2,33.2,41.0,0,2,HIGH
580.0,0.116,5.7,35.1,47.7,16.0,29.7,8.7,0.07,8.8,8.0,9.0,0,0,LOW
569.1,0.37,3.8,16.6,47.9,21.3,15.0,7.5,-0.08,7.5,7.3,7.0,0,0,LOW
557.1,0.649,3.7,36.2,51.1,14.2,23.3,17.1,0.0,17.1,16.8,15.3,0,1,MODERATE
573.9,0.258,7.5,56.7,60.7,10.8,73.8,20.7,0.02,20.4,21.0,19.3,0,1,MODERATE
551.8,0.772,10.1,41.5,50.8,14.2,63.2,24.3,-0.13,24.4,24.3,23.8,0,2,HIGH
553.4,0.735,32.0,47.7,52.0,11.4,100.0,35.5,5.2,43.7,50.5,64.5,0,3,CRITICAL
578.5,0.151,2.3,43.8,58.1,15.7,14.9,7.7,-0.23,7.8,7.5,5.0,0,0,LOW
558.6,0.614,23.9,69.8,57.2,11.4,100.0,30.7,4.77,37.5,44.2,56.8,0,3,CRITICAL
545.7,0.914,13.6,50.2,56.7,14.7,91.8,37.4,4.25,43.6,49.4,62.6,0,3,CRITICAL
566.6,0.428,6.1,10.5,43.2,10.2,45.2,19.5,0.18,19.6,20.6,21.6,0,1,MODERATE
552.0,0.767,12.2,53.7,66.8,15.5,92.0,32.4,4.1,38.5,44.4,55.3,0,3,CRITICAL
552.3,0.76,6.4,23.4,35.4,23.9,16.6,14.4,0.18,14.6,14.1,15.1,0,1,MODERATE
556.0,0.674,16.3,37.3,50.3,24.5,58.6,22.9,0.19,23.1,22.6,23.3,0,2,HIGH
543.9,0.956,10.2,39.9,43.8,11.9,65.7,28.9,0.21,29.6,30.2,30.1,0,2,HIGH
576.1,0.207,3.2,14.3,46.9,14.7,17.9,7.7,0.21,8.1,9.2,10.4,0,0,LOW
567.6,0.405,2.2,21.2,45.2,22.9,7.6,5.3,0.23,5.5,6.9,5.2,0,0,LOW
553.1,0.742,14.2,38.1,44.9,22.1,50.5,21.4,0.1,21.4,21.5,21.0,0,1,MODERATE
581.4,0.084,41.9,130.7,100.0,17.0,100.0,29.1,5.13,36.4,45.3,57.1,0,3,CRITICAL
559.6,0.591,7.6,28.8,53.3,19.8,35.8,17.3,0.04,17.7,16.8,15.8,0,1,MODERATE
547.3,0.877,23.8,69.5,64.6,23.2,100.0,34.1,4.64,40.7,48.3,59.3,0,3,CRITICAL
546.5,0.895,19.3,35.6,42.2,11.4,100.0,39.5,5.23,47.5,55.1,68.1,0,3,CRITICAL
552.5,0.756,48.3,106.0,80.2,22.6,100.0,33.6,6.3,43.1,52.8,71.4,0,3,CRITICAL
582.0,0.07,31.0,94.0,69.6,16.0,100.0,24.2,4.5,30.9,38.3,49.0,0,3,CRITICAL
554.5,0.709,15.0,55.8,52.0,21.4,63.8,23.5,0.48,24.4,25.6,27.5,0,2,HIGH
552.9,0.747,19.3,66.7,59.2,15.9,100.0,34.6,4.32,41.3,46.9,58.7,0,3,CRITICAL
578.2,0.158,41.2,127.7,100.0,11.9,100.0,25.3,4.31,32.2,37.8,48.7,0,3,CRITICAL
564.3,0.481,9.2,48.9,51.4,19.4,42.7,16.5,-0.13,16.1,16.5,15.4,0,1,MODERATE
548.3,0.853,7.1,37.9,47.4,14.9,39.5,22.7,-0.12,23.0,22.8,21.2,0,2,HIGH
576.1,0.207,0.2,1.6,27.3,22.3,0.4,3.0,0.02,2.7,4.0,4.7,0,0,LOW
546.5,0.895,31.5,76.0,70.8,21.1,100.0,38.5,6.21,48.1,56.2,74.5,0,3,CRITICAL
567.7,0.402,29.1,92.3,76.9,18.6,100.0,31.9,4.32,38.6,44.0,57.2,0,3,CRITICAL
574.9,0.235,2.0,3.7,24.0,20.1,4.2,5.7,0.22,6.2,6.3,8.2,0,0,LOW
552.3,0.76,15.5,34.1,56.8,22.4,68.8,29.5,0.19,29.7,30.3,28.9,0,2,HIGH
570.6,0.335,11.2,36.8,55.1,15.4,70.1,21.0,0.22,21.7,21.6,23.6,0,1,MODERATE
544.1,0.951,2.3,38.2,43.4,10.3,17.0,19.1,-0.28,18.5,18.1,17.7,0,1,MODERATE
561.3,0.551,70.9,187.7,100.0,18.5,100.0,31.6,8.73,45.1,56.9,81.7,0,3,CRITICAL
581.6,0.079,4.4,9.1,29.9,20.9,11.0,4.0,-0.01,3.9,3.4,5.3,0,0,LOW
568.0,0.395,1.3,14.9,36.0,19.5,4.2,4.3,-0.17,3.8,4.4,4.1,0,0,LOW
581.7,0.077,16.3,73.4,64.3,21.1,86.9,23.7,3.33,28.8,33.7,43.1,0,2,HIGH
573.6,0.265,24.2,70.2,71.1,11.3,100.0,26.9,4.54,34.0,40.4,53.5,0,3,CRITICAL
567.9,0.398,0.6,7.5,40.3,12.4,3.4,5.1,-0.34,4.4,4.1,1.8,0,0,LOW
542.1,0.998,19.4,78.0,69.4,15.2,100.0,39.5,5.19,47.2,55.4,70.3,0,3,CRITICAL
583.2,0.042,13.7,29.7,50.7,17.5,69.5,20.1,-0.01,19.8,20.4,19.1,0,1,MODERATE
563.1,0.509,2.0,39.5,41.8,23.4,6.3,10.0,-0.35,9.2,8.0,8.3,0,0,LOW
580.5,0.105,3.4,20.3,40.3,11.0,21.8,9.0,-0.16,8.6,9.5,8.7,0,0,LOW
584.8,0.005,15.1,59.8,65.8,13.4,100.0,28.3,2.68,32.7,37.1,44.1,0,3,CRITICAL
557.4,0.642,6.3,43.5,51.6,19.1,29.8,19.0,0.09,19.0,19.6,18.4,0,1,MODERATE
551.1,0.788,50.1,125.2,87.1,20.8,100.0,33.1,7.92,45.3,56.0,79.3,0,3,CRITICAL
545.7,0.914,30.7,56.7,66.1,11.1,100.0,37.9,5.32,45.4,53.5,68.3,0,3,CRITICAL
574.9,0.235,74.0,128.8,92.5,18.7,100.0,31.5,8.26,44.2,56.7,80.8,0,3,CRITICAL
549.3,0.83,5.4,36.9,42.1,22.8,17.4,17.8,0.04,18.1,18.0,17.4,0,1,MODERATE
572.3,0.295,63.0,159.1,100.0,21.5,100.0,30.0,6.59,40.2,49.0,68.2,0,3,CRITICAL
584.3,0.016,10.2,50.6,54.1,17.8,54.3,14.6,-0.09,14.2,15.3,13.8,0,1,MODERATE
582.7,0.053,7.7,21.7,43.8,17.7,33.3,10.7,0.24,10.8,10.6,10.7,0,0,LOW
552.0,0.767,0.9,36.1,44.1,20.7,3.4,11.3,0.09,11.7,11.7,10.7,0,0,LOW
569.4,0.363,1.0,20.3,45.0,13.5,5.8,4.5,-0.25,3.8,2.9,2.2,0,0,LOW
553.5,0.733,21.2,64.9,58.7,10.5,100.0,36.9,5.35,44.4,52.6,67.0,0,3,CRITICAL
557.3,0.644,11.0,44.9,45.1,13.1,66.3,23.9,0.25,24.4,25.2,23.6,0,2,HIGH
565.9,0.444,4.6,32.9,41.1,24.9,13.3,7.0,0.25,7.6,7.8,8.4,0,0,LOW
567.4,0.409,17.1,42.3,48.0,17.3,83.0,25.8,3.59,31.7,36.4,45.9,0,3,CRITICAL
555.8,0.679,5.2,51.2,49.9,10.5,43.2,21.6,-0.07,21.4,22.2,19.6,0,2,HIGH
580.3,0.109,15.5,44.4,60.3,11.4,100.0,27.8,3.49,33.3,38.7,49.8,0,3,CRITICAL
584.5,0.012,8.0,30.6,39.7,18.9,29.4,8.4,0.2,9.0,8.5,8.0,0,0,LOW
563.0,0.512,31.2,107.4,73.9,24.2,100.0,32.1,5.22,39.6,47.6,63.5,0,3,CRITICAL
567.0,0.419,30.9,116.4,83.9,23.8,100.0,31.1,4.09,36.9,42.6,53.7,0,3,CRITICAL
553.6,0.73,11.7,44.2,48.1,18.4,53.5,25.7,-0.02,25.5,26.2,24.9,0,2,HIGH
575.0,0.233,7.8,54.5,58.8,19.1,42.0,13.3,0.29,13.6,15.0,14.8,0,1,MODERATE
569.3,0.365,8.1,44.0,61.7,23.6,37.1,16.1,-0.22,15.6,15.5,15.4,0,1,MODERATE
568.0,0.395,29.5,87.9,83.5,14.8,100.0,33.3,4.65,40.3,47.8,61.3,0,3,CRITICAL
578.5,0.151,7.2,46.9,62.1,13.9,56.3,15.8,-0.06,15.9,16.6,16.3,0,1,MODERATE
572.9,0.281,4.2,43.3,50.6,14.4,25.8,8.9,0.27,9.1,10.6,11.0,0,0,LOW
580.9,0.095,1.6,41.3,59.1,20.0,8.3,3.7,0.11,3.6,4.2,3.2,0,0,LOW
547.0,0.884,11.3,40.6,46.6,21.0,43.9,23.7,-0.15,24.0,22.4,24.2,0,2,HIGH
579.2,0.135,11.8,50.6,52.3,19.4,55.7,13.9,0.21,13.7,13.7,14.2,0,1,MODERATE
575.8,0.214,33.1,104.6,82.7,10.1,100.0,25.9,3.74,31.3,36.2,48.4,0,3,CRITICAL
553.0,0.744,4.5,32.9,44.2,21.9,15.9,12.7,0.27,13.4,13.2,13.8,0,1,MODERATE
542.8,0.981,8.6,46.1,55.2,22.9,36.3,21.2,-0.15,20.9,19.9,22.0,0,1,MODERATE
564.8,0.47,29.7,92.8,81.2,11.3,100.0,31.7,4.31,38.6,45.2,56.3,0,3,CRITICAL
549.6,0.823,31.2,72.7,69.9,15.5,100.0,34.9,5.09,42.3,49.8,62.7,0,3,CRITICAL
579.3,0.133,8.7,26.2,43.0,11.1,59.0,16.9,-0.06,17.3,16.7,17.5,0,1,MODERATE
573.0,0.279,11.1,27.7,49.3,22.2,43.1,15.9,0.24,16.7,17.2,16.1,0,1,MODERATE
552.6,0.753,6.5,30.0,36.2,15.4,26.7,19.5,-0.21,19.2,19.7,17.5,0,1,MODERATE
567.5,0.407,48.5,110.6,88.2,19.1,100.0,32.4,5.77,40.9,50.6,66.0,0,3,CRITICAL
550.0,0.814,2.3,8.7,26.1,22.0,4.8,10.4,-0.09,9.9,11.0,10.5,0,0,LOW
554.0,0.721,48.9,125.8,99.2,12.4,100.0,35.1,7.34,45.9,57.3,78.5,0,3,CRITICAL
553.4,0.735,20.7,91.3,83.8,18.6,100.0,33.7,5.33,41.8,49.3,64.0,0,3,CRITICAL
574.7,0.24,13.7,64.3,56.8,24.6,55.4,18.2,0.26,18.4,19.5,20.8,0,1,MODERATE
563.3,0.505,0.6,39.0,54.5,17.2,3.3,8.9,0.02,8.9,9.6,10.3,0,0,LOW
562.2,0.53,11.6,39.0,45.9,14.1,66.1,21.8,-0.1,21.2,21.6,19.9,0,1,MODERATE
547.5,0.872,9.4,37.2,47.4,22.1,35.3,19.9,0.2,20.1,19.6,21.5,0,1,MODERATE
567.3,0.412,3.2,42.7,44.6,22.6,11.1,6.5,0.01,6.7,6.0,6.4,0,0,LOW
579.2,0.135,19.2,75.4,58.0,21.9,89.0,24.4,3.66,29.7,34.6,46.1,0,2,HIGH
578.4,0.153,63.8,152.5,100.0,21.0,100.0,28.8,7.22,39.5,49.6,70.0,0,3,CRITICAL
553.9,0.723,14.9,67.1,71.9,24.9,75.3,27.1,4.03,33.1,39.9,52.1,0,3,CRITICAL
544.4,0.944,22.6,102.0,86.0,20.5,100.0,36.5,6.11,45.4,54.4,72.4,0,3,CRITICAL
575.7,0.216,1.3,38.1,45.5,22.2,4.7,3.0,-0.14,2.9,2.6,3.8,0,0,LOW
553.5,0.733,9.7,34.0,43.7,15.1,49.1,23.1,0.08,23.7,24.2,24.2,0,2,HIGH
551.1,0.788,2.2,33.1,56.0,10.0,21.6,18.3,-0.16,18.6,18.6,19.0,0,1,MODERATE
575.6,0.219,17.1,45.7,61.4,17.1,100.0,28.8,3.47,34.3,39.2,49.2,0,3,CRITICAL
570.9,0.328,50.2,150.9,100.0,18.3,100.0,32.9,6.6,43.2,53.2,71.7,0,3,CRITICAL
560.3,0.574,19.5,45.4,61.2,22.2,94.1,31.7,4.68,38.4,45.7,59.5,0,3,CRITICAL
555.2,0.693,1.4,28.5,49.7,24.4,5.0,12.4,-0.2,12.3,10.9,12.9,0,0,LOW
567.9,0.398,7.9,18.6,36.4,17.2,29.3,15.3,0.04,15.4,14.7,15.5,0,1,MODERATE
560.1,0.579,14.4,63.7,63.6,15.8,100.0,35.6,3.74,41.0,47.5,58.0,0,3,CRITICAL
576.5,0.198,9.3,23.3,32.4,15.8,33.4,9.2,0.04,9.2,8.4,9.9,0,0,LOW
548.1,0.858,32.3,68.3,54.6,10.9,100.0,34.6,6.5,44.2,54.6,70.6,0,3,CRITICAL
551.0,0.791,30.3,85.7,66.4,24.8,100.0,35.9,5.97,45.1,53.4,69.7,0,3,CRITICAL
565.7,0.449,17.0,38.0,50.5,15.3,98.2,31.6,3.16,36.5,40.4,51.2,0,3,CRITICAL
560.1,0.579,8.4,23.5,51.6,18.1,41.9,18.7,0.36,19.6,19.3,22.3,0,1,MODERATE
567.4,0.409,5.3,10.5,28.2,22.1,11.8,10.8,0.04,11.3,11.9,12.8,0,0,LOW
567.9,0.398,2.0,20.9,39.1,18.7,7.3,5.5,-0.02,5.9,6.1,5.6,0,0,LOW
550.9,0.793,7.9,50.8,58.9,23.3,34.9,18.0,-0.15,17.8,17.3,17.0,0,1,MODERATE
562.6,0.521,9.6,38.2,54.7,10.8,85.1,27.0,3.79,32.9,39.1,48.9,0,3,CRITICAL
547.9,0.863,20.3,89.9,76.5,22.2,100.0,35.8,4.82,43.5,49.9,62.7,0,3,CRITICAL
560.3,0.574,19.3,48.1,61.3,19.8,100.0,31.7,4.64,38.7,46.0,57.3,0,3,CRITICAL
583.0,0.047,1.3,33.5,46.5,23.3,4.5,4.1,0.15,4.4,5.2,6.3,0,0,LOW
545.4,0.921,9.1,34.5,46.0,12.5,58.6,26.6,-0.06,26.8,26.2,26.7,0,2,HIGH
544.2,0.949,3.6,19.6,47.2,21.8,13.6,16.4,0.19,17.1,16.7,16.4,0,1,MODERATE
574.2,0.251,3.1,16.9,32.9,20.0,8.9,3.5,-0.33,2.5,1.7,3.0,0,0,LOW
561.8,0.54,31.6,45.9,54.9,22.1,100.0,31.0,5.41,39.1,48.2,61.2,0,3,CRITICAL
557.7,0.635,0.8,5.6,35.2,13.3,3.7,8.7,-0.37,8.2,7.3,8.0,0,0,LOW
570.5,0.337,9.8,16.8,34.9,14.5,41.3,14.7,0.3,15.6,14.8,15.4,0,1,MODERATE
544.5,0.942,3.3,32.1,37.4,20.0,10.8,14.8,0.01,14.4,15.7,14.4,0,1,MODERATE
582.9,0.049,38.1,134.6,87.4,24.2,100.0,27.8,4.72,35.4,42.9,54.1,0,3,CRITICAL
551.2,0.786,14.7,56.5,60.9,10.7,100.0,37.5,4.95,44.5,53.1,65.5,0,3,CRITICAL
549.4,0.828,4.7,39.9,59.5,19.2,25.5,15.3,0.21,16.1,16.3,15.7,0,1,MODERATE
584.3,0.016,12.6,31.9,43.6,14.0,68.7,19.5,0.11,19.6,19.2,20.7,0,1,MODERATE
578.8,0.144,23.7,76.3,65.0,20.8,100.0,29.7,4.0,35.3,42.4,53.7,0,3,CRITICAL
543.3,0.97,57.1,178.6,100.0,11.2,100.0,36.5,7.86,47.9,59.3,83.7,0,3,CRITICAL
568.3,0.388,4.5,50.4,61.5,16.1,30.1,15.2,-0.22,14.8,15.1,15.0,0,1,MODERATE
572.2,0.298,39.1,101.1,85.7,25.0,100.0,30.2,5.0,38.0,44.7,59.2,0,3,CRITICAL
580.3,0.109,49.0,101.0,77.5,22.6,100.0,25.3,5.16,33.4,41.3,54.8,0,3,CRITICAL
579.7,0.123,44.7,128.7,92.7,11.6,100.0,28.9,5.12,36.9,45.0,59.5,0,3,CRITICAL
548.9,0.84,18.2,48.8,46.7,18.4,80.8,33.2,4.2,39.1,46.7,55.8,0,3,CRITICAL
545.3,0.923,17.9,67.2,60.2,23.7,79.6,29.2,4.5,35.9,42.8,56.6,0,3,CRITICAL
556.0,0.674,9.3,22.7,37.1,23.5,25.7,18.0,-0.05,17.6,18.8,16.8,0,1,MODERATE
548.2,0.856,25.1,78.0,59.4,18.1,100.0,37.5,5.92,45.9,55.9,70.9,0,3,CRITICAL
570.8,0.33,13.6,69.8,72.5,16.2,100.0,28.5,3.34,34.0,37.6,46.6,0,3,CRITICAL
544.7,0.937,20.4,74.8,59.7,12.2,100.0,39.7,4.48,46.9,53.5,64.2,0,3,CRITICAL
570.1,0.347,10.1,34.2,55.1,13.3,73.2,22.6,0.09,22.9,22.3,24.0,0,2,HIGH
575.8,0.214,23.7,72.8,70.1,14.7,100.0,26.3,3.62,31.3,36.2,48.4,0,3,CRITICAL
560.6,0.567,31.3,74.9,66.6,21.4,100.0,30.5,5.54,39.2,46.1,62.4,0,3,CRITICAL
562.3,0.528,2.9,24.9,51.9,15.4,17.1,11.2,-0.02,11.1,11.1,12.2,0,0,LOW
560.6,0.567,32.2,91.3,77.7,12.4,100.0,34.8,5.32,42.5,50.9,64.3,0,3,CRITICAL
550.8,0.795,14.0,61.8,53.9,15.4,85.8,31.7,3.87,37.4,43.3,53.1,0,3,CRITICAL
560.2,0.577,33.5,121.1,86.2,20.3,100.0,35.3,5.64,43.4,52.6,66.4,0,3,CRITICAL
567.5,0.407,10.2,57.8,62.7,19.4,57.7,21.9,0.16,22.5,23.4,23.0,0,2,HIGH
545.9,0.909,8.6,26.2,48.2,22.0,33.0,17.5,-0.1,16.9,16.2,17.1,0,1,MODERATE
543.6,0.963,44.4,111.6,76.6,11.0,100.0,37.0,7.43,48.4,59.8,79.7,0,3,CRITICAL
552.4,0.758,5.2,42.8,59.9,19.3,28.2,19.5,0.08,19.4,19.5,21.4,0,1,MODERATE
574.4,0.247,33.5,80.1,79.7,16.1,100.0,30.8,4.32,37.6,44.6,56.7,0,3,CRITICAL
558.6,0.614,11.9,38.4,46.4,24.7,39.1,17.4,0.13,18.0,18.4,18.6,0,1,MODERATE
549.6,0.823,13.0,48.1,60.2,24.9,55.0,27.1,0.09,27.0,27.6,27.8,0,2,HIGH
582.1,0.067,6.6,49.5,62.9,22.9,31.7,9.7,-0.21,9.7,9.9,9.0,0,0,LOW
554.4,0.712,15.3,23.5,32.8,10.1,87.0,30.6,4.31,37.1,44.5,57.3,0,3,CRITICAL
552.4,0.758,7.1,49.0,55.8,24.3,28.5,18.8,-0.09,18.2,18.9,17.6,0,1,MODERATE
570.0,0.349,0.7,29.7,47.0,22.8,2.5,6.6,0.15,6.7,7.2,8.7,0,0,LOW
552.5,0.756,5.7,42.1,46.7,17.0,27.4,17.6,-0.26,17.5,16.4,16.3,0,1,MODERATE
552.4,0.758,0.1,0.8,30.2,17.9,0.3,7.3,0.11,7.4,7.4,9.7,0,0,LOW
542.2,0.995,69.0,188.9,100.0,21.9,100.0,40.3,8.69,53.5,67.2,90.1,0,3,CRITICAL
563.1,0.509,60.7,110.2,85.9,21.6,100.0,32.4,6.9,42.6,52.9,72.5,0,3,CRITICAL
563.6,0.498,9.1,40.1,46.9,13.4,55.7,18.0,0.2,18.8,18.3,18.5,0,1,MODERATE
557.9,0.63,23.5,37.9,42.1,17.0,100.0,31.1,4.61,38.0,45.3,59.6,0,3,CRITICAL
556.9,0.653,7.6,22.8,51.1,19.3,35.2,18.8,0.28,19.4,18.8,18.7,0,1,MODERATE
574.2,0.251,20.0,54.4,47.6,20.7,80.5,26.1,3.47,31.4,35.6,45.4,0,3,CRITICAL
584.0,0.023,29.5,55.7,59.9,22.6,100.0,24.6,4.08,30.7,37.2,47.0,0,3,CRITICAL
575.3,0.226,52.8,146.5,100.0,16.7,100.0,28.8,6.54,38.3,48.6,65.5,0,3,CRITICAL
557.9,0.63,9.2,47.7,51.4,10.8,76.6,27.2,3.43,31.9,36.7,46.4,0,3,CRITICAL
577.0,0.186,27.5,57.5,60.9,14.5,100.0,25.8,4.13,32.0,38.8,50.0,0,3,CRITICAL
580.4,0.107,5.6,21.7,34.6,14.5,23.4,10.9,-0.08,11.0,9.8,9.7,0,0,LOW
573.8,0.26,83.5,181.1,100.0,14.2,100.0,31.8,8.66,44.4,56.8,82.2,0,3,CRITICAL
555.7,0.681,0.5,12.4,40.2,21.8,1.6,12.2,-0.33,11.7,11.3,10.2,0,0,LOW
559.7,0.588,16.7,65.2,67.8,11.9,100.0,30.1,3.54,35.7,40.2,49.6,0,3,CRITICAL
564.3,0.481,19.4,52.4,59.4,15.8,100.0,33.4,3.74,39.1,45.0,53.8,0,3,CRITICAL
542.7,0.984,21.0,56.5,53.2,22.5,86.9,37.0,6.03,46.0,54.7,70.3,0,3,CRITICAL
563.5,0.5,2.3,5.0,25.7,14.7,7.0,10.2,0.01,10.7,9.6,10.3,0,0,LOW
557.3,0.644,50.2,157.6,100.0,22.6,100.0,35.4,7.59,46.4,57.5,80.7,0,3,CRITICAL
566.3,0.435,3.6,28.8,54.3,18.1,18.9,9.7,-0.03,9.8,9.5,8.1,0,0,LOW
571.8,0.307,17.5,36.3,49.4,19.9,76.0,25.9,3.65,31.8,37.5,46.7,0,3,CRITICAL
564.7,0.472,4.5,19.4,42.7,11.0,30.6,13.9,0.26,14.2,13.7,16.4,0,1,MODERATE
580.6,0.102,6.6,37.1,56.7,10.9,60.1,19.7,0.02,19.3,20.2,18.6,0,1,MODERATE
549.4,0.828,14.2,47.4,53.8,10.3,100.0,36.2,3.82,41.9,46.9,58.8,0,3,CRITICAL
546.3,0.9,9.7,52.6,66.2,16.6,67.7,27.0,-0.18,26.3,25.9,26.2,0,2,HIGH
542.2,0.995,3.1,40.4,57.9,13.9,22.6,21.0,0.25,21.4,20.8,23.6,0,1,MODERATE
582.7,0.053,3.4,30.3,39.0,16.2,14.3,7.0,-0.01,7.4,6.9,7.8,0,0,LOW
547.8,0.865,9.7,16.6,29.7,24.9,20.2,17.6,0.05,17.6,18.2,17.2,0,1,MODERATE
555.8,0.679,25.5,92.1,75.6,20.3,100.0,32.5,4.27,38.9,45.4,58.5,0,3,CRITICAL
551.1,0.788,41.1,120.7,93.2,15.0,100.0,38.0,6.12,46.8,56.2,74.9,0,3,CRITICAL
564.6,0.474,1.6,14.7,45.3,15.0,8.5,11.5,-0.08,11.8,10.5,11.5,0,0,LOW
560.9,0.56,9.0,32.4,39.5,24.6,25.3,16.1,0.18,16.3,15.9,17.1,0,1,MODERATE
567.9,0.398,1.9,15.3,31.6,11.7,9.0,10.9,-0.27,10.2,10.7,8.8,0,0,LOW
579.2,0.135,0.3,18.0,29.6,14.6,1.1,3.0,0.15,3.2,3.9,3.5,0,0,LOW
580.6,0.102,19.5,60.5,59.2,16.1,100.0,26.5,2.49,30.3,33.9,41.5,0,2,HIGH
578.2,0.158,16.6,34.0,55.1,20.0,80.0,21.7,2.62,25.7,29.4,36.7,0,2,HIGH
568.2,0.391,3.2,9.0,33.8,12.0,15.8,11.0,-0.05,10.7,10.7,9.0,0,0,LOW
555.5,0.686,4.8,15.9,38.3,16.6,19.4,16.6,-0.16,16.3,16.2,14.7,0,1,MODERATE
552.2,0.763,0.4,8.7,35.1,21.3,1.2,10.6,-0.31,10.0,10.4,8.5,0,0,LOW
563.5,0.5,32.4,83.2,79.5,24.7,100.0,29.4,4.88,36.6,43.6,57.9,0,3,CRITICAL
566.1,0.44,66.2,132.1,100.0,20.6,100.0,33.3,7.76,44.9,56.5,78.8,0,3,CRITICAL
542.2,0.995,2.6,6.9,25.0,22.3,5.1,13.7,-0.18,13.3,13.8,13.0,0,1,MODERATE
560.7,0.565,4.7,39.1,50.9,22.9,18.3,9.4,0.05,9.4,9.3,10.3,0,0,LOW
579.5,0.128,36.5,99.6,88.5,13.7,100.0,24.9,4.45,31.6,37.8,50.4,0,3,CRITICAL
570.1,0.347,47.0,150.8,100.0,19.8,100.0,28.1,6.36,38.1,46.8,66.1,0,3,CRITICAL
547.6,0.87,9.8,44.2,52.2,23.4,38.3,22.1,0.29,22.1,23.5,22.7,0,2,HIGH
546.7,0.891,0.9,17.4,44.2,16.0,4.4,15.1,-0.35,14.5,14.3,13.7,0,1,MODERATE
559.4,0.595,0.7,36.4,54.5,11.4,5.9,10.6,-0.23,10.4,9.6,10.9,0,0,LOW
559.5,0.593,15.4,62.0,70.9,23.6,81.0,26.9,3.68,32.5,37.6,48.9,0,3,CRITICAL
556.6,0.66,9.0,51.0,63.8,10.9,92.2,30.9,3.16,35.6,40.4,50.5,0,3,CRITICAL
545.4,0.921,0.5,2.0,31.2,20.5,1.3,14.6,-0.27,14.5,14.6,13.2,0,1,MODERATE
573.0,0.279,15.8,51.6,63.8,17.4,100.0,28.2,3.86,33.7,39.3,49.0,0,3,CRITICAL
556.8,0.656,0.2,38.8,58.7,21.1,1.0,11.2,-0.3,10.5,10.9,8.0,0,0,LOW
581.7,0.077,27.9,54.9,65.7,13.7,100.0,29.7,3.12,34.8,39.0,47.0,0,3,CRITICAL
569.7,0.356,6.6,20.1,44.4,12.2,42.0,17.0,-0.06,16.9,16.7,18.2,0,1,MODERATE
563.5,0.5,0.7,12.9,40.6,14.4,3.5,10.0,-0.1,9.8,9.2,9.9,0,0,LOW
558.9,0.607,16.0,51.0,48.5,23.0,59.0,24.5,0.23,25.0,24.8,26.1,0,2,HIGH
542.4,0.991,9.1,53.4,59.9,11.1,85.9,31.6,4.56,38.5,44.9,56.9,0,3,CRITICAL
563.8,0.493,65.6,149.4,100.0,13.9,100.0,29.6,7.73,41.1,52.8,76.1,0,3,CRITICAL
562.2,0.53,14.1,73.1,73.9,12.7,100.0,32.5,3.06,36.9,41.4,50.5,0,3,CRITICAL
566.4,0.433,5.8,44.3,52.7,13.9,38.5,14.4,0.31,15.3,15.0,14.8,0,1,MODERATE
548.3,0.853,22.2,65.5,71.1,14.1,100.0,37.5,5.11,44.7,53.4,66.8,0,3,CRITICAL
570.0,0.349,5.7,36.8,50.2,19.2,26.1,10.5,-0.09,10.3,10.7,10.5,0,0,LOW
553.6,0.73,42.2,73.5,66.2,25.0,100.0,36.1,5.89,45.0,52.9,68.8,0,3,CRITICAL
545.1,0.928,8.5,41.0,42.4,19.9,31.7,17.5,-0.08,17.6,18.2,17.1,0,1,MODERATE
551.3,0.784,14.4,66.8,54.4,10.9,100.0,37.5,4.28,44.0,51.2,63.1,0,3,CRITICAL
569.5,0.36,0.9,17.8,33.2,16.7,3.1,4.2,-0.23,4.0,4.0,4.6,0,0,LOW
547.6,0.87,10.0,23.5,50.9,17.4,51.2,24.4,-0.05,24.3,24.2,24.5,0,2,HIGH
576.0,0.209,32.1,91.7,77.9,17.8,100.0,28.5,4.08,34.8,41.0,52.6,0,3,CRITICAL
568.7,0.379,29.5,82.7,72.7,11.6,100.0,30.7,4.35,37.0,44.5,57.0,0,3,CRITICAL
565.4,0.456,4.6,27.5,41.0,24.6,13.4,12.2,-0.22,11.5,12.2,11.8,0,0,LOW
542.8,0.981,4.6,45.3,44.7,19.0,18.9,18.0,-0.21,18.1,17.3,17.9,0,1,MODERATE
577.7,0.17,30.6,123.7,89.1,15.0,100.0,26.4,4.81,33.2,41.1,54.6,0,3,CRITICAL
575.3,0.226,48.0,89.7,77.7,22.3,100.0,27.7,5.48,35.5,44.8,60.4,0,3,CRITICAL
579.0,0.14,1.8,28.5,37.1,22.0,5.3,5.8,0.11,5.6,6.2,5.7,0,0,LOW
568.3,0.388,10.8,58.2,65.5,20.1,61.6,22.6,0.34,22.7,22.6,23.2,0,2,HIGH
547.4,0.874,7.4,33.2,49.6,23.1,27.8,20.2,-0.14,20.1,18.8,20.8,0,1,MODERATE
580.1,0.114,36.8,108.6,86.3,12.6,100.0,27.7,4.68,35.1,42.1,55.6,0,3,CRITICAL
581.8,0.074,1.6,30.2,51.0,21.6,6.6,3.0,0.18,3.4,3.5,2.9,0,0,LOW
545.3,0.923,4.3,17.8,34.1,21.9,11.7,15.2,-0.23,15.0,14.4,13.7,0,1,MODERATE
550.3,0.807,25.1,68.5,60.2,19.8,100.0,34.3,5.7,42.5,51.8,66.9,0,3,CRITICAL
553.6,0.73,0.9,25.5,52.2,21.4,3.8,10.0,-0.0,10.2,10.1,8.2,0,0,LOW
566.7,0.426,12.2,66.0,68.3,16.7,87.3,28.9,3.81,34.6,41.2,51.6,0,3,CRITICAL
559.8,0.586,10.5,44.1,43.2,20.1,39.5,20.3,-0.1,19.7,20.8,20.8,0,1,MODERATE
582.3,0.063,7.3,31.1,44.6,25.0,22.8,7.3,0.09,7.2,8.2,7.4,0,0,LOW
560.5,0.57,9.0,48.7,60.5,20.9,45.6,20.4,0.26,21.3,21.6,20.3,0,1,MODERATE
553.6,0.73,13.6,22.3,32.8,24.8,31.5,17.0,0.1,17.1,17.7,17.4,0,1,MODERATE
560.0,0.581,3.2,37.9,57.5,15.4,20.9,12.9,-0.22,12.2,12.5,11.6,0,0,LOW
554.9,0.7,15.3,50.6,54.0,14.9,97.0,30.8,4.6,37.9,44.1,55.9,0,3,CRITICAL
575.7,0.216,29.5,94.5,81.3,11.8,100.0,29.8,4.36,36.7,43.6,56.3,0,3,CRITICAL
582.9,0.049,25.7,78.6,77.2,13.3,100.0,28.6,2.7,32.4,37.5,43.5,0,3,CRITICAL
565.4,0.456,3.0,23.2,42.2,19.5,11.4,11.3,-0.25,10.6,11.4,10.9,0,0,LOW
558.2,0.623,2.9,7.4,25.9,22.6,5.8,9.5,-0.27,9.2,8.1,9.2,0,0,LOW
561.8,0.54,5.6,12.0,28.4,16.9,16.5,13.6,0.1,13.9,13.8,13.9,0,1,MODERATE
550.7,0.798,8.1,56.6,56.5,10.5,76.3,32.2,3.72,37.3,43.3,54.2,0,3,CRITICAL
577.6,0.172,9.5,30.5,52.5,17.7,49.3,12.5,0.19,12.8,13.1,14.4,0,1,MODERATE
561.4,0.549,20.5,63.4,61.8,13.8,100.0,30.9,4.03,36.8,43.1,53.9,0,3,CRITICAL
571.5,0.314,1.1,21.0,35.6,17.5,3.9,8.4,-0.24,8.4,8.6,7.3,0,0,LOW
560.9,0.56,0.6,11.9,42.2,18.9,2.3,7.4,-0.32,7.4,7.1,6.6,0,0,LOW
551.3,0.784,9.0,23.4,44.9,11.0,64.3,25.4,0.05,25.7,26.5,24.9,0,2,HIGH
565.0,0.465,21.5,64.3,58.0,22.5,97.0,29.7,4.3,36.5,43.2,55.8,0,3,CRITICAL
569.6,0.358,3.9,24.3,38.7,18.5,14.3,9.9,-0.22,9.9,8.7,7.2,0,0,LOW
581.0,0.093,18.5,43.7,61.5,11.3,100.0,25.5,3.54,31.1,35.2,44.6,0,3,CRITICAL
573.3,0.272,5.4,27.9,45.6,10.4,41.4,13.3,-0.03,12.8,13.1,12.4,0,1,MODERATE
567.7,0.402,39.1,64.6,68.4,11.0,100.0,28.4,5.77,37.2,46.5,61.8,0,3,CRITICAL
566.3,0.435,40.7,89.5,77.3,11.1,100.0,34.1,5.08,42.0,49.4,62.0,0,3,CRITICAL
568.8,0.377,6.4,33.4,50.3,19.6,28.7,14.7,0.04,15.2,15.5,14.2,0,1,MODERATE
545.5,0.919,4.7,29.4,49.2,11.4,35.5,20.8,-0.03,20.4,20.9,19.4,0,1,MODERATE
542.1,0.998,9.5,43.7,53.0,10.4,84.7,35.6,4.87,42.7,49.5,65.6,0,3,CRITICAL
542.5,0.988,5.0,30.2,49.3,18.8,22.9,19.8,0.12,19.7,21.2,18.8,0,1,MODERATE
544.5,0.942,20.1,29.4,50.4,23.0,77.1,29.1,4.98,36.6,43.9,59.0,0,3,CRITICAL
571.5,0.314,31.5,93.9,76.3,14.0,100.0,32.5,4.72,39.7,47.3,61.2,0,3,CRITICAL
582.1,0.067,20.1,44.5,54.2,10.6,100.0,23.9,3.57,29.6,34.1,43.8,0,2,HIGH
568.8,0.377,31.3,50.1,63.4,17.3,100.0,32.1,4.03,38.0,43.8,56.1,0,3,CRITICAL
560.2,0.577,9.1,38.1,53.9,21.1,40.7,16.7,0.2,16.8,17.9,16.4,0,1,MODERATE
564.5,0.477,3.1,8.6,37.3,15.1,13.4,9.5,-0.17,8.8,9.9,9.8,0,0,LOW
546.4,0.898,24.1,83.4,69.0,15.5,100.0,39.6,4.91,47.4,54.3,66.3,0,3,CRITICAL
574.6,0.242,8.0,27.1,42.8,23.5,25.5,12.2,-0.15,12.5,11.2,10.5,0,0,LOW
552.8,0.749,20.0,58.2,60.5,22.0,96.2,33.9,4.84,41.1,49.3,60.8,0,3,CRITICAL
542.3,0.993,5.7,17.5,29.1,16.3,17.8,15.9,0.13,16.4,16.7,15.0,0,1,MODERATE
580.4,0.107,1.5,10.5,43.1,10.6,10.7,7.1,-0.05,7.0,6.3,7.7,0,0,LOW
564.4,0.479,88.3,234.8,100.0,21.2,100.0,28.9,9.4,43.3,57.4,82.9,0,3,CRITICAL
563.8,0.493,3.1,14.7,27.7,10.9,13.8,9.5,-0.26,9.3,8.6,8.9,0,0,LOW
582.3,0.063,80.3,220.6,100.0,15.6,100.0,23.9,7.21,34.4,44.8,67.3,0,3,CRITICAL
574.1,0.253,68.1,198.0,100.0,11.4,100.0,31.5,7.01,42.5,52.5,71.6,0,3,CRITICAL
558.3,0.621,28.4,86.2,76.6,13.2,100.0,33.4,4.68,40.4,47.6,60.7,0,3,CRITICAL
542.3,0.993,19.4,56.6,67.7,15.0,100.0,38.0,5.34,46.1,54.5,67.4,0,3,CRITICAL
549.6,0.823,15.5,53.6,51.3,19.9,69.9,29.0,0.39,29.4,30.5,30.8,0,2,HIGH
550.4,0.805,36.2,112.5,84.0,22.1,100.0,34.6,5.65,42.9,51.3,69.0,0,3,CRITICAL
548.6,0.847,6.2,47.9,48.1,14.2,36.8,19.8,-0.12,19.4,20.4,19.4,0,1,MODERATE
571.6,0.312,11.3,28.9,35.6,11.1,63.4,21.7,0.39,21.8,23.3,24.2,0,2,HIGH
576.3,0.202,17.4,50.5,52.0,10.6,100.0,27.7,3.67,32.9,39.2,49.4,0,3,CRITICAL
545.0,0.93,9.5,36.9,58.4,15.7,61.8,26.4,-0.1,26.3,26.5,26.9,0,2,HIGH
546.5,0.895,10.0,29.8,38.7,10.2,66.4,27.6,-0.0,28.1,28.1,29.1,0,2,HIGH
555.6,0.684,7.2,32.3,48.4,11.1,54.9,21.2,-0.16,21.0,20.9,20.9,0,1,MODERATE
577.4,0.177,15.0,72.0,73.8,21.4,90.5,25.9,2.72,29.5,33.2,43.1,0,2,HIGH
542.2,0.995,34.2,70.3,58.6,24.4,100.0,39.2,5.76,48.1,56.3,70.9,0,3,CRITICAL
570.0,0.349,4.1,37.9,44.7,21.7,14.8,7.5,0.16,7.7,8.5,9.7,0,0,LOW
549.5,0.826,49.0,154.7,100.0,17.4,100.0,35.4,7.78,47.4,58.2,82.1,0,3,CRITICAL
572.7,0.286,21.0,64.6,53.4,14.6,100.0,29.5,3.34,34.3,40.1,50.6,0,3,CRITICAL
566.5,0.43,31.2,100.2,77.6,20.7,100.0,29.7,4.25,35.7,43.0,52.7,0,3,CRITICAL
576.9,0.188,14.6,56.2,57.4,19.0,77.2,23.8,3.18,28.3,32.6,43.9,0,2,HIGH
557.3,0.644,27.2,75.1,57.7,10.9,100.0,34.8,4.45,41.0,48.2,60.4,0,3,CRITICAL
574.3,0.249,0.3,28.6,51.7,17.4,1.6,3.3,-0.07,2.8,2.2,2.2,0,0,LOW
576.9,0.188,30.7,46.8,60.5,11.7,100.0,27.3,4.73,34.1,41.3,54.9,0,3,CRITICAL
566.4,0.433,0.7,14.6,29.2,10.6,3.4,9.9,0.11,10.0,10.5,9.4,0,0,LOW
555.9,0.677,39.7,96.7,71.7,12.9,100.0,35.0,5.48,43.4,52.3,65.6,0,3,CRITICAL
578.6,0.149,86.8,217.2,100.0,22.5,100.0,26.7,7.93,39.0,50.0,73.1,0,3,CRITICAL
545.5,0.919,6.3,47.3,44.4,17.0,28.8,17.1,0.02,16.7,17.6,16.7,0,1,MODERATE
571.9,0.305,4.3,31.1,44.2,22.6,14.7,6.6,0.1,7.1,6.4,8.8,0,0,LOW
557.6,0.637,26.1,52.1,49.8,12.0,100.0,36.5,4.23,43.2,49.3,60.6,0,3,CRITICAL
547.1,0.881,5.3,43.6,49.1,11.1,41.0,23.2,-0.09,22.8,23.2,21.0,0,2,HIGH
559.0,0.605,36.1,89.6,83.5,22.5,100.0,35.2,5.12,43.4,50.5,63.4,0,3,CRITICAL
578.2,0.158,2.0,28.8,42.8,15.1,9.9,3.8,-0.33,3.6,2.3,3.6,0,0,LOW
583.1,0.044,2.4,15.4,32.1,11.5,11.7,3.4,-0.05,3.5,2.3,3.3,0,0,LOW
546.4,0.898,69.7,114.5,84.5,11.4,100.0,35.6,9.1,49.4,62.4,87.9,0,3,CRITICAL
583.5,0.035,20.2,58.5,54.4,19.5,98.6,29.0,3.5,34.1,39.9,50.1,0,3,CRITICAL
582.9,0.049,33.8,91.3,78.5,10.9,100.0,26.6,4.47,33.7,39.1,51.5,0,3,CRITICAL
542.1,0.998,7.1,26.7,45.4,18.2,31.0,21.3,-0.01,20.8,21.5,22.5,0,1,MODERATE
574.9,0.235,20.3,64.2,54.5,24.7,78.4,23.9,2.95,28.6,32.7,41.5,0,2,HIGH
576.5,0.198,16.2,30.5,43.1,12.4,98.5,25.9,3.25,30.8,36.5,46.5,0,3,CRITICAL
573.5,0.267,16.6,51.6,56.6,21.2,77.6,24.4,3.74,30.1,36.2,44.9,0,3,CRITICAL
548.1,0.858,20.7,58.8,68.3,24.7,100.0,33.8,4.35,40.1,47.4,58.5,0,3,CRITICAL
554.2,0.716,15.4,39.6,44.9,21.8,55.5,24.8,0.33,25.5,25.0,28.2,0,2,HIGH
582.2,0.065,10.1,40.8,41.7,14.4,51.2,15.1,0.02,15.6,16.1,13.6,0,1,MODERATE
569.0,0.372,5.8,54.5,61.6,15.3,40.9,15.5,0.3,15.9,17.2,15.9,0,1,MODERATE
561.3,0.551,26.3,47.6,52.1,11.4,100.0,35.3,4.9,42.7,50.9,62.9,0,3,CRITICAL
544.4,0.944,4.6,19.9,38.6,14.5,21.4,14.9,0.19,15.1,15.3,14.6,0,1,MODERATE
544.5,0.942,21.2,46.7,50.6,15.0,100.0,39.8,4.85,47.2,53.7,68.8,0,3,CRITICAL
561.4,0.549,4.8,14.7,27.9,18.6,12.6,9.5,-0.26,9.0,9.1,6.5,0,0,LOW
552.6,0.753,17.7,73.5,63.8,18.2,100.0,35.4,4.63,42.3,49.5,61.2,0,3,CRITICAL
578.5,0.151,24.7,83.7,79.9,10.4,100.0,30.3,4.0,36.8,41.6,53.8,0,3,CRITICAL
570.0,0.349,4.4,29.5,36.9,22.2,12.8,10.1,0.25,10.3,10.4,11.2,0,0,LOW
582.5,0.058,1.1,12.6,37.4,15.3,4.7,3.0,0.16,3.3,4.3,2.3,0,0,LOW
571.3,0.319,2.5,45.5,61.6,13.7,19.7,12.7,0.23,13.1,12.7,13.9,0,0,LOW
542.7,0.984,16.8,71.1,65.8,11.8,100.0,35.7,4.82,42.8,50.8,62.8,0,3,CRITICAL
564.7,0.472,34.1,100.6,77.0,10.2,100.0,29.8,5.8,38.9,47.3,63.1,0,3,CRITICAL
577.8,0.167,0.8,31.6,38.2,22.6,2.4,5.4,-0.07,5.6,4.6,6.3,0,0,LOW
576.8,0.191,23.8,93.2,83.6,15.1,100.0,25.4,3.53,30.4,35.0,46.5,0,3,CRITICAL
551.7,0.774,7.5,32.1,46.6,10.3,59.4,26.6,0.13,26.8,26.8,26.1,0,2,HIGH
571.6,0.312,11.7,49.9,47.4,10.3,94.2,25.4,2.95,29.4,34.2,42.9,0,2,HIGH
584.1,0.021,47.6,115.9,84.1,24.0,100.0,24.9,5.63,33.4,42.8,56.2,0,3,CRITICAL
555.3,0.691,7.3,46.7,52.8,18.3,36.9,17.3,-0.18,17.2,17.0,17.1,0,1,MODERATE
558.0,0.628,11.3,46.8,55.4,16.9,64.8,22.7,0.05,23.0,22.3,23.8,0,2,HIGH
551.4,0.781,0.2,38.5,49.0,10.6,1.6,11.8,-0.02,11.3,12.1,10.0,0,0,LOW
559.6,0.591,1.5,31.0,55.0,23.9,6.0,8.2,0.04,8.1,7.4,8.2,0,0,LOW
564.3,0.481,5.4,19.9,41.5,17.6,22.3,11.7,0.13,11.5,12.4,12.2,0,0,LOW
582.1,0.067,0.5,26.3,44.8,17.1,2.3,3.0,0.02,2.7,2.5,4.0,0,0,LOW
561.0,0.558,18.0,51.2,50.6,10.7,100.0,31.0,3.45,36.7,40.7,49.5,0,3,CRITICAL
556.8,0.656,10.0,51.4,61.8,21.2,51.0,19.5,-0.13,18.9,20.1,18.6,0,1,MODERATE
581.8,0.074,14.3,38.9,44.6,18.1,61.7,19.6,0.34,20.3,20.2,20.8,0,1,MODERATE
583.5,0.035,3.5,41.2,49.0,14.6,20.6,9.0,0.26,9.0,9.0,10.1,0,0,LOW
565.0,0.465,6.3,29.7,39.5,19.6,22.2,9.2,0.05,9.4,10.1,8.7,0,0,LOW
565.6,0.451,19.6,36.9,51.8,17.1,100.0,32.8,4.53,39.5,47.2,57.3,0,3,CRITICAL
564.8,0.47,60.5,104.3,91.0,23.5,100.0,31.7,7.45,43.1,54.4,74.1,0,3,CRITICAL
582.8,0.051,0.9,9.6,35.3,12.6,4.4,3.0,-0.26,2.8,1.3,3.1,0,0,LOW
565.4,0.456,39.8,93.9,83.6,11.2,100.0,31.9,5.86,40.7,48.9,67.4,0,3,CRITICAL
574.8,0.237,15.5,41.3,55.5,10.1,100.0,27.9,3.31,32.4,38.6,47.2,0,3,CRITICAL
573.8,0.26,14.9,29.0,36.1,14.3,65.8,20.1,0.25,20.7,20.2,22.2,0,1,MODERATE
559.5,0.593,12.5,39.3,44.3,20.9,46.4,20.6,0.38,20.8,21.7,23.5,0,1,MODERATE
566.0,0.442,1.3,17.3,46.6,19.9,5.3,5.7,0.04,5.8,4.9,4.8,0,0,LOW
550.6,0.8,1.7,19.7,42.9,13.7,9.3,11.8,0.18,12.0,12.4,12.5,0,0,LOW
548.6,0.847,16.5,56.7,48.6,12.4,100.0,38.6,4.96,46.1,52.6,66.8,0,3,CRITICAL
543.3,0.97,7.5,32.7,47.1,12.6,49.1,25.0,-0.1,25.0,24.1,25.0,0,2,HIGH
556.1,0.672,44.9,108.4,89.3,10.9,100.0,34.4,6.01,43.9,51.8,69.1,0,3,CRITICAL
583.1,0.044,9.4,29.8,41.9,18.9,36.5,9.1,0.25,9.6,10.3,9.6,0,0,LOW
583.6,0.033,2.8,21.7,43.5,22.2,9.6,3.3,0.17,3.1,3.7,5.7,0,0,LOW
577.8,0.167,22.6,61.7,70.7,22.3,100.0,27.3,3.56,32.2,38.1,47.5,0,3,CRITICAL
543.6,0.963,6.3,36.6,39.8,12.3,35.7,23.8,-0.27,23.2,22.2,24.0,0,2,HIGH
579.2,0.135,13.4,39.4,54.8,11.9,100.0,27.9,2.37,31.3,34.4,42.8,0,2,HIGH
565.4,0.456,21.5,76.4,59.6,23.9,93.8,31.7,3.55,37.0,43.3,50.6,0,3,CRITICAL
559.9,0.584,41.5,124.6,95.3,15.0,100.0,30.4,5.64,38.9,48.0,61.5,0,3,CRITICAL
557.5,0.64,28.3,58.4,57.5,18.2,100.0,34.5,5.8,43.1,52.8,67.2,0,3,CRITICAL
552.6,0.753,20.3,81.8,69.2,11.3,100.0,37.2,4.42,43.6,50.4,62.8,0,3,CRITICAL
563.3,0.505,20.5,64.3,65.9,14.1,100.0,31.1,3.75,36.3,43.3,54.4,0,3,CRITICAL
564.1,0.486,52.5,139.2,95.8,23.1,100.0,34.3,6.2,43.7,53.9,68.6,0,3,CRITICAL
547.6,0.87,6.3,10.4,32.2,22.7,15.6,15.3,-0.24,14.6,14.5,14.0,0,1,MODERATE
568.6,0.381,0.0,23.5,42.7,11.1,0.0,5.0,-0.33,4.0,3.5,3.9,0,0,LOW
551.0,0.791,5.7,20.0,34.5,21.9,15.7,17.4,0.15,17.2,17.3,17.4,0,1,MODERATE
568.9,0.374,4.4,44.0,53.0,10.1,40.4,17.0,-0.12,17.2,15.7,16.0,0,1,MODERATE
578.7,0.147,19.5,66.3,71.5,10.0,100.0,27.7,3.51,33.0,38.5,47.0,0,3,CRITICAL
545.4,0.921,18.1,37.6,42.1,17.1,78.0,30.8,4.69,37.7,44.0,59.4,0,3,CRITICAL
559.4,0.595,16.2,45.7,52.3,17.8,83.3,27.2,3.51,32.0,36.8,49.0,0,3,CRITICAL
563.3,0.505,0.3,0.8,27.2,10.9,1.3,9.7,0.2,10.0,10.3,11.3,0,0,LOW
583.1,0.044,23.5,40.9,48.5,21.7,91.9,26.0,3.88,32.1,37.5,50.2,0,3,CRITICAL
571.0,0.326,7.0,22.9,51.1,16.6,37.7,13.8,0.22,13.8,14.0,14.6,0,1,MODERATE
567.8,0.4,19.7,49.4,46.4,13.2,100.0,32.4,4.42,39.3,46.4,59.7,0,3,CRITICAL
556.1,0.672,14.6,57.0,53.8,21.8,63.1,24.1,0.01,24.4,23.5,22.4,0,2,HIGH
550.4,0.805,7.6,41.6,57.1,14.7,51.7,24.8,0.32,25.4,25.5,25.0,0,2,HIGH
572.3,0.295,2.6,35.7,51.6,17.7,13.3,9.4,-0.04,8.9,8.5,9.7,0,0,LOW
550.3,0.807,1.8,42.5,51.8,13.9,11.7,11.2,0.12,11.3,12.4,13.3,0,0,LOW
579.3,0.133,32.1,104.6,75.5,21.1,100.0,28.2,4.72,35.4,42.7,54.8,0,3,CRITICAL
582.6,0.056,45.1,65.7,68.7,14.1,100.0,28.8,4.73,36.2,43.2,56.6,0,3,CRITICAL
581.5,0.081,18.9,50.8,53.1,22.8,77.0,22.8,2.94,27.6,30.7,40.4,0,2,HIGH
582.5,0.058,2.0,38.1,58.6,16.6,12.4,3.0,0.05,2.7,3.7,2.5,0,0,LOW
552.2,0.763,9.3,37.7,46.4,17.3,43.7,20.2,0.13,20.6,20.0,19.6,0,1,MODERATE
582.9,0.049,23.5,62.5,60.8,17.0,100.0,27.1,3.21,31.7,36.6,47.5,0,3,CRITICAL
576.8,0.191,27.2,58.1,55.7,20.1,100.0,30.8,3.96,36.9,43.1,55.2,0,3,CRITICAL
550.7,0.798,2.3,27.3,41.2,18.8,8.8,12.2,-0.19,11.5,12.0,10.7,0,0,LOW
553.6,0.73,0.0,17.1,38.7,24.9,0.0,9.1,0.12,9.3,9.4,9.5,0,0,LOW
566.3,0.435,22.4,67.9,56.4,20.4,100.0,30.2,3.44,35.6,40.8,50.5,0,3,CRITICAL
571.5,0.314,7.9,29.9,40.5,16.9,33.1,12.8,-0.02,12.5,13.2,12.6,0,1,MODERATE
559.7,0.588,5.3,20.2,39.3,19.7,18.5,13.0,-0.13,12.4,12.2,10.8,0,0,LOW
568.4,0.386,0.2,37.7,46.5,10.1,1.6,5.7,-0.29,5.3,5.6,3.0,0,0,LOW
559.8,0.586,14.0,62.4,53.5,23.6,55.5,22.3,0.27,22.7,23.1,22.1,0,2,HIGH
572.9,0.281,34.3,65.1,64.1,20.1,100.0,27.7,5.15,35.6,44.1,57.2,0,3,CRITICAL
582.8,0.051,56.9,181.7,100.0,17.2,100.0,28.2,6.34,38.0,47.8,63.5,0,3,CRITICAL
584.2,0.019,15.0,39.3,47.7,16.1,77.8,22.1,2.85,26.7,30.5,38.3,0,2,HIGH
552.0,0.767,13.0,42.8,45.6,18.0,57.6,23.1,0.42,23.4,25.0,24.2,0,2,HIGH
571.4,0.316,1.6,20.3,30.7,13.8,6.2,5.7,0.12,5.7,6.0,4.7,0,0,LOW
555.5,0.686,14.3,36.9,57.6,13.7,100.0,32.8,4.2,38.9,44.6,55.8,0,3,CRITICAL
562.0,0.535,8.6,48.9,57.5,22.7,38.1,18.1,0.29,18.7,19.8,21.3,0,1,MODERATE
549.0,0.837,16.8,21.3,44.1,12.4,100.0,33.2,4.31,39.6,45.2,58.7,0,3,CRITICAL
559.2,0.6,8.9,33.5,37.5,23.9,24.4,14.9,0.3,15.0,16.4,16.0,0,1,MODERATE
576.7,0.193,4.9,16.9,47.5,23.9,17.0,8.4,-0.11,8.4,8.5,6.5,0,0,LOW
560.2,0.577,1.8,37.2,51.6,12.6,12.9,10.8,0.19,11.5,11.5,13.2,0,0,LOW
576.6,0.195,6.8,43.8,50.6,22.6,26.6,8.9,-0.17,8.2,7.9,9.0,0,0,LOW
561.3,0.551,1.8,8.3,41.5,20.8,6.3,11.9,0.17,12.5,13.2,13.9,0,1,MODERATE
544.3,0.947,3.5,9.1,28.8,18.0,9.8,12.2,0.06,12.7,12.4,11.6,0,0,LOW
549.8,0.819,78.6,178.7,100.0,19.5,100.0,35.4,9.89,50.6,64.6,93.7,0,3,CRITICAL
547.5,0.872,10.6,26.4,48.4,18.1,49.6,25.3,0.06,25.6,25.4,24.9,0,2,HIGH
544.2,0.949,13.7,73.3,71.7,19.3,89.1,35.9,4.73,43.1,50.9,64.0,0,3,CRITICAL
577.6,0.172,37.2,116.7,94.7,13.9,100.0,26.1,4.85,33.8,40.5,55.4,0,3,CRITICAL
564.9,0.467,97.5,283.9,100.0,17.4,100.0,34.5,9.6,49.2,63.9,92.0,0,3,CRITICAL
554.2,0.716,15.7,68.5,71.2,13.7,100.0,36.2,4.71,43.2,49.9,62.0,0,3,CRITICAL
579.4,0.13,30.1,66.4,70.7,23.3,100.0,25.4,3.62,31.1,36.6,45.7,0,3,CRITICAL
553.6,0.73,7.1,19.7,31.0,19.3,20.0,15.7,0.13,15.5,16.3,17.5,0,1,MODERATE
557.0,0.651,6.6,22.9,40.2,14.9,31.2,18.4,-0.13,18.0,17.6,17.0,0,1,MODERATE
583.5,0.035,9.3,30.0,52.8,21.4,40.2,11.8,0.2,11.9,11.4,13.3,0,0,LOW
549.1,0.835,20.1,83.6,63.9,15.3,100.0,38.6,5.63,47.1,55.0,72.6,0,3,CRITICAL
556.7,0.658,20.6,32.0,36.8,21.4,62.0,25.2,0.47,25.6,26.0,28.4,0,2,HIGH
579.8,0.121,6.8,45.5,56.4,21.5,31.2,9.5,-0.06,9.8,10.3,10.3,0,0,LOW
580.2,0.112,2.6,24.3,39.8,15.2,11.9,7.9,-0.02,7.6,8.8,6.8,0,0,LOW
552.4,0.758,18.0,49.9,46.4,18.7,78.2,28.8,5.29,36.7,44.4,59.3,0,3,CRITICAL
560.9,0.56,2.5,38.1,49.6,22.8,9.5,11.2,-0.01,11.2,11.6,12.3,0,0,LOW
552.4,0.758,15.6,37.8,52.5,11.1,100.0,35.7,4.29,42.0,48.9,61.9,0,3,CRITICAL
571.3,0.319,21.3,65.8,65.6,21.0,100.0,31.8,4.13,37.8,44.0,56.4,0,3,CRITICAL
571.2,0.321,21.7,57.8,66.8,23.7,100.0,29.5,4.45,36.5,42.9,54.8,0,3,CRITICAL
561.4,0.549,25.2,75.3,68.7,10.5,100.0,30.4,4.62,37.7,44.6,55.9,0,3,CRITICAL
552.8,0.749,37.1,115.0,78.4,16.9,100.0,33.7,6.21,43.1,53.0,71.2,0,3,CRITICAL
552.8,0.749,12.5,42.5,44.6,12.2,80.0,30.8,3.76,36.8,41.6,53.3,0,3,CRITICAL
552.1,0.765,23.6,51.5,63.9,19.8,100.0,36.7,4.3,42.7,48.7,60.5,0,3,CRITICAL
559.1,0.602,17.4,70.6,74.7,11.1,100.0,32.6,4.61,39.3,45.7,59.1,0,3,CRITICAL
584.1,0.021,3.7,24.7,45.6,14.1,20.9,3.9,-0.31,3.6,2.4,1.0,0,0,LOW
556.7,0.658,0.5,40.4,54.3,18.2,2.6,7.2,0.02,7.6,7.8,5.6,0,0,LOW
542.2,0.995,6.0,17.5,46.1,13.3,36.4,19.6,-0.18,19.4,18.2,19.8,0,1,MODERATE
563.2,0.507,10.5,43.3,59.2,20.7,52.6,18.8,0.38,19.4,19.0,20.3,0,1,MODERATE
565.9,0.444,17.3,43.0,51.3,13.2,100.0,33.4,3.45,38.9,43.3,52.6,0,3,CRITICAL
547.0,0.884,34.1,93.3,67.9,16.8,100.0,37.5,6.17,46.7,56.1,73.7,0,3,CRITICAL
545.1,0.928,3.9,10.2,26.3,12.4,14.5,16.4,-0.02,16.1,16.6,17.9,0,1,MODERATE
564.9,0.467,2.4,7.2,25.5,10.9,9.8,8.1,-0.12,7.9,8.5,7.1,0,0,LOW
556.2,0.67,59.6,149.8,100.0,18.9,100.0,36.4,8.15,48.3,61.1,85.0,0,3,CRITICAL
555.8,0.679,2.1,33.6,42.4,17.3,9.0,12.0,-0.31,12.0,11.7,11.1,0,0,LOW
572.8,0.284,11.7,50.0,59.8,24.1,50.8,17.3,0.16,17.9,17.4,17.2,0,1,MODERATE
543.8,0.958,15.9,31.8,40.2,14.0,79.9,30.7,4.56,37.9,43.7,58.2,0,3,CRITICAL
578.5,0.151,14.0,23.0,50.6,17.0,72.9,20.1,0.15,20.0,21.0,21.4,0,1,MODERATE
576.6,0.195,1.6,7.5,32.2,17.9,5.0,3.6,-0.31,3.5,2.0,3.6,0,0,LOW
550.7,0.798,1.1,34.0,47.1,11.3,8.0,14.4,-0.27,13.9,13.0,11.9,0,1,MODERATE
543.3,0.97,2.0,7.0,42.4,23.8,6.2,14.5,0.22,15.1,16.1,14.0,0,1,MODERATE
580.2,0.112,15.9,49.4,58.6,11.6,100.0,29.0,2.8,33.0,37.8,44.3,0,3,CRITICAL
559.1,0.602,14.1,57.3,57.9,17.3,82.6,26.4,3.33,31.0,36.2,44.3,0,3,CRITICAL
566.3,0.435,4.8,51.3,62.7,23.1,22.8,14.9,0.24,15.7,16.4,15.0,0,1,MODERATE
556.4,0.665,18.3,68.6,70.9,16.8,100.0,31.4,4.3,37.4,44.1,56.0,0,3,CRITICAL
569.7,0.356,30.9,90.3,81.8,11.5,100.0,30.1,4.21,36.8,43.4,54.3,0,3,CRITICAL
566.5,0.43,0.8,19.9,49.5,15.1,4.6,6.2,-0.12,5.9,6.0,5.8,0,0,LOW
571.9,0.305,12.4,61.6,55.2,22.4,53.5,17.3,0.08,17.8,16.6,18.6,0,1,MODERATE
583.9,0.026,21.0,73.3,71.4,10.5,100.0,24.9,3.33,30.3,34.6,44.7,0,2,HIGH
544.7,0.937,5.2,35.7,39.4,19.7,18.2,18.4,0.08,19.0,19.1,19.3,0,1,MODERATE
551.6,0.777,6.6,36.3,47.9,17.4,31.8,17.3,0.09,17.0,16.8,18.3,0,1,MODERATE
569.6,0.358,17.1,61.0,64.2,22.9,83.9,24.7,3.93,30.9,35.7,46.1,0,3,CRITICAL
574.5,0.244,41.1,117.4,98.1,23.5,100.0,26.0,4.68,33.3,40.1,52.5,0,3,CRITICAL
571.9,0.305,29.9,57.6,65.4,23.6,100.0,26.8,5.05,34.4,41.7,54.6,0,3,CRITICAL
564.4,0.479,15.7,33.4,53.0,13.1,100.0,30.2,3.61,35.2,42.0,51.2,0,3,CRITICAL
561.0,0.558,23.6,82.4,79.6,14.3,100.0,30.6,5.14,38.1,46.4,60.3,0,3,CRITICAL
548.2,0.856,8.2,40.0,45.8,10.3,63.8,26.7,0.06,26.4,27.2,25.8,0,2,HIGH
564.7,0.472,18.4,64.5,52.7,20.8,81.6,27.9,4.03,33.8,39.8,50.1,0,3,CRITICAL
572.5,0.291,11.3,26.8,38.7,21.8,35.1,12.5,0.09,13.0,12.2,14.3,0,0,LOW
550.1,0.812,3.8,13.0,41.9,22.6,12.3,16.3,-0.09,16.1,15.6,14.9,0,1,MODERATE
546.5,0.895,21.8,76.3,63.2,23.8,100.0,36.5,4.99,43.7,52.0,64.7,0,3,CRITICAL
578.3,0.156,14.6,58.8,68.2,11.7,100.0,28.4,2.16,31.5,34.8,40.0,0,2,HIGH
571.6,0.312,8.0,33.6,43.4,19.6,31.0,9.7,0.14,9.7,10.4,10.0,0,0,LOW
580.0,0.116,43.6,83.7,72.4,10.7,100.0,26.9,4.75,34.0,40.7,53.5,0,3,CRITICAL
570.7,0.333,0.4,18.8,30.3,18.0,1.2,3.7,-0.18,3.2,2.5,4.2,0,0,LOW
575.6,0.219,6.8,32.7,42.1,24.3,20.6,10.3,0.06,10.3,9.5,9.5,0,0,LOW
557.7,0.635,1.1,6.1,31.5,22.4,2.7,8.2,-0.31,7.5,6.5,7.4,0,0,LOW
570.2,0.344,26.2,36.8,51.9,16.9,100.0,28.5,4.42,35.3,40.9,52.9,0,3,CRITICAL
566.8,0.423,21.8,64.2,68.2,17.8,100.0,29.8,4.78,37.2,44.5,56.2,0,3,CRITICAL
562.4,0.526,7.2,27.9,43.7,11.6,47.5,18.1,0.13,18.8,17.9,20.1,0,1,MODERATE
542.2,0.995,20.3,70.8,61.0,17.3,100.0,40.4,4.99,48.3,54.4,68.2,0,3,CRITICAL
576.1,0.207,9.1,55.3,59.6,12.4,76.5,23.0,1.81,25.6,29.1,33.9,0,2,HIGH
574.8,0.237,25.4,73.7,57.5,20.4,100.0,27.3,3.76,32.8,39.2,49.6,0,3,CRITICAL
565.9,0.444,10.9,50.9,64.0,13.6,89.8,31.1,2.96,35.2,39.8,50.0,0,3,CRITICAL
565.8,0.447,9.6,38.9,52.8,11.8,75.2,25.3,3.21,29.6,35.3,42.1,0,3,CRITICAL
556.3,0.667,49.1,95.8,78.8,16.0,100.0,34.2,6.82,44.1,55.1,75.0,0,3,CRITICAL
548.6,0.847,5.2,53.7,47.1,11.1,38.6,23.7,0.03,24.1,23.6,24.7,0,2,HIGH
582.4,0.06,2.3,31.8,45.2,24.2,7.5,3.0,-0.29,2.3,1.8,3.0,0,0,LOW
544.9,0.933,15.8,56.0,56.9,22.6,69.6,30.7,-0.01,30.9,30.9,29.4,0,2,HIGH
577.3,0.179,62.7,168.8,100.0,19.9,100.0,27.6,6.46,37.6,46.5,65.4,0,3,CRITICAL
572.3,0.295,8.5,37.9,54.4,19.6,41.3,15.1,0.16,15.1,15.2,16.4,0,1,MODERATE
544.3,0.947,1.2,32.7,40.9,13.6,6.3,13.1,-0.06,12.9,13.6,11.5,0,1,MODERATE
564.2,0.484,7.5,27.7,38.2,17.7,28.3,14.5,0.28,14.5,15.5,15.6,0,1,MODERATE
583.3,0.04,12.7,41.1,40.9,19.5,46.6,13.6,-0.09,13.7,13.5,14.0,0,1,MODERATE
584.2,0.019,3.2,42.7,60.0,14.5,23.2,6.6,0.0,6.7,5.9,5.0,0,0,LOW
562.0,0.535,19.3,67.6,67.4,20.3,100.0,31.1,4.66,38.5,44.2,56.6,0,3,CRITICAL
583.0,0.047,109.7,318.8,100.0,14.2,100.0,28.3,9.84,43.3,57.4,84.5,0,3,CRITICAL
578.2,0.158,10.8,29.9,38.6,23.7,30.8,10.7,0.05,11.0,11.5,12.7,0,0,LOW
563.2,0.507,7.9,12.7,27.5,19.6,19.4,9.1,0.03,8.7,9.3,9.3,0,0,LOW
579.2,0.135,9.2,51.5,65.6,16.7,63.2,19.5,0.18,19.9,19.7,22.3,0,1,MODERATE
580.9,0.095,2.2,40.2,48.5,10.4,18.0,7.8,-0.19,7.8,7.7,4.9,0,0,LOW
556.6,0.66,38.7,91.3,81.3,15.7,100.0,31.8,6.3,41.0,51.0,69.0,0,3,CRITICAL
575.7,0.216,9.6,22.1,50.5,15.2,55.8,18.0,-0.18,18.1,17.4,15.7,0,1,MODERATE
571.9,0.305,8.8,23.6,50.6,22.1,35.3,13.3,0.07,13.1,13.1,13.6,0,1,MODERATE
554.4,0.712,19.4,73.4,75.8,24.2,100.0,34.7,4.33,40.8,47.8,58.1,0,3,CRITICAL
568.6,0.381,10.5,54.0,47.7,20.4,43.0,15.8,-0.03,15.7,16.0,16.3,0,1,MODERATE
563.7,0.495,18.8,82.8,64.1,20.2,100.0,29.9,3.27,35.1,39.8,50.2,0,3,CRITICAL
561.6,0.544,1.1,32.8,45.1,18.3,4.7,9.6,-0.27,9.2,8.8,7.5,0,0,LOW
561.3,0.551,30.2,85.3,69.3,16.2,100.0,31.6,4.87,38.9,45.3,61.5,0,3,CRITICAL
574.8,0.237,50.8,121.4,90.2,12.5,100.0,28.3,6.47,38.0,46.9,64.2,0,3,CRITICAL
544.3,0.947,18.8,43.3,54.5,15.1,100.0,35.9,4.8,43.2,50.0,64.0,0,3,CRITICAL
569.3,0.365,55.6,165.0,100.0,14.3,100.0,28.1,6.91,38.3,48.5,69.1,0,3,CRITICAL
551.1,0.788,3.0,6.2,35.2,15.0,12.3,11.2,-0.3,10.4,10.1,8.1,0,0,LOW
565.0,0.465,11.7,57.3,61.7,15.2,83.1,27.7,2.84,32.0,37.1,44.8,0,3,CRITICAL
552.6,0.753,16.6,50.7,46.9,20.0,68.1,26.8,0.51,27.5,27.5,29.8,0,2,HIGH
579.0,0.14,15.7,51.9,59.9,16.9,97.4,29.7,2.4,32.9,36.4,44.1,0,3,CRITICAL
542.1,0.998,9.2,33.0,39.6,11.5,55.4,25.4,0.19,25.8,25.5,25.6,0,2,HIGH
568.0,0.395,7.4,32.6,45.9,20.5,29.0,13.1,0.1,13.5,13.2,13.3,0,1,MODERATE
573.7,0.263,2.4,26.6,42.9,16.9,10.7,5.7,0.08,5.8,5.1,5.4,0,0,LOW
545.5,0.919,8.9,44.9,45.7,11.0,64.7,29.4,0.28,30.1,30.5,29.3,0,2,HIGH
555.8,0.679,3.2,12.6,34.7,15.6,12.5,13.5,-0.04,13.0,14.2,15.0,0,1,MODERATE
564.9,0.467,23.9,101.3,83.1,18.1,100.0,34.4,4.24,40.8,46.9,60.3,0,3,CRITICAL
546.0,0.907,4.2,26.8,37.9,17.4,16.0,14.3,0.2,14.2,14.9,16.1,0,1,MODERATE
557.0,0.651,1.1,7.3,38.4,21.5,3.4,12.6,-0.18,12.5,11.5,12.7,0,0,LOW
571.8,0.307,14.5,48.7,50.1,14.8,85.9,26.2,3.8,32.2,38.6,49.4,0,3,CRITICAL
562.0,0.535,16.3,53.0,64.7,14.2,100.0,30.2,4.37,36.5,43.3,53.9,0,3,CRITICAL
550.8,0.795,37.0,97.3,87.8,11.9,100.0,37.0,5.52,45.2,54.1,70.3,0,3,CRITICAL
558.7,0.612,15.5,50.1,49.2,20.2,66.1,21.9,0.3,22.8,23.3,25.3,0,2,HIGH
550.9,0.793,7.6,33.9,38.4,16.1,31.7,16.5,0.23,17.0,17.2,19.0,0,1,MODERATE
556.2,0.67,29.2,68.3,71.7,14.0,100.0,34.9,5.6,43.7,52.4,65.9,0,3,CRITICAL
547.6,0.87,14.0,36.5,48.4,10.7,100.0,37.8,4.99,45.1,52.5,66.3,0,3,CRITICAL
569.2,0.367,1.5,36.5,58.1,15.0,10.2,8.9,-0.28,8.1,7.1,6.6,0,0,LOW
573.1,0.277,15.0,59.2,54.3,21.5,66.3,23.3,0.48,24.5,25.0,24.3,0,2,HIGH
557.7,0.635,43.0,112.3,85.6,22.7,100.0,31.6,5.93,40.5,48.5,65.5,0,3,CRITICAL
566.2,0.437,9.1,63.8,56.4,15.0,59.9,23.9,0.02,23.9,24.1,22.4,0,2,HIGH
575.1,0.23,6.3,48.5,56.5,21.7,28.7,9.7,0.2,10.1,9.4,12.2,0,0,LOW
572.8,0.284,2.8,43.9,58.5,22.6,12.7,10.0,-0.34,9.6,9.4,6.7,0,0,LOW
569.1,0.37,3.0,30.6,35.5,13.8,13.5,11.1,-0.12,10.5,11.4,8.7,0,0,LOW
559.7,0.588,10.2,39.8,46.4,18.9,43.8,19.7,0.38,19.8,20.6,22.0,0,1,MODERATE
559.1,0.602,16.3,69.6,69.8,20.7,96.2,30.3,3.56,35.3,40.5,49.2,0,3,CRITICAL
559.2,0.6,1.5,26.4,50.5,22.4,5.9,11.8,-0.09,12.0,12.0,10.4,0,0,LOW
574.6,0.242,50.5,91.2,79.0,22.0,100.0,31.0,6.62,40.6,50.0,70.6,0,3,CRITICAL
565.5,0.453,25.3,67.4,58.0,18.3,100.0,32.5,5.03,40.3,47.1,62.5,0,3,CRITICAL
547.7,0.867,15.9,39.6,42.5,13.9,85.1,33.3,4.2,39.3,45.2,58.3,0,3,CRITICAL
575.3,0.226,31.7,42.0,44.8,16.7,100.0,31.3,3.86,37.2,42.2,54.3,0,3,CRITICAL
556.3,0.667,1.5,36.8,49.7,20.7,6.3,9.0,-0.23,8.3,8.0,7.2,0,0,LOW
569.4,0.363,11.7,39.5,51.5,23.4,45.1,17.8,-0.0,18.0,18.4,17.0,0,1,MODERATE
580.7,0.1,17.9,75.5,75.0,23.0,100.0,27.0,3.58,32.1,36.9,47.0,0,3,CRITICAL
565.7,0.449,31.8,56.8,60.3,15.9,100.0,33.8,4.52,40.1,47.3,58.9,0,3,CRITICAL
547.2,0.879,27.5,92.6,83.1,12.5,100.0,34.0,6.02,43.4,51.5,67.8,0,3,CRITICAL
548.3,0.853,5.8,33.9,47.9,17.1,28.4,18.0,-0.01,18.0,18.5,18.6,0,1,MODERATE
550.4,0.805,50.9,104.6,80.9,18.9,100.0,33.7,8.07,46.3,58.6,79.4,0,3,CRITICAL
573.0,0.279,2.4,23.2,50.2,12.6,16.7,6.5,-0.15,6.8,5.8,5.6,0,0,LOW
543.2,0.972,37.4,107.9,92.3,22.3,100.0,34.9,7.0,45.0,55.5,74.0,0,3,CRITICAL
555.4,0.688,63.7,178.1,100.0,13.8,100.0,33.5,7.98,45.0,57.8,80.3,0,3,CRITICAL
551.5,0.779,3.5,44.4,56.1,15.2,22.6,14.7,0.22,15.2,15.6,14.9,0,1,MODERATE
569.6,0.358,23.0,49.0,63.0,22.9,100.0,30.6,4.45,37.7,44.7,55.4,0,3,CRITICAL
564.5,0.477,0.7,39.1,46.9,19.4,3.0,8.9,0.1,9.2,8.9,10.4,0,0,LOW
566.9,0.421,9.4,36.1,47.7,18.6,42.2,14.0,0.21,14.0,15.2,15.1,0,1,MODERATE
551.7,0.774,13.1,58.5,49.5,17.2,66.0,27.2,0.39,27.4,28.2,30.6,0,2,HIGH
563.6,0.498,15.6,53.4,52.4,20.8,68.8,25.7,0.01,25.8,25.3,24.9,0,2,HIGH
557.8,0.633,49.5,145.4,93.5,19.6,100.0,32.9,6.25,42.6,51.6,70.7,0,3,CRITICAL
582.2,0.065,20.1,31.1,51.9,20.2,90.4,23.6,3.47,29.0,33.5,44.2,0,2,HIGH
576.2,0.205,11.8,30.7,50.4,15.5,67.1,21.7,-0.06,21.4,20.7,21.1,0,1,MODERATE
559.6,0.591,29.9,81.8,61.4,19.7,100.0,33.5,4.77,40.2,47.4,60.8,0,3,CRITICAL
562.8,0.516,54.1,103.4,77.0,22.6,100.0,34.2,6.61,43.8,54.5,70.8,0,3,CRITICAL
555.8,0.679,0.4,30.3,38.0,16.1,1.7,7.0,0.2,7.1,6.7,8.8,0,0,LOW
580.5,0.105,72.8,209.9,100.0,15.2,100.0,29.6,7.65,40.8,51.8,74.4,0,3,CRITICAL
556.4,0.665,1.6,20.5,35.2,23.7,4.2,10.7,0.17,10.8,11.7,13.3,0,0,LOW
574.1,0.253,30.3,85.0,65.8,22.9,100.0,28.5,4.44,34.9,41.9,52.7,0,3,CRITICAL
560.8,0.563,5.9,28.2,39.7,17.6,23.3,14.3,0.24,14.2,16.0,16.5,0,1,MODERATE
561.8,0.54,2.6,5.0,23.9,10.5,10.4,7.9,0.25,8.7,8.7,7.6,0,0,LOW
558.8,0.609,10.4,60.8,52.5,21.1,45.3,19.5,0.24,20.0,19.3,20.0,0,1,MODERATE
545.0,0.93,18.6,62.7,65.8,16.6,100.0,38.4,5.35,46.7,55.1,70.9,0,3,CRITICAL
549.4,0.828,8.6,33.5,40.9,20.7,29.7,17.8,-0.19,17.3,16.5,15.1,0,1,MODERATE
543.7,0.96,1.0,30.0,39.1,10.4,6.6,13.3,0.09,13.2,13.3,13.9,0,1,MODERATE
561.6,0.544,16.5,43.6,42.1,16.5,73.7,28.8,0.14,28.6,28.5,29.7,0,2,HIGH
556.9,0.653,41.9,71.2,66.9,11.8,100.0,35.2,6.88,45.5,56.2,73.5,0,3,CRITICAL
575.5,0.221,8.7,22.5,50.5,11.8,65.2,17.4,0.2,17.4,18.4,19.8,0,1,MODERATE
553.0,0.744,4.4,35.2,42.9,10.5,31.5,15.4,0.2,16.2,15.0,15.7,0,1,MODERATE
572.0,0.302,10.5,58.9,56.4,11.8,87.8,27.8,2.84,32.1,35.5,43.0,0,3,CRITICAL
560.9,0.56,0.9,2.8,34.4,14.6,3.7,10.5,0.07,10.4,9.8,11.0,0,0,LOW
572.9,0.281,30.9,63.2,65.1,11.9,100.0,31.0,4.02,36.8,42.1,54.9,0,3,CRITICAL
581.7,0.077,31.5,93.3,78.2,21.7,100.0,28.9,4.1,34.6,41.7,53.9,0,3,CRITICAL
575.2,0.228,16.0,43.7,55.5,11.7,100.0,30.7,3.64,36.1,42.0,53.6,0,3,CRITICAL
567.3,0.412,7.8,51.4,58.6,17.7,45.2,16.9,0.3,17.6,17.5,19.0,0,1,MODERATE
580.9,0.095,29.0,95.7,73.1,12.9,100.0,28.4,4.29,34.5,41.1,53.8,0,3,CRITICAL
562.6,0.521,14.6,58.4,61.7,22.8,69.1,26.6,0.43,27.3,28.6,27.4,0,2,HIGH
545.0,0.93,31.5,99.0,84.1,20.5,100.0,37.0,6.57,46.5,57.2,75.1,0,3,CRITICAL
563.4,0.502,18.0,63.0,60.6,17.6,100.0,29.1,3.2,34.1,38.0,49.3,0,3,CRITICAL
563.6,0.498,27.6,93.4,68.4,20.4,100.0,34.3,4.24,40.9,48.0,58.7,0,3,CRITICAL
549.7,0.821,16.4,61.3,66.5,15.8,100.0,37.8,4.45,44.1,50.3,64.8,0,3,CRITICAL
581.4,0.084,9.6,59.3,64.3,20.2,53.5,14.7,0.3,15.1,16.4,16.7,0,1,MODERATE
579.1,0.137,57.0,172.1,100.0,11.3,100.0,30.4,6.24,39.3,48.6,64.9,0,3,CRITICAL
566.4,0.433,14.0,58.4,69.2,15.9,100.0,31.1,3.84,36.4,42.7,52.4,0,3,CRITICAL
576.6,0.195,16.7,49.2,57.6,15.2,100.0,27.7,3.38,32.9,37.8,45.5,0,3,CRITICAL
572.8,0.284,4.5,29.0,35.0,10.6,26.0,12.9,-0.28,12.6,12.2,9.6,0,0,LOW
568.9,0.374,17.7,28.4,48.4,21.4,70.1,25.0,0.16,25.7,25.2,25.7,0,2,HIGH
554.7,0.705,15.3,61.3,65.6,21.6,81.3,31.8,3.88,37.5,43.2,53.8,0,3,CRITICAL
572.1,0.3,3.7,38.0,50.7,24.5,13.4,7.6,-0.27,6.8,7.1,4.6,0,0,LOW
580.6,0.102,1.1,37.0,42.7,17.4,4.7,3.0,-0.37,2.1,2.8,0.7,0,0,LOW
554.0,0.721,16.7,70.1,74.5,21.5,100.0,34.3,4.14,40.0,47.1,58.9,0,3,CRITICAL
543.7,0.96,26.0,58.8,62.2,13.0,100.0,39.8,5.48,48.0,56.5,72.2,0,3,CRITICAL
547.7,0.867,13.3,32.6,50.6,13.7,86.0,33.3,3.79,38.7,44.8,54.2,0,3,CRITICAL
563.3,0.505,4.6,27.3,40.9,15.9,20.7,14.9,0.2,15.5,15.1,14.5,0,1,MODERATE
555.6,0.684,19.8,59.9,69.5,14.3,100.0,34.8,4.0,40.3,46.0,56.4,0,3,CRITICAL
565.5,0.453,1.5,32.2,40.2,18.1,5.8,10.0,-0.3,9.3,8.4,9.6,0,0,LOW
563.6,0.498,10.5,37.1,40.5,21.5,34.6,12.7,0.22,12.6,13.3,13.9,0,1,MODERATE
564.4,0.479,3.2,22.1,48.8,16.0,17.1,11.4,-0.04,11.2,10.9,12.6,0,0,LOW
544.1,0.951,3.7,29.4,49.6,20.6,15.6,18.6,0.1,18.7,19.2,17.8,0,1,MODERATE
549.3,0.83,4.1,41.6,49.7,16.5,21.6,13.5,-0.16,13.4,13.7,10.9,0,1,MODERATE
573.1,0.277,8.8,44.8,52.9,14.5,56.2,20.1,-0.01,19.9,19.4,18.6,0,1,MODERATE
564.8,0.47,0.9,23.2,47.8,23.5,3.2,9.7,-0.01,10.1,10.4,10.2,0,0,LOW
561.3,0.551,9.1,22.5,43.4,11.0,62.8,20.6,-0.08,20.3,20.2,18.6,0,1,MODERATE
569.5,0.36,12.9,30.7,49.7,13.4,83.7,27.3,3.09,31.7,37.1,45.7,0,3,CRITICAL
568.7,0.379,11.9,50.9,54.2,13.3,84.9,28.2,3.3,33.1,38.6,45.9,0,3,CRITICAL
572.8,0.284,8.7,26.7,44.8,10.2,66.9,19.8,0.13,20.1,20.3,21.6,0,1,MODERATE
548.8,0.842,32.9,66.1,72.1,11.2,100.0,33.5,6.7,44.0,52.8,73.5,0,3,CRITICAL
563.2,0.507,2.8,39.5,58.4,16.1,17.8,9.1,-0.12,9.3,9.5,8.4,0,0,LOW
568.7,0.379,12.7,31.8,42.1,21.0,44.6,18.8,0.07,18.5,19.2,19.4,0,1,MODERATE
556.2,0.67,1.2,39.5,52.3,14.5,7.6,9.7,-0.17,9.6,10.0,8.9,0,0,LOW
550.3,0.807,1.3,11.3,30.7,24.7,2.8,14.3,-0.01,13.8,13.5,13.4,0,1,MODERATE
568.1,0.393,15.4,29.9,47.1,16.1,78.8,24.4,3.05,29.2,34.0,41.1,0,2,HIGH
545.3,0.923,15.0,42.0,50.6,17.0,78.1,32.2,5.49,40.6,49.3,64.8,0,3,CRITICAL
571.9,0.305,37.9,114.5,78.8,10.9,100.0,30.9,5.25,38.5,47.6,62.9,0,3,CRITICAL
553.9,0.723,14.7,32.3,46.7,19.0,63.2,26.4,0.04,26.2,25.7,25.6,0,2,HIGH
575.5,0.221,57.8,125.5,95.8,21.3,100.0,29.9,5.89,38.6,47.5,65.6,0,3,CRITICAL
551.6,0.777,0.9,4.1,26.0,15.3,2.7,12.0,0.01,12.3,11.9,11.8,0,0,LOW
561.2,0.553,1.9,3.3,37.2,12.9,9.6,11.5,-0.07,11.8,11.6,12.5,0,0,LOW
558.5,0.616,0.8,9.8,42.1,13.1,4.5,12.5,-0.34,11.7,11.0,9.7,0,0,LOW
584.8,0.005,3.7,12.7,35.0,13.4,16.9,6.0,-0.06,6.1,6.1,5.7,0,0,LOW
575.1,0.23,14.0,40.9,54.4,19.8,67.3,20.1,0.21,20.0,20.8,22.0,0,1,MODERATE
571.3,0.319,18.7,63.7,53.1,15.8,100.0,28.4,4.16,34.2,40.9,51.6,0,3,CRITICAL
545.7,0.914,0.8,2.5,35.8,10.9,4.6,14.5,-0.29,14.0,13.7,11.7,0,1,MODERATE
578.5,0.151,52.5,114.7,95.8,22.4,100.0,27.5,5.45,36.0,44.0,59.0,0,3,CRITICAL
558.4,0.619,33.2,59.1,55.5,25.0,100.0,35.0,5.13,42.3,49.8,63.9,0,3,CRITICAL
579.8,0.121,6.3,36.7,54.0,16.3,36.5,10.7,0.21,11.3,12.3,10.8,0,0,LOW
551.6,0.777,1.4,22.3,38.9,16.8,5.7,13.3,-0.17,13.4,11.8,13.3,0,0,LOW
567.1,0.416,3.4,39.6,59.2,13.7,25.7,12.1,0.04,12.0,12.0,11.6,0,0,LOW
582.4,0.06,2.4,5.5,34.3,16.6,8.7,3.0,0.18,3.3,3.3,4.1,0,0,LOW
572.5,0.291,2.4,30.1,50.4,22.8,9.3,3.9,0.21,4.4,4.5,6.1,0,0,LOW
579.6,0.126,13.2,37.2,44.1,13.6,74.9,21.5,0.41,21.8,23.5,23.7,0,2,HIGH
578.6,0.149,5.1,36.6,43.0,19.8,19.4,8.5,-0.14,7.8,8.7,8.1,0,0,LOW
570.5,0.337,8.0,30.7,41.7,14.1,41.4,17.5,0.24,17.4,18.5,20.7,0,1,MODERATE
553.2,0.74,82.0,245.4,100.0,16.4,100.0,35.0,9.96,50.3,65.1,94.4,0,3,CRITICAL
569.4,0.363,20.8,55.0,55.5,23.3,86.7,29.1,4.48,35.5,41.9,54.9,0,3,CRITICAL
562.0,0.535,53.6,91.7,75.0,17.2,100.0,35.1,6.25,44.9,53.1,72.7,0,3,CRITICAL
548.7,0.844,2.8,15.1,46.2,22.7,10.0,12.0,-0.03,12.0,11.0,10.1,0,0,LOW
569.5,0.36,8.7,16.5,42.1,11.8,54.3,18.5,0.29,19.2,19.2,19.5,0,1,MODERATE
571.0,0.326,14.6,55.8,58.4,18.7,79.8,26.3,3.2,31.5,35.2,45.7,0,3,CRITICAL
563.6,0.498,1.4,20.7,49.8,19.4,6.3,6.3,-0.08,6.3,6.8,6.0,0,0,LOW
560.9,0.56,0.1,18.5,37.1,16.6,0.4,8.7,-0.09,8.6,8.4,6.9,0,0,LOW
561.6,0.544,20.0,42.8,60.5,24.9,85.0,29.4,3.54,35.2,40.6,48.8,0,3,CRITICAL
574.6,0.242,18.5,46.5,48.3,14.0,100.0,31.9,3.3,37.2,42.3,52.7,0,3,CRITICAL
556.9,0.653,9.5,55.9,65.1,24.2,44.7,20.4,0.29,20.7,21.2,23.1,0,1,MODERATE
583.6,0.033,12.1,24.3,41.3,19.8,44.2,15.3,0.21,15.9,15.2,15.1,0,1,MODERATE
578.5,0.151,9.7,37.5,43.6,12.9,57.4,16.6,-0.03,16.4,17.5,17.7,0,1,MODERATE
583.3,0.04,0.4,28.4,49.0,20.9,1.6,3.0,0.05,2.6,2.5,4.9,0,0,LOW
572.0,0.302,7.4,45.0,54.4,14.4,48.9,17.4,0.11,17.9,18.3,19.0,0,1,MODERATE
562.3,0.528,3.5,33.6,46.4,15.4,18.5,12.2,0.11,12.2,11.9,11.2,0,0,LOW
580.7,0.1,1.9,13.4,32.8,15.8,6.9,6.4,-0.25,5.9,5.6,5.0,0,0,LOW
571.5,0.314,56.5,165.9,100.0,13.5,100.0,30.6,7.05,41.7,51.4,70.8,0,3,CRITICAL
566.9,0.421,16.5,44.2,50.2,24.3,59.7,22.5,0.4,23.5,24.2,25.1,0,2,HIGH
569.3,0.365,23.5,70.8,55.9,12.1,100.0,33.3,3.73,39.0,45.2,55.9,0,3,CRITICAL
545.9,0.909,6.8,27.8,39.2,13.2,35.3,22.3,0.11,22.0,22.8,22.9,0,2,HIGH
580.7,0.1,9.0,34.8,41.5,17.2,38.0,13.9,-0.16,14.1,12.9,11.7,0,0,LOW
567.5,0.407,4.9,33.3,53.1,18.9,24.1,13.9,-0.28,13.3,12.1,12.9,0,0,LOW
575.6,0.219,1.8,29.8,53.7,17.4,9.7,5.6,-0.1,5.9,4.4,5.5,0,0,LOW
558.7,0.612,3.6,14.0,33.2,24.5,8.5,7.6,0.19,7.7,9.1,7.9,0,0,LOW
560.1,0.579,28.7,67.4,69.1,11.8,100.0,35.2,4.65,42.6,49.0,63.7,0,3,CRITICAL
563.2,0.507,20.4,35.0,55.1,11.8,100.0,35.0,3.8,40.5,46.7,57.6,0,3,CRITICAL
568.8,0.377,14.3,60.7,59.8,21.0,71.3,21.0,0.11,21.7,22.1,22.7,0,2,HIGH
544.0,0.953,11.6,39.4,45.6,17.4,53.2,25.2,0.4,25.9,25.4,28.7,0,2,HIGH
557.9,0.63,46.0,119.1,83.6,16.0,100.0,36.0,7.24,47.2,58.7,77.7,0,3,CRITICAL
564.4,0.479,1.4,5.2,40.5,22.4,4.4,6.1,0.07,5.7,6.1,5.5,0,0,LOW
554.9,0.7,5.9,52.4,59.3,23.4,26.2,15.9,-0.21,15.1,15.4,13.0,0,1,MODERATE
547.0,0.884,7.8,19.9,42.6,24.6,23.6,14.7,-0.11,14.8,14.1,13.8,0,1,MODERATE
549.4,0.828,27.5,86.1,74.3,21.1,100.0,36.3,6.22,46.0,55.0,73.7,0,3,CRITICAL
554.9,0.7,88.1,191.5,100.0,18.3,100.0,35.6,9.78,50.8,64.1,92.0,0,3,CRITICAL
573.5,0.267,5.0,18.6,46.2,23.4,17.3,9.4,-0.03,9.6,10.2,8.5,0,0,LOW
545.5,0.919,37.3,91.2,69.6,11.5,100.0,34.0,6.55,44.1,52.8,71.6,0,3,CRITICAL
575.1,0.23,32.0,91.4,78.2,20.2,100.0,27.9,3.74,33.5,39.8,50.2,0,3,CRITICAL
578.6,0.149,4.6,43.3,42.5,20.4,16.8,5.1,-0.15,5.0,3.7,5.3,0,0,LOW
571.1,0.323,9.2,58.3,55.7,23.7,37.8,14.6,0.16,14.8,15.7,15.9,0,1,MODERATE
577.2,0.181,9.5,27.3,34.1,16.8,33.7,9.8,-0.16,9.1,10.3,9.9,0,0,LOW
559.6,0.591,68.9,165.7,100.0,20.4,100.0,32.8,8.27,45.7,56.8,79.6,0,3,CRITICAL
583.9,0.026,3.6,22.4,44.3,23.9,11.7,3.0,-0.29,2.1,1.3,2.1,0,0,LOW
572.5,0.291,28.9,73.3,56.7,24.5,100.0,29.6,4.08,35.9,41.1,54.5,0,3,CRITICAL
583.5,0.035,7.3,18.0,34.0,23.9,18.2,3.0,0.18,3.1,3.2,3.4,0,0,LOW
580.0,0.116,23.6,70.1,61.5,15.4,100.0,24.9,3.08,30.0,34.5,43.5,0,2,HIGH
571.8,0.307,9.8,45.8,51.8,10.9,81.5,27.1,2.97,31.7,35.3,43.1,0,3,CRITICAL
553.0,0.744,15.5,48.2,46.3,23.3,53.9,22.3,0.49,22.7,24.3,23.5,0,2,HIGH
559.5,0.593,32.2,86.6,81.9,16.2,100.0,30.6,4.74,38.0,44.6,58.9,0,3,CRITICAL
554.8,0.702,29.3,67.4,66.4,10.0,100.0,31.8,5.66,40.0,49.2,63.3,0,3,CRITICAL
561.6,0.544,36.2,104.7,79.7,24.8,100.0,33.4,6.11,42.3,51.8,69.4,0,3,CRITICAL
584.3,0.016,1.1,21.9,32.9,13.6,4.7,3.0,0.16,2.9,3.5,4.8,0,0,LOW
553.3,0.737,21.2,48.1,63.7,17.7,100.0,37.8,5.13,45.8,52.2,68.4,0,3,CRITICAL
557.8,0.633,2.7,42.0,55.6,14.1,18.6,13.4,-0.3,13.0,12.3,11.1,0,0,LOW
561.2,0.553,9.7,15.5,37.8,12.8,50.1,18.9,0.35,19.9,20.6,20.5,0,1,MODERATE
545.4,0.921,14.3,53.1,55.8,23.0,60.7,27.3,0.39,28.3,28.2,29.0,0,2,HIGH
565.7,0.449,9.3,48.7,60.2,12.5,78.4,25.5,2.74,29.4,33.0,41.3,0,2,HIGH
547.5,0.872,13.2,32.9,46.9,23.9,45.3,23.8,0.2,23.7,23.7,26.4,0,2,HIGH
568.5,0.384,101.9,245.6,100.0,14.7,100.0,28.2,10.58,44.3,59.2,88.9,0,3,CRITICAL
556.4,0.665,2.6,35.3,57.4,13.7,19.1,12.5,0.23,13.2,12.5,13.4,0,0,LOW
544.6,0.94,20.3,31.9,52.9,13.3,100.0,34.4,4.64,40.9,48.2,62.5,0,3,CRITICAL
550.0,0.814,9.1,33.6,46.4,20.2,36.6,21.0,0.36,21.4,22.4,23.5,0,2,HIGH
573.8,0.26,2.6,45.5,43.2,19.9,9.9,6.2,0.1,6.4,6.3,8.3,0,0,LOW
562.3,0.528,3.1,45.3,61.4,20.4,16.3,10.5,0.07,10.5,11.3,9.4,0,0,LOW
551.1,0.788,53.7,83.7,70.5,14.3,100.0,36.2,7.44,47.6,58.9,78.2,0,3,CRITICAL
566.3,0.435,38.1,114.4,86.1,23.7,100.0,31.9,5.06,39.3,47.4,62.3,0,3,CRITICAL
569.3,0.365,42.8,63.9,54.8,22.7,100.0,32.4,6.06,42.0,51.0,66.3,0,3,CRITICAL
583.1,0.044,85.9,176.6,100.0,19.7,100.0,29.0,7.8,40.8,53.0,73.3,0,3,CRITICAL
546.8,0.888,4.2,49.1,53.2,16.1,24.3,19.9,0.21,20.2,20.9,22.6,0,1,MODERATE
559.8,0.586,7.9,35.1,39.8,24.9,22.1,15.4,0.11,16.0,16.3,14.7,0,1,MODERATE
563.2,0.507,19.9,57.8,60.6,23.7,89.0,29.3,3.84,34.9,41.7,51.2,0,3,CRITICAL
549.8,0.819,11.9,28.4,51.6,20.9,51.4,22.5,0.32,23.0,24.4,25.1,0,2,HIGH
573.9,0.258,9.8,42.9,57.7,16.9,58.6,19.1,0.0,18.6,19.4,18.6,0,1,MODERATE
571.8,0.307,8.0,20.3,49.6,22.7,30.6,12.5,0.14,12.5,12.0,14.2,0,0,LOW
577.5,0.174,16.2,63.6,55.2,14.6,100.0,26.5,3.14,30.9,35.7,46.4,0,3,CRITICAL
554.3,0.714,15.4,47.6,63.8,16.9,100.0,32.3,4.3,38.7,45.3,58.1,0,3,CRITICAL
572.8,0.284,3.2,19.0,38.4,14.3,15.0,7.7,0.25,8.3,8.2,7.8,0,0,LOW
580.5,0.105,11.5,36.2,50.8,11.5,88.9,24.6,2.89,29.0,32.9,41.3,0,2,HIGH
578.8,0.144,14.5,28.7,41.1,19.4,53.8,18.4,0.1,18.7,18.9,19.5,0,1,MODERATE
543.3,0.97,15.2,60.8,51.6,23.4,58.7,28.2,0.4,28.9,29.1,32.2,0,2,HIGH
543.2,0.972,4.2,24.6,34.4,23.9,10.6,12.9,-0.03,13.3,13.0,11.3,0,1,MODERATE
549.9,0.816,24.4,68.0,63.0,11.9,100.0,33.1,5.04,40.9,49.1,61.1,0,3,CRITICAL
578.6,0.149,0.5,19.4,42.4,15.3,2.4,3.0,0.16,3.1,4.3,4.9,0,0,LOW
574.2,0.251,7.9,24.5,42.4,12.0,48.8,14.1,-0.13,13.5,12.9,13.1,0,0,LOW
580.9,0.095,27.3,68.8,61.9,12.3,100.0,24.5,4.17,30.9,37.5,48.7,0,3,CRITICAL
560.0,0.581,14.9,50.8,50.0,12.6,100.0,30.2,4.01,36.7,43.2,54.3,0,3,CRITICAL
556.7,0.658,5.4,52.3,50.1,12.7,37.3,17.5,-0.29,17.3,15.7,17.2,0,1,MODERATE
558.7,0.612,21.4,74.1,72.4,15.0,100.0,33.6,4.12,39.9,45.2,57.1,0,3,CRITICAL
567.0,0.419,15.1,28.6,49.2,22.0,59.1,22.6,0.31,22.6,23.7,24.4,0,2,HIGH
574.1,0.253,28.6,85.8,71.1,13.7,100.0,27.2,4.68,33.8,42.2,54.2,0,3,CRITICAL
547.4,0.874,23.9,66.7,56.9,18.6,100.0,33.7,5.38,41.6,49.0,64.1,0,3,CRITICAL
576.3,0.202,17.0,34.9,38.1,22.4,50.6,18.5,0.07,18.9,17.8,18.7,0,1,MODERATE
549.2,0.833,12.1,36.0,50.4,24.2,44.1,24.2,0.39,24.9,25.8,26.4,0,2,HIGH
554.6,0.707,2.6,21.3,32.3,21.6,6.8,14.1,0.07,14.2,15.0,14.3,0,1,MODERATE
551.2,0.786,5.5,46.0,44.1,11.6,36.6,21.4,-0.27,20.8,21.0,20.1,0,1,MODERATE
582.6,0.056,9.8,34.6,56.6,12.2,79.6,21.4,1.93,24.1,27.8,33.7,0,2,HIGH
559.1,0.602,16.5,33.7,42.4,20.2,60.6,22.8,0.08,22.5,23.7,24.8,0,2,HIGH
572.7,0.286,13.0,40.1,54.9,14.9,83.8,24.2,2.96,28.4,33.4,41.6,0,2,HIGH
544.4,0.944,6.1,43.9,55.4,11.2,52.8,24.8,0.22,25.4,25.1,26.7,0,2,HIGH
545.1,0.928,0.1,24.6,40.8,21.4,0.3,13.1,-0.18,12.6,12.7,10.4,0,0,LOW
576.2,0.205,12.3,37.3,39.3,19.3,43.8,13.9,0.4,14.0,14.1,15.6,0,1,MODERATE
575.5,0.221,6.1,24.9,41.5,12.8,34.6,13.8,-0.04,13.5,13.3,15.3,0,1,MODERATE
559.1,0.602,23.9,70.3,73.0,23.1,100.0,30.7,4.81,38.3,44.8,58.2,0,3,CRITICAL
552.1,0.765,0.4,28.0,43.7,11.1,2.8,8.6,0.1,8.8,8.1,8.6,0,0,LOW
572.6,0.288,15.8,43.3,61.0,11.2,100.0,30.0,3.9,36.1,41.0,53.9,0,3,CRITICAL
548.1,0.858,51.1,111.6,77.2,16.6,100.0,38.0,7.45,49.6,59.5,80.9,0,3,CRITICAL
571.2,0.321,3.4,31.8,53.2,23.9,13.2,10.2,0.21,10.5,11.6,10.5,0,0,LOW
560.6,0.567,11.5,45.4,47.4,19.9,47.9,17.1,-0.05,17.3,16.3,16.9,0,1,MODERATE
558.9,0.607,1.7,17.8,41.6,12.7,9.7,10.0,-0.05,9.8,9.9,9.9,0,0,LOW
543.0,0.977,17.7,54.6,52.1,10.4,100.0,35.8,4.57,43.2,48.5,61.2,0,3,CRITICAL
559.6,0.591,14.4,47.3,61.1,19.3,79.8,28.4,3.48,33.3,39.4,47.7,0,3,CRITICAL
571.3,0.319,9.4,33.4,45.7,12.6,59.7,21.7,-0.08,21.3,20.7,20.9,0,1,MODERATE
573.1,0.277,13.3,37.8,50.3,13.9,84.2,25.4,2.88,30.1,34.3,42.9,0,2,HIGH
574.7,0.24,40.8,139.6,100.0,17.7,100.0,26.7,4.83,34.1,40.5,56.2,0,3,CRITICAL
545.7,0.914,3.9,44.0,54.2,11.6,31.9,22.4,-0.07,21.9,22.2,22.3,0,2,HIGH
563.8,0.493,0.4,25.0,43.7,10.9,2.8,4.7,-0.27,4.2,3.2,1.9,0,0,LOW
553.6,0.73,35.6,93.1,70.3,15.4,100.0,33.3,5.76,41.7,49.8,67.4,0,3,CRITICAL
572.4,0.293,15.5,58.9,51.5,14.7,95.0,27.4,2.69,31.0,34.7,43.4,0,2,HIGH
566.9,0.421,39.8,104.7,91.0,16.6,100.0,30.2,4.86,37.7,44.5,59.1,0,3,CRITICAL
575.6,0.219,16.4,21.6,38.8,21.6,51.6,15.3,0.28,15.5,15.4,15.8,0,1,MODERATE
560.3,0.574,29.9,75.0,72.2,15.1,100.0,32.7,5.59,41.2,49.3,66.0,0,3,CRITICAL
581.0,0.093,10.1,58.9,51.3,11.3,80.2,24.6,1.74,26.7,29.1,35.5,0,2,HIGH
547.1,0.881,24.9,79.7,79.3,14.9,100.0,35.8,4.78,42.9,49.6,63.8,0,3,CRITICAL
570.6,0.335,44.0,128.5,100.0,24.5,100.0,29.8,5.96,38.7,48.4,63.8,0,3,CRITICAL
568.6,0.381,15.3,39.8,59.1,15.7,100.0,32.5,3.56,37.7,43.7,51.8,0,3,CRITICAL
558.3,0.621,3.6,32.9,47.9,22.0,13.7,13.0,0.18,13.0,13.9,14.9,0,1,MODERATE
550.5,0.802,5.6,51.8,51.8,11.6,43.8,21.1,-0.03,20.7,20.9,21.9,0,1,MODERATE
572.5,0.291,4.0,13.8,28.9,12.8,15.8,7.2,0.26,7.2,8.4,9.0,0,0,LOW
562.6,0.521,5.1,17.8,43.6,22.0,17.7,12.1,0.25,12.2,12.3,13.4,0,0,LOW
546.3,0.9,6.6,38.5,46.6,13.5,39.9,22.1,-0.26,21.9,20.8,20.5,0,1,MODERATE
543.0,0.977,14.6,54.3,53.6,24.5,55.9,25.6,0.15,25.5,26.4,25.7,0,2,HIGH
551.7,0.774,16.0,75.6,69.9,24.5,79.9,33.1,5.06,40.6,49.1,61.4,0,3,CRITICAL
557.0,0.651,10.0,22.5,38.4,13.9,48.3,23.8,-0.05,23.9,23.7,24.9,0,2,HIGH
555.9,0.677,17.2,55.6,58.7,24.5,72.1,28.3,0.03,28.2,28.5,28.7,0,2,HIGH
569.7,0.356,1.5,14.2,42.5,20.3,5.5,4.7,-0.06,4.4,4.4,5.0,0,0,LOW
560.0,0.581,1.7,43.8,57.0,20.0,8.5,10.2,-0.31,10.0,9.0,7.7,0,0,LOW
568.0,0.395,3.4,16.8,33.4,16.3,12.2,6.4,-0.2,6.1,5.7,6.3,0,0,LOW
559.8,0.586,13.1,64.2,53.7,11.5,100.0,35.0,3.49,40.0,45.4,53.5,0,3,CRITICAL
574.4,0.247,4.3,43.9,49.6,11.2,33.3,12.3,-0.16,11.6,12.0,12.9,0,0,LOW
558.1,0.626,6.0,12.6,28.5,21.8,13.7,13.8,0.08,14.3,14.4,13.9,0,1,MODERATE
575.1,0.23,9.2,36.9,47.4,12.1,63.1,16.9,-0.16,16.6,16.6,14.4,0,1,MODERATE
574.5,0.244,30.1,56.3,57.0,23.9,100.0,29.7,3.99,35.9,41.8,53.5,0,3,CRITICAL
563.1,0.509,0.3,36.0,55.7,19.1,1.5,5.3,-0.18,4.8,4.0,6.0,0,0,LOW
556.0,0.674,18.9,38.4,41.3,11.7,100.0,35.3,4.51,42.3,49.7,59.8,0,3,CRITICAL
567.9,0.398,19.9,72.5,65.8,14.2,100.0,30.4,4.31,37.0,43.5,53.9,0,3,CRITICAL
547.6,0.87,28.8,107.7,86.2,15.9,100.0,35.9,6.08,44.7,53.8,70.5,0,3,CRITICAL
563.8,0.493,48.6,106.6,92.1,12.2,100.0,32.6,6.26,42.0,52.2,70.2,0,3,CRITICAL
550.7,0.798,0.4,28.7,47.8,19.3,1.7,8.6,-0.03,8.9,8.4,7.5,0,0,LOW
557.6,0.637,3.0,36.2,51.3,12.2,22.1,13.2,0.05,13.8,12.8,14.2,0,0,LOW
550.4,0.805,39.1,92.4,68.1,16.9,100.0,33.4,6.85,43.5,53.4,73.6,0,3,CRITICAL
567.7,0.402,11.0,58.1,61.2,23.9,49.3,20.0,0.07,20.2,20.4,20.4,0,1,MODERATE
570.3,0.342,15.0,54.1,51.8,22.0,61.8,21.2,0.34,21.9,22.3,22.5,0,2,HIGH
569.0,0.372,19.6,50.5,59.3,21.5,94.6,27.9,3.33,32.7,38.0,45.8,0,3,CRITICAL
548.8,0.842,20.5,37.0,52.9,24.7,76.8,27.5,4.85,35.1,41.3,57.1,0,3,CRITICAL
565.7,0.449,48.3,151.3,96.3,10.3,100.0,33.1,5.72,41.8,50.2,67.0,0,3,CRITICAL
584.6,0.009,104.3,265.1,100.0,16.9,100.0,25.4,10.09,40.8,54.8,83.8,0,3,CRITICAL
583.5,0.035,22.9,82.6,73.5,14.8,100.0,27.4,2.42,30.6,35.1,40.9,0,3,CRITICAL
577.1,0.184,6.1,41.1,46.2,17.3,28.5,12.3,0.3,12.5,13.8,12.6,0,1,MODERATE
573.2,0.274,38.1,90.8,66.7,10.7,100.0,27.2,4.46,33.4,39.9,52.4,0,3,CRITICAL
574.6,0.242,0.9,2.5,24.8,20.3,1.9,3.0,0.09,2.7,3.2,5.0,0,0,LOW
577.6,0.172,4.7,33.7,37.9,15.2,20.5,7.4,-0.23,7.0,6.1,6.5,0,0,LOW
552.9,0.747,41.0,132.0,95.6,21.5,100.0,33.8,7.04,44.1,54.2,74.2,0,3,CRITICAL
550.4,0.805,5.3,23.2,49.6,19.5,23.6,16.8,-0.11,16.9,16.3,14.6,0,1,MODERATE
581.5,0.081,4.5,18.5,33.2,10.8,24.2,5.9,-0.26,5.1,5.0,2.8,0,0,LOW
570.5,0.337,2.7,33.1,51.3,22.1,11.0,5.0,-0.13,5.0,4.1,6.0,0,0,LOW
581.9,0.072,35.3,68.5,63.9,23.3,100.0,29.7,3.81,35.6,41.4,53.4,0,3,CRITICAL
572.5,0.291,12.5,46.2,59.8,23.7,55.2,16.0,0.28,16.1,17.8,18.1,0,1,MODERATE
564.8,0.47,20.2,42.5,41.6,16.5,89.1,27.0,3.54,32.0,37.7,47.1,0,3,CRITICAL
584.6,0.009,4.9,15.6,29.5,22.1,11.4,3.0,0.18,3.7,2.8,5.4,0,0,LOW
581.5,0.081,25.5,88.8,84.3,20.2,100.0,29.4,3.9,34.9,41.8,53.1,0,3,CRITICAL
561.3,0.551,25.7,76.7,65.5,14.6,100.0,33.6,5.29,41.6,49.8,63.7,0,3,CRITICAL
581.1,0.091,6.7,20.3,38.0,18.9,23.6,8.4,-0.03,8.2,7.3,7.0,0,0,LOW
563.6,0.498,9.5,40.3,41.3,11.1,61.9,23.2,0.16,23.2,22.7,22.5,0,2,HIGH
569.6,0.358,4.2,34.3,44.5,17.2,19.0,10.2,-0.09,9.8,9.6,10.0,0,0,LOW
569.5,0.36,67.6,216.1,100.0,22.8,100.0,30.2,7.14,41.3,51.0,71.2,0,3,CRITICAL
584.4,0.014,18.7,84.9,68.4,20.0,100.0,28.3,3.07,33.0,37.3,46.5,0,3,CRITICAL
572.3,0.295,49.1,99.7,80.8,20.9,100.0,31.0,5.21,38.3,47.5,63.0,0,3,CRITICAL
572.1,0.3,6.5,54.2,60.7,20.2,34.2,12.0,-0.09,12.2,11.7,10.2,0,0,LOW
561.2,0.553,27.4,39.6,54.4,20.4,100.0,34.8,4.78,42.4,49.5,61.3,0,3,CRITICAL
573.1,0.277,26.1,63.3,63.9,12.0,100.0,31.0,4.4,37.7,45.1,56.6,0,3,CRITICAL
566.7,0.426,21.2,65.7,56.4,20.4,100.0,28.7,3.34,33.8,38.0,49.0,0,3,CRITICAL
544.4,0.944,60.7,117.5,90.7,12.6,100.0,36.4,8.97,49.7,63.0,90.1,0,3,CRITICAL
548.7,0.844,9.0,16.1,29.2,21.4,21.5,16.1,0.34,16.8,16.5,18.8,0,1,MODERATE
576.3,0.202,2.5,7.8,31.6,16.6,8.3,5.7,0.02,5.3,5.1,5.0,0,0,LOW
548.9,0.84,20.0,59.9,57.2,23.4,85.6,31.6,4.46,38.4,44.7,57.1,0,3,CRITICAL
557.1,0.649,23.5,57.4,52.1,24.0,89.3,30.1,4.9,37.5,45.3,57.8,0,3,CRITICAL
554.8,0.702,15.4,56.9,66.8,21.4,84.1,30.0,3.78,35.6,41.5,52.7,0,3,CRITICAL
577.4,0.177,4.2,24.1,37.9,17.6,15.8,7.3,0.23,8.1,7.9,8.9,0,0,LOW
580.6,0.102,12.6,41.5,55.2,14.8,82.2,23.1,3.06,28.1,31.4,40.7,0,2,HIGH
573.4,0.27,6.7,51.2,62.9,11.0,67.0,20.2,0.12,20.2,19.8,22.7,0,1,MODERATE
556.2,0.67,10.0,20.2,47.6,16.4,50.8,21.0,0.17,21.4,20.6,22.8,0,1,MODERATE
544.0,0.953,18.7,73.2,64.7,10.1,100.0,40.2,4.96,47.6,55.6,70.2,0,3,CRITICAL
563.7,0.495,24.6,42.6,49.7,21.4,100.0,30.9,4.99,38.5,45.2,60.3,0,3,CRITICAL
548.8,0.842,4.8,12.7,41.7,22.2,15.8,15.4,-0.2,15.4,15.2,13.4,0,1,MODERATE
577.3,0.179,9.4,61.2,53.3,17.4,50.4,14.2,0.36,14.3,16.0,16.3,0,1,MODERATE
553.3,0.737,5.6,39.6,46.1,11.5,39.3,20.7,0.28,20.9,22.0,22.5,0,2,HIGH
552.3,0.76,4.0,23.6,49.8,24.8,14.1,12.0,-0.02,12.1,12.1,12.3,0,0,LOW
567.9,0.398,27.5,90.1,73.7,15.2,100.0,33.4,5.08,41.2,48.8,62.3,0,3,CRITICAL
547.7,0.867,43.2,127.4,90.1,11.9,100.0,33.5,7.16,43.8,54.2,75.6,0,3,CRITICAL
574.4,0.247,8.3,46.7,45.8,14.3,46.5,16.2,-0.09,16.0,15.0,15.8,0,1,MODERATE
572.9,0.281,25.0,69.3,68.0,14.2,100.0,32.3,3.69,38.1,43.6,52.3,0,3,CRITICAL
570.1,0.347,40.9,146.5,94.5,22.7,100.0,29.3,5.37,37.6,44.8,61.9,0,3,CRITICAL
584.7,0.007,33.7,89.1,67.9,10.2,100.0,24.9,3.24,29.8,34.2,42.2,0,2,HIGH
564.1,0.486,3.6,44.5,50.4,14.1,22.5,9.7,-0.05,9.6,9.2,7.7,0,0,LOW
558.1,0.626,56.3,118.0,81.4,10.7,100.0,31.7,7.12,42.3,53.0,71.2,0,3,CRITICAL
578.0,0.163,8.5,47.6,63.7,19.9,47.6,12.0,0.28,12.3,13.7,13.3,0,1,MODERATE
553.9,0.723,7.5,26.1,35.1,22.3,20.7,13.4,0.27,13.5,14.9,14.3,0,1,MODERATE
575.4,0.223,1.2,35.3,48.4,12.4,8.2,5.5,-0.34,4.9,4.7,2.2,0,0,LOW
547.9,0.863,12.0,52.2,62.5,15.8,83.1,33.2,4.95,40.7,47.9,60.2,0,3,CRITICAL
564.5,0.477,2.1,20.1,30.4,12.5,8.9,7.3,0.13,7.7,6.7,8.5,0,0,LOW
579.3,0.133,5.1,32.6,51.9,18.8,24.6,7.7,0.17,7.7,7.7,7.8,0,0,LOW
550.4,0.805,6.9,37.5,47.2,13.1,43.5,20.7,0.26,21.3,21.0,22.9,0,1,MODERATE
552.4,0.758,29.8,80.5,74.4,17.5,100.0,32.1,5.62,40.1,49.5,65.4,0,3,CRITICAL
572.3,0.295,37.5,79.1,64.2,17.1,100.0,28.5,5.24,36.0,43.6,58.0,0,3,CRITICAL
549.2,0.833,6.5,44.9,42.7,17.0,28.6,19.7,-0.21,19.4,19.0,18.8,0,1,MODERATE
552.3,0.76,35.2,103.6,88.1,19.7,100.0,37.2,6.3,46.3,57.0,72.6,0,3,CRITICAL
544.2,0.949,35.0,76.1,75.6,14.6,100.0,37.5,6.66,47.7,58.2,74.7,0,3,CRITICAL
563.1,0.509,26.0,94.6,69.3,23.2,100.0,32.6,4.57,39.8,45.4,58.4,0,3,CRITICAL
548.1,0.858,2.9,47.2,55.4,10.2,27.6,19.9,0.04,20.0,19.3,19.3,0,1,MODERATE
546.2,0.902,21.1,31.8,51.9,19.8,96.8,38.7,4.78,46.0,52.2,66.4,0,3,CRITICAL
571.1,0.323,52.2,81.5,80.5,23.6,100.0,31.9,6.59,41.8,51.0,70.9,0,3,CRITICAL
569.5,0.36,20.7,50.3,63.6,17.8,100.0,28.7,3.81,34.7,39.2,51.3,0,3,CRITICAL
556.4,0.665,7.3,48.8,58.2,19.2,38.7,19.0,0.35,19.4,19.2,20.6,0,1,MODERATE
561.4,0.549,12.5,44.4,43.1,12.1,77.9,24.7,3.07,28.8,34.6,43.1,0,2,HIGH
560.6,0.567,18.7,69.4,68.1,13.2,100.0,30.7,4.28,36.7,43.9,56.9,0,3,CRITICAL
556.3,0.667,12.9,32.6,41.1,13.8,67.2,26.4,0.18,26.9,27.9,28.6,0,2,HIGH
556.0,0.674,2.3,37.7,40.5,22.4,7.3,9.6,0.21,10.3,9.7,10.0,0,0,LOW
581.2,0.088,6.7,43.7,50.6,15.3,38.8,11.6,-0.18,11.7,10.2,10.5,0,0,LOW
575.8,0.214,29.2,54.4,49.4,22.5,100.0,28.0,4.22,34.4,41.5,53.6,0,3,CRITICAL
556.0,0.674,35.6,104.5,78.4,20.4,100.0,33.3,5.5,41.1,49.4,64.5,0,3,CRITICAL
555.6,0.684,2.7,26.7,43.6,20.0,10.3,11.1,-0.12,11.3,11.5,10.8,0,0,LOW
580.5,0.105,54.8,126.9,93.0,18.4,100.0,25.2,5.5,33.5,41.1,56.9,0,3,CRITICAL
568.2,0.391,7.2,33.2,47.1,19.2,30.9,13.3,0.03,13.8,13.9,15.3,0,1,MODERATE
573.7,0.263,19.5,64.6,55.3,13.9,100.0,27.1,3.19,32.1,37.3,46.4,0,3,CRITICAL
578.6,0.149,25.1,68.3,56.1,14.3,100.0,25.6,3.22,30.8,35.2,43.0,0,3,CRITICAL
561.1,0.556,30.1,104.1,79.0,22.3,100.0,30.0,5.31,38.3,45.4,59.8,0,3,CRITICAL
581.4,0.084,52.5,140.3,100.0,17.3,100.0,26.7,5.25,34.4,41.6,55.4,0,3,CRITICAL
556.7,0.658,6.8,52.6,55.5,15.3,43.2,22.3,0.27,23.0,24.0,25.5,0,2,HIGH
548.8,0.842,35.2,71.3,71.7,21.6,100.0,35.3,5.57,43.2,52.1,68.6,0,3,CRITICAL
566.2,0.437,2.5,26.4,47.4,11.4,18.2,8.5,-0.29,8.5,7.9,5.7,0,0,LOW
547.2,0.879,22.0,83.6,66.5,12.0,100.0,37.4,5.08,44.7,53.0,67.2,0,3,CRITICAL
570.2,0.344,24.4,81.2,76.8,12.9,100.0,28.8,4.33,35.5,42.3,53.7,0,3,CRITICAL
568.9,0.374,20.4,66.5,70.7,20.1,100.0,28.8,3.5,33.8,38.7,49.6,0,3,CRITICAL
575.2,0.228,5.2,47.9,56.2,11.2,45.7,16.6,0.16,16.6,16.8,16.5,0,1,MODERATE
554.6,0.707,37.2,84.5,75.4,20.0,100.0,36.1,5.5,44.1,52.6,69.2,0,3,CRITICAL
573.7,0.263,3.3,13.6,29.5,23.7,7.2,4.0,-0.04,4.3,4.8,3.5,0,0,LOW
567.8,0.4,1.0,7.2,40.6,18.5,3.8,6.8,0.11,6.6,7.7,9.2,0,0,LOW
554.5,0.709,22.8,57.2,49.3,15.8,100.0,35.0,5.32,42.8,51.6,66.0,0,3,CRITICAL
545.7,0.914,11.6,53.9,56.8,18.6,62.0,25.1,0.08,25.6,24.5,24.1,0,2,HIGH
565.0,0.465,34.0,54.7,66.8,21.3,100.0,31.4,4.97,38.5,47.0,59.2,0,3,CRITICAL
558.7,0.612,8.7,34.0,38.8,24.7,23.9,11.4,0.01,11.3,11.5,11.4,0,0,LOW
555.4,0.688,3.3,44.3,51.6,19.6,15.2,13.4,0.18,13.6,14.2,15.5,0,1,MODERATE
574.0,0.256,32.6,99.7,77.2,11.1,100.0,28.4,5.04,36.4,42.7,58.0,0,3,CRITICAL
545.3,0.923,14.3,37.1,58.2,17.1,85.2,31.2,5.19,38.6,47.0,61.4,0,3,CRITICAL
543.3,0.97,3.8,48.1,58.5,10.8,36.0,20.9,-0.18,20.2,19.4,20.9,0,1,MODERATE
571.0,0.326,22.9,85.2,76.1,12.4,100.0,32.9,4.01,38.7,45.6,57.2,0,3,CRITICAL
556.5,0.663,12.9,60.5,55.8,15.6,80.7,31.0,3.84,36.4,42.3,54.7,0,3,CRITICAL
582.9,0.049,16.7,36.9,43.0,25.0,50.3,16.7,0.47,17.1,19.0,19.2,0,1,MODERATE
584.5,0.012,11.1,34.8,54.7,21.2,50.1,11.4,0.07,11.7,11.4,11.8,0,0,LOW
569.7,0.356,31.8,79.2,66.7,21.3,100.0,32.9,5.07,40.3,48.6,63.0,0,3,CRITICAL
557.5,0.64,31.8,88.4,84.0,15.5,100.0,34.3,5.44,42.3,50.1,64.4,0,3,CRITICAL
578.2,0.158,22.2,97.8,69.7,19.7,100.0,26.6,3.8,32.3,38.0,50.2,0,3,CRITICAL
545.0,0.93,2.0,8.7,32.0,15.1,7.4,16.3,-0.02,16.1,17.1,14.7,0,1,MODERATE
573.9,0.258,32.9,105.2,78.2,12.8,100.0,26.1,4.3,32.7,38.5,52.3,0,3,CRITICAL
562.0,0.535,20.0,57.7,59.3,22.6,91.8,27.5,4.64,34.2,41.5,55.3,0,3,CRITICAL
580.4,0.107,21.5,85.5,81.7,16.4,100.0,26.2,3.44,31.3,37.1,46.0,0,3,CRITICAL
566.3,0.435,8.1,38.9,42.1,21.0,28.4,15.9,0.14,16.3,15.4,17.7,0,1,MODERATE
555.0,0.698,38.1,75.9,67.5,16.1,100.0,32.9,6.76,43.4,53.2,70.5,0,3,CRITICAL
571.8,0.307,23.3,83.2,74.4,16.5,100.0,31.5,4.52,38.5,44.5,58.6,0,3,CRITICAL
546.6,0.893,2.2,26.2,41.2,16.6,9.6,15.2,0.2,15.6,15.5,14.9,0,1,MODERATE
583.0,0.047,9.4,29.2,52.7,12.4,69.9,17.7,0.08,18.0,18.2,18.6,0,1,MODERATE
548.6,0.847,39.1,76.6,76.3,10.3,100.0,33.2,5.96,42.4,52.0,67.3,0,3,CRITICAL
568.3,0.388,0.9,14.4,43.2,18.4,3.7,6.5,-0.11,6.2,6.8,4.2,0,0,LOW
572.9,0.281,58.6,114.4,89.8,11.0,100.0,28.2,6.5,38.2,46.9,67.5,0,3,CRITICAL
548.8,0.842,20.5,81.9,66.7,19.9,100.0,34.4,4.98,41.9,48.4,63.5,0,3,CRITICAL
573.0,0.279,18.0,55.2,63.1,17.9,100.0,29.9,2.7,34.4,37.9,46.8,0,3,CRITICAL
580.0,0.116,5.7,51.7,55.5,19.3,28.7,7.2,-0.13,7.3,7.0,6.6,0,0,LOW
562.5,0.523,5.1,30.8,54.8,11.6,42.2,17.3,0.04,17.0,17.1,16.3,0,1,MODERATE
555.3,0.691,51.3,141.0,90.8,16.0,100.0,34.9,7.31,45.8,56.4,75.5,0,3,CRITICAL
571.6,0.312,6.4,28.8,37.0,19.4,21.4,11.2,-0.03,11.4,10.3,9.3,0,0,LOW
546.0,0.907,26.9,68.5,59.1,16.8,100.0,33.9,5.01,40.9,47.9,61.7,0,3,CRITICAL
548.0,0.86,9.0,28.0,41.9,22.4,29.5,20.9,0.35,21.0,21.1,23.8,0,1,MODERATE
547.2,0.879,2.7,10.5,43.5,18.2,11.3,11.8,-0.12,11.3,11.0,11.4,0,0,LOW
542.2,0.995,0.2,18.9,41.8,23.5,0.6,15.2,-0.37,15.1,13.7,12.4,0,1,MODERATE
545.5,0.919,14.1,66.1,61.6,22.5,67.6,29.3,0.33,29.7,30.4,30.3,0,2,HIGH
547.8,0.865,67.0,208.0,100.0,19.5,100.0,34.1,8.69,46.7,61.0,84.4,0,3,CRITICAL
579.3,0.133,8.3,25.1,49.6,21.8,33.0,11.4,-0.04,10.9,10.6,10.4,0,0,LOW
573.8,0.26,8.0,24.5,42.6,24.5,24.3,8.1,-0.04,8.3,8.3,6.2,0,0,LOW
571.9,0.305,7.6,45.3,62.1,10.0,82.6,27.6,2.31,31.5,34.8,39.7,0,2,HIGH
551.3,0.784,13.2,43.4,44.0,16.9,60.1,24.4,0.17,24.7,24.2,26.1,0,2,HIGH
550.4,0.805,10.5,13.3,28.5,13.1,40.0,22.5,-0.11,22.1,22.7,21.6,0,2,HIGH
560.3,0.574,38.2,123.2,87.2,17.8,100.0,30.9,5.76,39.5,47.2,65.8,0,3,CRITICAL
568.4,0.386,12.7,49.5,50.7,16.5,68.3,19.9,0.2,20.1,20.3,20.9,0,1,MODERATE
578.0,0.163,12.8,34.1,49.7,24.2,46.0,15.7,0.37,16.7,16.4,18.2,0,1,MODERATE
545.0,0.93,2.7,9.1,40.4,17.4,11.0,17.8,-0.17,18.0,16.9,15.9,0,1,MODERATE
577.7,0.17,73.1,145.3,97.9,14.6,100.0,27.5,7.47,38.9,49.1,71.5,0,3,CRITICAL
580.7,0.1,5.2,23.8,37.0,17.0,19.8,8.6,-0.17,8.7,8.1,8.9,0,0,LOW
575.1,0.23,1.4,33.3,40.1,17.0,5.8,4.5,0.2,4.6,5.6,6.1,0,0,LOW
547.5,0.872,19.6,81.3,76.1,14.3,100.0,36.0,4.71,43.2,50.4,62.2,0,3,CRITICAL
573.4,0.27,16.3,44.6,44.3,14.5,87.1,25.3,2.97,30.1,35.1,41.8,0,3,CRITICAL
580.7,0.1,9.7,54.4,50.6,24.7,34.8,8.7,-0.06,8.9,8.2,7.4,0,0,LOW
557.0,0.651,9.9,50.9,65.2,21.6,52.3,22.0,0.38,22.8,23.8,25.2,0,2,HIGH
570.8,0.33,27.7,82.7,64.3,10.1,100.0,31.7,3.87,37.7,43.4,52.8,0,3,CRITICAL
552.0,0.767,3.9,34.2,38.6,19.2,13.7,16.0,0.08,16.1,15.3,18.0,0,1,MODERATE
579.7,0.123,30.9,45.9,57.9,17.9,100.0,28.3,4.54,34.8,41.6,55.0,0,3,CRITICAL
548.9,0.84,18.8,39.1,48.8,20.8,77.2,29.8,4.16,36.3,42.0,55.4,0,3,CRITICAL
561.3,0.551,9.8,22.7,49.1,22.3,37.8,17.7,0.27,17.7,19.3,18.8,0,1,MODERATE
543.7,0.96,11.0,52.0,47.8,10.5,87.6,34.9,4.18,40.9,46.5,59.0,0,3,CRITICAL
551.7,0.774,5.3,39.8,46.6,18.5,23.4,14.0,0.09,14.3,14.4,15.7,0,1,MODERATE
564.6,0.474,25.1,53.4,50.0,15.9,100.0,31.4,4.8,38.8,45.0,58.6,0,3,CRITICAL
545.4,0.921,12.9,30.3,52.3,17.5,67.5,31.0,0.37,32.0,31.7,32.3,0,2,HIGH
584.0,0.023,7.0,39.3,45.5,18.9,29.5,5.8,-0.03,6.2,5.2,5.2,0,0,LOW
546.8,0.888,16.3,64.3,56.2,23.6,67.9,28.7,0.37,29.2,29.4,31.7,0,2,HIGH
571.7,0.309,98.2,265.3,100.0,23.1,100.0,28.8,9.56,43.1,57.0,85.3,0,3,CRITICAL
554.6,0.707,10.3,32.2,46.3,18.8,44.4,22.4,-0.1,22.1,22.7,21.7,0,2,HIGH
566.2,0.437,45.6,145.2,96.3,22.0,100.0,30.3,6.28,39.2,49.4,65.9,0,3,CRITICAL
547.3,0.877,7.6,21.2,42.4,16.0,35.2,18.0,0.25,18.3,18.8,20.5,0,1,MODERATE
558.0,0.628,1.0,35.6,38.4,15.2,4.4,10.9,-0.05,10.7,10.0,11.5,0,0,LOW
567.6,0.405,4.1,19.1,40.9,22.0,13.3,11.7,0.12,11.4,12.6,12.9,0,0,LOW
547.5,0.872,9.8,31.2,39.5,15.0,45.2,23.7,0.32,24.0,25.0,25.4,0,2,HIGH
577.4,0.177,4.5,18.9,33.0,15.4,16.9,6.2,0.01,6.6,6.8,4.9,0,0,LOW
585.0,0.0,0.0,4.7,31.2,11.8,0.0,3.0,-0.28,2.6,2.0,2.8,0,0,LOW
577.8,0.167,44.4,103.1,73.3,16.4,100.0,26.9,4.8,34.1,41.4,53.2,0,3,CRITICAL
582.1,0.067,33.4,90.5,82.9,13.2,100.0,29.2,4.34,35.9,41.4,52.8,0,3,CRITICAL
557.0,0.651,24.4,82.9,76.9,24.9,100.0,32.8,4.32,39.7,45.2,57.6,0,3,CRITICAL
554.1,0.719,3.3,15.6,30.3,11.2,15.6,11.4,0.05,11.6,12.4,11.4,0,0,LOW
564.9,0.467,2.3,24.4,38.1,20.0,7.7,8.4,-0.16,8.0,7.7,7.3,0,0,LOW
547.9,0.863,1.3,20.6,49.2,24.2,4.6,9.7,-0.14,9.6,8.5,10.4,0,0,LOW
547.5,0.872,23.2,67.6,70.9,15.9,100.0,35.4,5.83,43.9,52.7,70.4,0,3,CRITICAL
552.2,0.763,47.6,100.9,72.2,15.7,100.0,36.0,7.03,46.4,56.1,76.4,0,3,CRITICAL
578.3,0.156,10.1,15.4,42.0,19.8,37.5,9.3,-0.05,9.7,8.6,8.0,0,0,LOW
557.9,0.63,2.3,16.2,31.5,18.9,6.7,7.8,0.14,7.9,7.6,10.0,0,0,LOW
578.0,0.163,12.9,40.3,52.6,24.3,48.9,12.6,0.26,13.0,13.7,15.7,0,1,MODERATE
555.2,0.693,7.7,21.1,39.8,14.4,37.2,17.6,0.16,18.2,18.0,18.5,0,1,MODERATE
581.6,0.079,8.5,47.4,61.7,22.3,41.2,13.7,0.24,14.4,14.4,13.6,0,1,MODERATE
552.5,0.756,17.5,77.6,63.2,21.8,88.8,34.6,4.85,41.6,48.8,63.6,0,3,CRITICAL
561.9,0.537,22.8,61.0,68.0,16.8,100.0,29.8,4.91,37.5,43.6,59.1,0,3,CRITICAL
558.4,0.619,2.1,41.4,52.2,20.1,9.5,7.9,0.2,8.4,8.4,10.7,0,0,LOW
560.1,0.579,0.7,16.4,45.4,21.0,2.6,6.4,0.07,6.3,6.2,5.4,0,0,LOW
572.5,0.291,93.1,148.2,94.4,21.3,100.0,28.0,9.53,42.3,56.6,82.2,0,3,CRITICAL
567.1,0.416,4.8,13.7,27.0,11.0,20.6,12.1,-0.21,12.2,11.4,10.5,0,0,LOW
551.3,0.784,1.0,7.5,28.1,20.2,2.4,11.8,-0.29,10.9,10.1,10.5,0,0,LOW
576.7,0.193,3.8,42.2,60.2,18.0,22.2,11.1,-0.25,10.6,9.4,10.9,0,0,LOW
583.1,0.044,0.7,15.8,36.3,10.1,4.4,3.0,0.19,3.2,3.4,5.3,0,0,LOW
574.2,0.251,9.0,17.9,40.9,11.3,57.0,16.0,0.09,15.9,16.3,18.0,0,1,MODERATE
584.4,0.014,29.2,71.4,71.6,11.2,100.0,28.9,3.17,33.4,39.1,48.2,0,3,CRITICAL
561.8,0.54,7.5,22.3,35.9,12.1,38.9,20.0,0.2,20.5,20.5,20.0,0,1,MODERATE
576.5,0.198,10.6,28.4,44.0,19.9,41.0,11.0,0.33,11.9,11.6,13.8,0,0,LOW
560.2,0.577,20.3,53.9,51.2,11.6,100.0,30.9,3.71,36.3,42.1,51.3,0,3,CRITICAL
549.4,0.828,12.8,46.8,62.3,14.3,97.6,33.7,4.09,39.5,45.5,55.7,0,3,CRITICAL
562.4,0.526,35.6,115.8,90.6,17.6,100.0,31.3,5.11,39.2,46.5,60.3,0,3,CRITICAL
572.5,0.291,36.2,79.2,76.5,22.8,100.0,29.4,5.04,37.0,43.9,59.6,0,3,CRITICAL
580.5,0.105,0.2,20.9,49.2,24.4,0.7,3.0,-0.37,2.7,1.0,1.8,0,0,LOW
556.6,0.66,27.1,72.1,63.6,10.8,100.0,35.2,4.94,42.8,50.3,65.4,0,3,CRITICAL
571.7,0.309,11.1,36.8,43.7,17.2,49.4,17.0,-0.04,16.5,16.6,15.8,0,1,MODERATE
576.5,0.198,80.9,242.2,100.0,13.7,100.0,30.6,7.6,41.9,54.0,75.9,0,3,CRITICAL
547.8,0.865,11.9,67.3,66.1,16.7,82.4,34.0,4.16,40.5,47.4,59.1,0,3,CRITICAL
579.7,0.123,78.0,221.0,100.0,23.4,100.0,25.9,8.52,38.6,51.8,75.2,0,3,CRITICAL
555.4,0.688,25.3,68.7,72.3,20.3,100.0,32.8,5.12,40.9,48.7,63.4,0,3,CRITICAL
564.4,0.479,5.1,16.4,28.4,20.1,12.6,12.4,-0.28,12.2,11.2,11.7,0,0,LOW
549.9,0.816,13.9,37.6,56.5,13.0,100.0,37.2,3.86,43.4,47.9,58.1,0,3,CRITICAL
542.5,0.988,87.2,171.3,100.0,15.4,100.0,39.9,10.7,55.7,72.0,102.0,0,3,CRITICAL
572.8,0.284,35.1,96.9,79.4,24.8,100.0,28.5,4.77,35.9,42.8,57.0,0,3,CRITICAL
557.3,0.644,1.8,23.3,33.6,23.1,4.6,7.4,0.19,7.8,7.6,6.9,0,0,LOW
579.3,0.133,22.1,43.5,55.9,24.1,89.7,26.8,3.56,32.2,37.2,45.7,0,3,CRITICAL
579.0,0.14,7.6,49.7,59.6,13.1,60.5,15.6,0.05,15.7,15.5,16.0,0,1,MODERATE
560.3,0.574,0.1,39.6,51.2,14.5,0.6,5.1,-0.26,5.2,5.2,3.0,0,0,LOW
569.6,0.358,9.3,61.1,68.9,13.9,80.7,23.1,3.27,27.5,32.8,41.7,0,2,HIGH
578.3,0.156,4.8,22.3,37.9,22.6,14.1,5.1,-0.08,4.9,4.4,6.4,0,0,LOW
574.4,0.247,30.8,85.1,82.4,18.1,100.0,30.7,4.99,38.4,45.0,60.4,0,3,CRITICAL
562.5,0.523,7.4,25.1,43.0,16.4,34.0,15.4,-0.21,15.3,14.9,13.9,0,1,MODERATE
558.2,0.623,31.6,69.1,71.7,15.0,100.0,34.3,5.19,41.7,49.4,63.4,0,3,CRITICAL
578.6,0.149,0.0,7.9,37.3,17.7,0.0,3.0,0.13,3.3,4.1,4.0,0,0,LOW
567.2,0.414,6.6,26.9,52.0,12.7,47.3,20.7,-0.24,20.4,19.6,20.8,0,1,MODERATE
555.4,0.688,5.0,15.0,31.0,11.6,23.4,16.2,-0.28,15.7,14.9,16.0,0,1,MODERATE
576.3,0.202,4.8,20.0,34.1,22.3,12.8,4.5,-0.27,4.5,3.6,4.0,0,0,LOW
566.6,0.428,1.3,35.6,41.0,11.1,8.4,8.1,0.16,8.4,9.4,10.2,0,0,LOW
573.3,0.272,3.7,11.8,44.8,19.1,15.2,5.7,0.16,5.9,6.2,5.8,0,0,LOW
575.0,0.233,14.6,33.0,38.2,17.2,56.7,17.0,-0.1,17.3,17.1,16.1,0,1,MODERATE
545.4,0.921,6.2,36.4,51.4,20.9,26.7,17.4,-0.04,16.9,18.1,17.9,0,1,MODERATE
583.9,0.026,9.7,41.0,48.3,17.2,47.7,11.9,0.08,12.5,11.8,13.0,0,0,LOW
580.8,0.098,8.5,36.4,41.5,21.6,28.6,11.4,0.04,11.3,12.0,11.5,0,0,LOW
571.1,0.323,37.6,108.5,75.6,18.9,100.0,32.7,5.6,41.3,49.7,63.7,0,3,CRITICAL
558.3,0.621,42.4,101.3,87.9,24.7,100.0,34.3,5.45,42.1,50.5,67.2,0,3,CRITICAL
575.3,0.226,12.2,41.3,44.3,17.6,53.7,19.2,0.41,19.3,21.4,20.6,0,1,MODERATE
565.4,0.456,7.2,44.6,50.7,21.7,29.4,12.5,0.28,12.8,13.5,15.0,0,1,MODERATE
545.8,0.912,2.0,26.5,44.1,21.0,7.3,15.8,0.0,15.8,16.2,16.2,0,1,MODERATE
550.3,0.807,55.2,90.4,76.8,12.5,100.0,36.0,8.33,48.5,60.0,85.0,0,3,CRITICAL
562.2,0.53,1.1,41.5,56.6,18.0,6.1,10.6,-0.21,10.3,10.4,9.0,0,0,LOW
555.9,0.677,6.4,13.5,41.7,16.3,28.7,14.5,0.27,14.5,14.6,14.9,0,1,MODERATE
584.1,0.021,6.4,21.8,33.7,16.3,23.2,5.9,-0.13,6.0,6.0,3.4,0,0,LOW
554.1,0.719,7.0,33.3,51.4,19.7,32.0,16.0,-0.09,15.9,16.0,15.2,0,1,MODERATE
549.6,0.823,3.2,18.1,37.8,10.0,21.2,19.1,-0.24,18.9,18.4,17.6,0,1,MODERATE
545.0,0.93,27.5,45.4,53.2,22.7,100.0,37.3,6.16,46.3,56.0,73.6,0,3,CRITICAL
552.3,0.76,2.4,20.8,40.0,13.7,12.3,15.4,0.12,15.7,16.3,16.5,0,1,MODERATE
550.7,0.798,18.1,65.3,63.2,22.3,89.8,33.3,4.26,39.9,45.9,58.3,0,3,CRITICAL
564.8,0.47,2.4,9.1,33.5,18.4,7.6,9.9,0.23,9.8,11.6,10.7,0,0,LOW
573.9,0.258,1.3,3.6,38.0,19.5,4.4,7.2,0.01,7.0,7.3,7.2,0,0,LOW
573.5,0.267,43.2,81.3,72.7,10.4,100.0,31.9,5.01,39.8,46.7,61.6,0,3,CRITICAL
582.0,0.07,3.8,17.3,46.8,21.7,14.3,6.8,-0.29,6.3,5.2,5.9,0,0,LOW
559.6,0.591,31.0,75.9,59.7,10.8,100.0,32.5,5.14,40.7,48.5,62.4,0,3,CRITICAL
559.8,0.586,14.2,55.6,61.8,17.2,89.3,30.6,3.2,35.5,39.9,49.4,0,3,CRITICAL
553.4,0.735,1.5,40.8,51.9,18.5,7.4,10.0,-0.15,10.0,9.1,9.7,0,0,LOW
548.8,0.842,56.0,105.7,74.0,13.5,100.0,34.0,8.56,47.0,59.7,83.3,0,3,CRITICAL
546.7,0.891,5.1,41.7,43.1,18.0,21.4,16.5,-0.06,16.1,16.5,14.4,0,1,MODERATE
552.2,0.763,35.3,81.8,66.2,16.0,100.0,33.4,6.06,42.5,50.9,68.2,0,3,CRITICAL
572.1,0.3,3.3,6.1,25.8,23.9,6.2,7.4,0.17,7.7,8.3,7.9,0,0,LOW
575.3,0.226,34.6,86.5,75.7,18.8,100.0,28.8,4.48,35.7,42.6,53.6,0,3,CRITICAL
572.0,0.302,0.2,32.2,55.9,20.4,1.0,7.5,-0.36,6.7,5.5,5.4,0,0,LOW
562.1,0.533,12.9,48.9,54.2,14.1,86.8,31.1,4.29,37.4,45.0,57.2,0,3,CRITICAL
568.6,0.381,26.4,76.9,68.2,20.8,100.0,31.0,4.52,37.7,43.9,55.9,0,3,CRITICAL
560.5,0.57,49.1,142.4,100.0,21.3,100.0,31.8,6.22,41.6,49.5,67.9,0,3,CRITICAL
547.8,0.865,43.2,135.1,100.0,17.1,100.0,35.9,7.43,47.5,58.1,80.4,0,3,CRITICAL
560.8,0.563,30.8,99.0,83.3,23.5,100.0,30.4,4.91,38.1,44.9,59.2,0,3,CRITICAL
542.4,0.991,39.4,126.6,100.0,12.3,100.0,40.6,6.18,49.7,58.2,74.7,0,3,CRITICAL
568.3,0.388,4.0,34.4,38.8,15.2,17.9,10.3,0.24,11.1,10.5,12.0,0,0,LOW
570.5,0.337,6.0,50.2,50.2,15.3,34.5,13.3,-0.17,12.7,12.0,13.2,0,0,LOW
565.1,0.463,6.1,24.5,33.9,19.3,18.8,12.9,0.07,13.2,13.9,13.0,0,1,MODERATE
567.8,0.4,8.5,15.1,38.6,14.8,38.8,16.0,0.12,15.7,15.4,17.6,0,1,MODERATE
571.0,0.326,9.0,31.8,37.2,22.6,25.9,13.3,-0.09,13.6,13.3,11.2,0,1,MODERATE
548.0,0.86,14.2,48.0,58.1,17.5,82.5,29.6,4.47,36.0,42.1,55.1,0,3,CRITICAL
576.2,0.205,3.1,26.1,34.4,14.7,12.7,6.9,0.2,7.5,7.7,9.0,0,0,LOW
580.2,0.112,21.2,59.1,68.8,13.5,100.0,29.0,2.76,32.9,37.0,43.5,0,3,CRITICAL
557.4,0.642,3.3,40.2,51.3,12.8,23.1,12.1,-0.28,11.8,10.4,11.2,0,0,LOW
565.5,0.453,6.7,37.2,47.0,14.0,39.4,18.9,-0.23,19.0,17.8,15.8,0,1,MODERATE
579.6,0.126,12.6,63.7,60.4,24.9,53.5,15.6,0.23,15.6,16.3,18.2,0,1,MODERATE
544.2,0.949,28.7,88.3,73.3,17.9,100.0,34.6,5.77,42.9,51.0,69.1,0,3,CRITICAL
573.3,0.272,24.2,77.0,58.6,19.7,100.0,28.1,4.06,34.6,40.0,52.9,0,3,CRITICAL
548.0,0.86,18.7,80.3,75.7,13.3,100.0,35.3,4.77,42.6,50.3,62.7,0,3,CRITICAL
544.4,0.944,3.0,22.7,51.0,19.3,13.9,17.8,0.17,18.2,18.7,18.5,0,1,MODERATE
562.8,0.516,14.3,46.1,59.1,18.6,79.5,29.9,3.81,36.0,40.9,51.2,0,3,CRITICAL
561.9,0.537,1.6,37.9,39.8,12.9,8.6,11.8,-0.32,11.6,11.4,10.8,0,0,LOW
582.1,0.067,8.5,21.9,33.4,12.1,41.1,11.6,0.24,12.0,13.1,14.0,0,1,MODERATE
555.3,0.691,9.6,41.5,44.1,11.5,64.4,27.3,0.14,27.1,28.0,29.1,0,2,HIGH
547.7,0.867,0.7,9.1,37.2,18.3,2.5,13.7,0.18,14.3,13.3,16.2,0,1,MODERATE
565.1,0.463,5.8,18.4,48.8,13.7,36.2,15.8,0.18,15.6,16.0,15.8,0,1,MODERATE
550.4,0.805,56.1,167.1,100.0,12.3,100.0,34.8,7.48,46.5,58.1,77.8,0,3,CRITICAL
574.7,0.24,55.3,95.7,74.5,18.3,100.0,26.1,6.6,36.4,46.1,63.8,0,3,CRITICAL
579.9,0.119,7.8,40.5,46.8,22.5,28.4,11.7,-0.21,11.0,10.7,9.5,0,0,LOW
565.4,0.456,0.8,34.0,43.7,18.1,3.4,7.7,-0.35,7.2,6.9,7.1,0,0,LOW
576.4,0.2,3.6,36.8,40.5,14.2,18.0,8.1,-0.02,8.4,7.7,8.9,0,0,LOW
569.3,0.365,9.0,26.7,39.2,16.4,37.6,12.3,0.14,12.6,12.2,12.9,0,0,LOW
543.5,0.965,53.1,153.7,100.0,22.7,100.0,40.0,7.75,51.7,63.0,86.2,0,3,CRITICAL
555.5,0.686,2.7,35.8,50.6,16.0,14.9,12.9,0.14,13.0,13.0,14.1,0,1,MODERATE
557.1,0.649,26.0,62.9,56.0,14.2,100.0,35.4,4.4,42.4,48.7,62.1,0,3,CRITICAL
549.8,0.819,2.1,42.7,51.6,14.6,13.0,15.0,-0.04,14.8,14.5,16.2,0,1,MODERATE
565.6,0.451,71.6,121.4,87.4,24.1,100.0,32.4,8.48,44.8,58.2,80.1,0,3,CRITICAL
550.6,0.8,8.7,27.8,42.5,22.2,29.1,20.6,0.31,20.7,21.5,22.3,0,1,MODERATE
554.8,0.702,26.9,85.1,78.3,16.7,100.0,35.9,4.75,43.1,50.8,62.0,0,3,CRITICAL
574.8,0.237,7.6,38.0,56.4,18.4,40.8,16.3,-0.04,16.3,16.5,16.1,0,1,MODERATE
582.8,0.051,17.8,71.0,57.9,19.5,92.5,26.2,3.1,31.0,35.1,44.3,0,3,CRITICAL
555.2,0.693,3.8,40.8,44.3,17.2,17.1,14.0,-0.07,14.1,13.5,13.0,0,1,MODERATE
562.9,0.514,2.8,39.9,47.6,17.6,13.3,8.9,-0.17,8.3,7.6,7.9,0,0,LOW
567.7,0.402,50.1,93.5,78.5,24.2,100.0,28.6,5.67,37.5,45.6,61.2,0,3,CRITICAL
555.4,0.688,44.9,74.6,65.8,21.6,100.0,35.3,5.88,44.5,53.3,68.5,0,3,CRITICAL
581.1,0.091,39.3,79.3,79.6,17.4,100.0,29.9,5.14,37.1,46.0,59.3,0,3,CRITICAL
546.1,0.905,17.7,60.5,57.8,24.2,74.0,33.3,0.16,33.5,33.2,34.0,0,2,HIGH
583.8,0.028,29.7,77.4,60.5,14.0,100.0,27.1,3.71,32.2,37.2,47.2,0,3,CRITICAL
558.1,0.626,1.3,29.2,40.6,15.2,6.1,8.9,-0.16,8.4,9.1,8.5,0,0,LOW
556.1,0.672,7.3,39.5,56.9,15.8,46.0,17.8,0.27,17.9,18.4,20.2,0,1,MODERATE
578.3,0.156,6.8,35.2,42.4,17.8,28.3,12.3,-0.03,12.3,12.3,13.4,0,0,LOW
572.7,0.286,18.2,76.4,58.7,18.9,98.9,26.3,4.06,32.7,38.9,49.4,0,3,CRITICAL
552.8,0.749,7.9,10.4,25.3,20.1,17.4,12.9,0.19,12.8,13.7,12.4,0,1,MODERATE
545.6,0.916,2.9,15.1,28.6,12.7,11.4,15.7,-0.12,15.7,14.6,16.8,0,1,MODERATE
549.9,0.816,16.3,44.8,59.1,19.2,87.8,31.7,4.24,37.8,45.3,55.9,0,3,CRITICAL
543.9,0.956,30.3,75.1,62.2,13.2,100.0,39.5,5.56,48.1,56.5,71.3,0,3,CRITICAL
567.4,0.409,8.7,42.9,56.7,22.9,37.7,18.1,0.11,18.7,19.0,20.0,0,1,MODERATE
546.2,0.902,2.6,19.8,42.2,16.5,11.6,12.6,-0.31,12.0,10.8,9.1,0,0,LOW
566.2,0.437,3.9,15.3,32.8,10.2,21.9,10.6,-0.17,10.5,9.3,10.9,0,0,LOW
554.5,0.709,4.9,36.4,55.3,20.5,23.1,14.9,-0.05,15.0,15.7,16.3,0,1,MODERATE
548.7,0.844,6.4,22.9,48.0,16.4,32.8,16.6,-0.2,16.6,16.2,14.3,0,1,MODERATE
550.1,0.812,18.5,44.3,51.4,23.7,70.2,26.4,0.36,26.8,27.6,28.0,0,2,HIGH
580.9,0.095,16.5,40.9,41.7,17.2,70.0,21.8,0.12,22.1,22.4,22.3,0,2,HIGH
559.1,0.602,21.4,43.0,58.4,22.2,98.5,33.9,4.64,40.7,47.7,60.9,0,3,CRITICAL
560.4,0.572,8.1,28.9,43.5,13.2,46.7,21.0,-0.19,20.3,19.6,18.9,0,1,MODERATE
574.7,0.24,31.3,93.2,73.7,13.2,100.0,30.5,4.78,37.3,44.4,59.1,0,3,CRITICAL
551.2,0.786,4.1,21.7,46.4,15.0,22.2,17.7,-0.14,17.5,17.7,15.9,0,1,MODERATE
560.3,0.574,11.4,31.2,49.5,15.4,64.1,23.1,-0.0,22.6,23.8,24.7,0,2,HIGH
571.6,0.312,29.1,91.9,85.2,15.3,100.0,29.7,4.63,36.4,43.3,58.2,0,3,CRITICAL
542.9,0.979,3.6,47.0,58.0,19.6,18.6,19.3,0.11,19.1,20.1,19.8,0,1,MODERATE
583.4,0.037,2.1,17.0,46.3,10.3,16.5,3.0,0.19,2.8,3.0,2.4,0,0,LOW
549.7,0.821,38.7,58.4,60.8,24.4,100.0,33.5,5.79,42.5,51.1,66.1,0,3,CRITICAL
550.2,0.809,7.6,52.3,48.1,24.6,26.0,19.8,-0.0,19.5,19.1,20.7,0,1,MODERATE
574.1,0.253,20.7,39.2,43.7,17.1,92.6,26.2,2.84,30.3,35.4,42.3,0,3,CRITICAL
565.4,0.456,0.5,23.0,47.7,21.5,1.9,9.7,0.02,9.9,10.3,8.4,0,0,LOW
549.7,0.821,21.1,50.9,63.6,20.6,100.0,35.2,4.75,42.6,49.3,63.4,0,3,CRITICAL
550.9,0.793,6.8,48.9,55.7,12.8,51.8,20.7,0.26,20.9,20.6,22.0,0,1,MODERATE
549.6,0.823,1.0,6.3,29.0,15.1,3.4,11.5,0.21,11.9,12.1,13.2,0,0,LOW
549.0,0.837,16.9,65.8,70.5,14.9,100.0,34.8,5.43,43.0,50.1,66.7,0,3,CRITICAL
568.5,0.384,5.0,33.8,38.5,20.9,16.1,6.7,0.12,6.8,7.9,9.2,0,0,LOW
566.5,0.43,8.8,27.8,44.4,11.6,58.9,21.3,0.16,21.9,22.0,21.5,0,2,HIGH
583.7,0.03,1.5,22.4,39.0,12.6,8.1,6.2,-0.32,5.9,4.3,3.1,0,0,LOW
545.9,0.909,2.9,24.8,50.7,17.8,14.5,14.9,-0.21,15.0,14.2,13.1,0,1,MODERATE
550.7,0.798,6.4,18.1,39.1,22.2,19.7,16.1,-0.03,16.0,15.9,17.3,0,1,MODERATE
564.9,0.467,1.7,37.6,44.2,11.0,12.0,8.9,0.18,8.7,9.8,9.6,0,0,LOW
579.1,0.137,43.5,116.9,90.8,22.6,100.0,25.9,5.24,33.7,41.3,57.3,0,3,CRITICAL
574.2,0.251,0.1,13.7,35.6,11.0,0.6,3.0,-0.28,2.1,2.5,0.1,0,0,LOW
556.2,0.67,11.9,44.5,54.8,24.8,46.0,22.1,0.17,22.5,22.8,24.8,0,2,HIGH
579.3,0.133,2.4,14.3,30.4,11.5,11.1,5.8,0.11,5.6,5.3,5.9,0,0,LOW
579.4,0.13,6.6,35.1,46.0,19.6,27.1,10.9,0.19,11.6,10.7,10.4,0,0,LOW
553.7,0.728,46.9,140.2,100.0,20.9,100.0,35.4,6.24,44.4,55.0,72.5,0,3,CRITICAL
554.5,0.709,3.2,8.1,31.0,20.0,8.7,12.9,0.07,13.0,12.7,12.1,0,0,LOW
567.9,0.398,60.8,120.8,88.7,11.1,100.0,28.9,7.56,40.0,50.9,73.4,0,3,CRITICAL
571.6,0.312,4.1,39.1,43.1,15.1,20.5,10.5,0.12,10.2,10.4,10.3,0,0,LOW
565.1,0.463,24.4,43.9,54.5,12.1,100.0,32.6,5.0,40.3,48.2,62.7,0,3,CRITICAL
559.2,0.6,14.2,61.9,54.7,21.9,62.1,26.4,0.14,27.0,25.9,25.8,0,2,HIGH
569.8,0.353,38.8,59.0,65.2,21.5,100.0,29.6,5.89,38.8,47.8,63.9,0,3,CRITICAL
568.0,0.395,14.5,35.2,49.8,22.6,55.9,20.2,-0.1,20.0,19.4,20.9,0,1,MODERATE
546.4,0.898,13.8,47.6,45.3,17.0,64.4,28.8,0.02,28.8,28.1,30.2,0,2,HIGH
580.5,0.105,3.9,30.1,35.1,15.8,15.2,4.9,0.07,5.0,5.1,4.8,0,0,LOW
561.8,0.54,3.3,16.0,29.7,12.1,14.2,12.1,-0.14,11.6,10.7,10.2,0,0,LOW
579.4,0.13,44.7,93.0,84.8,16.2,100.0,27.2,4.78,34.8,40.9,56.4,0,3,CRITICAL
545.0,0.93,7.2,13.5,35.0,13.4,32.9,19.1,0.07,19.5,18.9,18.2,0,1,MODERATE
570.2,0.344,8.4,27.5,51.4,10.3,73.4,25.8,0.14,26.5,26.5,27.2,0,2,HIGH
555.4,0.688,25.7,64.1,59.2,15.7,100.0,33.3,5.57,41.9,49.9,64.1,0,3,CRITICAL
559.2,0.6,7.4,50.1,49.0,11.3,56.2,24.8,-0.06,24.4,25.1,23.1,0,2,HIGH
548.0,0.86,54.7,102.7,77.5,19.9,100.0,37.7,8.26,50.2,63.0,85.9,0,3,CRITICAL
572.6,0.288,24.1,68.2,73.6,16.8,100.0,29.8,4.65,36.5,43.1,57.4,0,3,CRITICAL
563.3,0.505,16.4,60.9,50.6,16.5,88.0,26.6,3.37,31.8,37.3,46.7,0,3,CRITICAL
555.9,0.677,38.3,60.8,70.0,17.5,100.0,31.2,6.68,41.6,50.3,69.6,0,3,CRITICAL
548.1,0.858,0.9,40.3,53.2,18.6,4.5,10.9,0.14,11.3,10.6,13.3,0,0,LOW
569.0,0.372,5.3,45.2,61.3,12.5,45.5,19.4,0.14,19.3,20.6,21.8,0,1,MODERATE
553.2,0.74,11.3,30.6,43.1,16.3,52.3,23.8,0.29,24.3,24.5,26.1,0,2,HIGH
558.8,0.609,4.6,47.2,51.3,17.7,23.3,15.4,-0.31,15.2,14.9,12.5,0,1,MODERATE
547.7,0.867,24.5,75.9,74.0,20.8,100.0,39.1,5.85,48.2,55.7,73.5,0,3,CRITICAL
559.9,0.584,45.3,121.6,92.1,11.1,100.0,35.1,6.01,43.7,53.2,68.6,0,3,CRITICAL
573.6,0.265,9.9,55.5,67.2,21.1,55.2,19.8,0.12,20.1,19.8,21.2,0,1,MODERATE
559.1,0.602,7.5,39.4,43.4,12.4,45.9,19.7,0.09,20.0,19.1,21.2,0,1,MODERATE
574.4,0.247,58.7,138.8,90.8,24.0,100.0,29.6,6.74,39.4,50.3,70.3,0,3,CRITICAL
561.4,0.549,10.6,59.3,59.7,22.0,50.3,17.4,0.15,17.3,18.5,19.6,0,1,MODERATE
551.6,0.777,12.1,67.0,68.2,22.3,64.8,29.3,0.28,29.3,29.2,30.8,0,2,HIGH
543.1,0.974,7.8,25.4,37.4,17.9,28.5,21.7,-0.03,21.7,21.3,22.9,0,1,MODERATE
546.2,0.902,43.3,123.3,84.7,24.3,100.0,36.6,6.44,45.8,55.3,73.5,0,3,CRITICAL
565.8,0.447,15.1,46.6,55.6,15.4,95.4,27.8,3.0,32.0,37.3,45.6,0,3,CRITICAL
563.4,0.502,25.9,98.6,74.2,22.4,100.0,31.8,4.06,37.9,43.9,57.1,0,3,CRITICAL
582.5,0.058,30.1,85.5,62.9,18.3,100.0,25.5,3.25,30.6,35.9,45.3,0,3,CRITICAL
578.0,0.163,7.5,25.1,46.3,21.9,27.7,9.1,0.03,8.8,10.0,8.0,0,0,LOW
543.0,0.977,10.2,33.2,50.1,22.7,39.4,23.4,0.29,23.9,23.5,25.1,0,2,HIGH
560.9,0.56,34.0,77.3,68.9,10.9,100.0,29.8,4.63,36.5,44.5,55.6,0,3,CRITICAL
547.1,0.881,8.1,16.8,42.5,11.7,51.5,27.4,0.18,27.8,28.1,27.5,0,2,HIGH
550.4,0.805,28.4,102.3,91.1,21.3,100.0,34.3,6.22,43.2,52.5,69.4,0,3,CRITICAL
579.6,0.126,50.9,130.0,96.8,18.6,100.0,29.8,6.33,38.9,48.8,68.2,0,3,CRITICAL
569.9,0.351,17.6,47.0,59.2,11.3,100.0,29.5,3.11,34.3,38.6,46.4,0,3,CRITICAL
577.7,0.17,24.4,70.6,61.9,23.0,100.0,30.7,3.86,36.4,41.5,53.1,0,3,CRITICAL
550.4,0.805,29.4,71.9,62.4,20.7,100.0,34.4,4.92,41.8,50.0,61.8,0,3,CRITICAL
578.7,0.147,33.6,69.0,68.9,11.9,100.0,30.3,4.75,37.1,44.2,58.9,0,3,CRITICAL
552.1,0.765,9.0,20.8,46.4,16.2,45.1,23.2,-0.05,23.1,23.7,22.1,0,2,HIGH
562.6,0.521,0.9,9.1,42.8,10.9,6.2,11.2,0.08,11.7,12.1,12.2,0,0,LOW
582.4,0.06,9.3,53.3,63.8,22.9,45.3,14.2,0.29,14.7,15.1,17.4,0,1,MODERATE
577.5,0.174,20.2,37.4,39.6,12.9,100.0,29.6,2.93,33.8,39.0,48.3,0,3,CRITICAL
563.9,0.491,10.8,22.4,46.9,24.4,36.3,16.2,0.33,16.9,16.9,17.1,0,1,MODERATE
545.5,0.919,24.9,64.9,53.4,16.8,100.0,36.4,5.66,44.9,54.2,69.4,0,3,CRITICAL
553.8,0.726,7.9,46.3,59.0,24.4,33.4,18.3,0.27,18.4,20.0,18.9,0,1,MODERATE
563.4,0.502,18.1,77.6,65.8,11.3,100.0,32.9,4.35,39.6,45.9,59.9,0,3,CRITICAL
584.6,0.009,3.7,15.1,37.9,24.1,10.2,3.0,0.1,3.3,4.0,2.4,0,0,LOW
569.0,0.372,24.9,97.2,74.6,13.5,100.0,29.1,3.87,34.8,40.6,52.0,0,3,CRITICAL
554.8,0.702,14.2,57.6,53.2,18.7,70.7,29.1,-0.11,28.5,28.0,28.3,0,2,HIGH
564.6,0.474,4.1,18.8,34.9,10.1,24.8,11.4,0.05,11.1,10.7,12.2,0,0,LOW
551.2,0.786,6.2,27.4,41.5,17.2,26.2,16.3,0.28,16.6,17.6,18.1,0,1,MODERATE
553.5,0.733,24.9,78.2,69.9,23.7,100.0,36.6,5.78,45.7,54.0,68.8,0,3,CRITICAL
555.3,0.691,11.9,57.6,50.2,11.6,90.1,31.1,3.77,36.4,43.0,52.1,0,3,CRITICAL
553.0,0.744,4.4,25.2,49.6,14.6,26.2,18.0,-0.21,18.0,17.9,16.5,0,1,MODERATE
550.4,0.805,61.6,175.1,100.0,18.7,100.0,35.1,8.87,48.9,61.9,88.1,0,3,CRITICAL
582.9,0.049,22.6,72.4,73.5,11.0,100.0,27.3,2.52,30.6,35.5,41.6,0,3,CRITICAL
577.4,0.177,56.7,161.4,100.0,11.5,100.0,28.4,6.02,37.5,45.9,62.8,0,3,CRITICAL
582.4,0.06,10.0,60.5,63.4,22.1,50.2,13.1,-0.18,13.2,12.3,11.9,0,0,LOW
577.6,0.172,11.6,62.1,57.4,24.4,47.8,14.3,0.38,14.6,15.8,15.8,0,1,MODERATE
558.8,0.609,41.1,92.8,81.9,24.2,100.0,36.1,6.54,45.6,56.6,72.3,0,3,CRITICAL
564.5,0.477,13.4,57.9,61.5,21.5,67.1,21.6,0.09,21.7,22.1,23.2,0,2,HIGH
576.6,0.195,22.1,65.1,67.0,15.1,100.0,27.4,3.39,32.3,38.0,48.6,0,3,CRITICAL
584.5,0.012,5.2,22.1,47.5,22.0,19.6,6.1,-0.14,5.4,5.7,3.7,0,0,LOW
560.5,0.57,10.7,53.5,57.1,24.3,44.0,20.3,0.31,20.5,22.1,20.9,0,2,HIGH
567.9,0.398,2.4,25.3,40.1,12.0,14.0,11.5,0.06,11.1,12.1,10.8,0,0,LOW
567.1,0.416,4.2,17.5,40.1,14.2,20.8,8.5,-0.02,8.8,8.3,8.6,0,0,LOW
577.8,0.167,0.0,26.3,46.4,10.2,0.0,5.4,-0.37,4.7,4.0,1.5,0,0,LOW
577.9,0.165,0.7,20.9,43.9,22.3,2.4,4.2,-0.02,4.3,3.4,5.6,0,0,LOW
573.6,0.265,68.1,154.0,100.0,19.1,100.0,26.6,7.5,37.9,48.3,71.1,0,3,CRITICAL
575.0,0.233,5.0,20.0,45.1,12.8,30.8,9.3,0.05,9.8,8.6,10.3,0,0,LOW
558.7,0.612,19.6,76.1,75.8,16.8,100.0,34.6,4.07,40.8,47.2,58.9,0,3,CRITICAL
572.4,0.293,32.9,120.2,93.9,19.3,100.0,28.7,4.27,35.1,41.7,55.0,0,3,CRITICAL
565.4,0.456,14.4,44.8,44.3,12.1,92.3,28.5,3.04,33.0,38.3,44.5,0,3,CRITICAL
543.6,0.963,3.0,45.1,49.3,15.1,17.1,15.8,-0.24,15.2,15.7,12.9,0,1,MODERATE
573.9,0.258,23.4,87.8,78.3,18.0,100.0,30.1,4.39,36.6,44.2,56.3,0,3,CRITICAL
579.1,0.137,16.5,58.0,51.3,18.7,79.2,22.6,2.26,26.4,30.1,34.2,0,2,HIGH
579.7,0.123,23.7,38.9,56.2,22.2,100.0,29.2,3.99,34.9,42.1,53.2,0,3,CRITICAL
565.5,0.453,26.4,67.0,71.4,10.2,100.0,30.8,4.21,37.1,43.8,54.1,0,3,CRITICAL
557.4,0.642,66.7,157.1,100.0,19.9,100.0,33.6,7.78,44.8,57.3,77.0,0,3,CRITICAL
555.1,0.695,15.3,49.8,58.0,14.2,100.0,36.8,4.91,43.8,50.7,66.2,0,3,CRITICAL
584.4,0.014,7.5,43.1,47.5,19.0,32.8,9.7,-0.19,9.4,9.6,7.5,0,0,LOW
575.6,0.219,18.8,74.0,68.5,11.1,100.0,30.8,3.41,36.1,42.0,51.1,0,3,CRITICAL
578.3,0.156,1.3,34.5,55.8,14.2,8.9,4.8,-0.33,3.8,4.0,1.5,0,0,LOW
574.4,0.247,41.0,96.9,76.5,24.5,100.0,27.9,5.44,35.7,43.3,61.2,0,3,CRITICAL
568.9,0.374,2.3,24.0,38.9,21.4,7.3,9.5,0.23,9.7,9.2,11.9,0,0,LOW
574.9,0.235,7.2,15.0,36.0,22.6,20.1,10.5,0.15,10.3,11.8,12.2,0,0,LOW
580.5,0.105,30.4,78.0,75.0,23.6,100.0,25.4,3.44,30.5,35.8,44.2,0,3,CRITICAL
581.6,0.079,16.4,53.3,53.1,16.9,90.2,22.2,2.35,25.7,29.0,36.7,0,2,HIGH
583.6,0.033,9.0,27.8,47.3,13.2,56.4,17.8,-0.05,18.2,17.0,18.5,0,1,MODERATE
551.8,0.772,11.5,59.3,68.0,16.3,84.0,31.1,4.74,38.6,45.1,58.8,0,3,CRITICAL
550.8,0.795,34.7,56.7,63.6,17.6,100.0,33.5,6.24,42.9,52.2,69.9,0,3,CRITICAL
543.5,0.965,7.5,29.2,52.0,24.0,28.4,19.3,-0.04,19.1,19.7,19.2,0,1,MODERATE
559.0,0.605,36.7,65.1,66.5,12.7,100.0,31.1,5.8,39.6,48.6,63.4,0,3,CRITICAL
570.1,0.347,1.7,42.0,42.8,15.2,8.4,5.4,-0.05,5.8,4.7,3.7,0,0,LOW
565.7,0.449,27.0,68.9,59.6,19.4,100.0,30.0,4.62,36.9,43.8,56.1,0,3,CRITICAL
582.5,0.058,33.9,106.2,86.3,11.2,100.0,29.5,3.38,34.1,39.7,50.4,0,3,CRITICAL
584.9,0.002,3.6,17.0,38.2,18.5,13.0,3.8,-0.3,3.3,3.0,3.1,0,0,LOW
570.8,0.33,10.1,47.8,49.6,23.8,36.8,16.9,0.0,17.1,17.2,18.1,0,1,MODERATE
562.2,0.53,3.3,25.2,35.5,11.0,18.6,10.3,0.13,10.3,10.8,10.7,0,0,LOW
555.7,0.681,22.1,39.8,42.6,14.4,100.0,31.6,5.26,39.7,46.6,62.5,0,3,CRITICAL
569.6,0.358,13.8,29.1,49.5,21.0,56.9,20.5,0.13,21.0,21.7,20.4,0,1,MODERATE
578.0,0.163,18.2,76.7,60.4,10.2,100.0,29.6,2.89,33.7,38.1,44.7,0,3,CRITICAL
584.8,0.005,3.9,23.2,45.4,12.5,24.8,6.6,-0.28,5.8,6.7,6.6,0,0,LOW
558.1,0.626,4.3,32.5,51.0,15.4,24.9,14.6,-0.04,14.8,15.3,15.9,0,1,MODERATE
546.9,0.886,0.8,7.2,42.4,12.7,4.7,14.6,-0.11,14.1,13.7,12.5,0,1,MODERATE
544.2,0.949,7.0,39.9,52.0,10.8,59.0,28.5,0.33,28.7,30.4,29.7,0,2,HIGH
578.7,0.147,14.8,53.7,51.8,20.3,66.1,17.6,0.23,17.7,18.5,17.8,0,1,MODERATE
584.8,0.005,35.1,84.4,78.0,19.5,100.0,25.6,4.19,32.1,37.7,50.0,0,3,CRITICAL
557.4,0.642,19.8,40.4,45.6,19.0,83.2,31.4,4.43,37.7,45.7,56.9,0,3,CRITICAL
555.6,0.684,10.3,30.3,38.0,11.6,59.0,24.8,0.09,25.1,24.6,24.6,0,2,HIGH
578.5,0.151,55.1,126.3,94.0,19.2,100.0,25.0,5.38,33.0,41.8,56.5,0,3,CRITICAL
562.1,0.533,22.9,36.9,46.8,23.8,78.8,26.6,4.27,33.5,39.4,51.5,0,3,CRITICAL
566.3,0.435,47.9,107.0,78.9,21.4,100.0,30.6,6.86,40.6,50.5,70.5,0,3,CRITICAL
554.0,0.721,13.5,56.4,59.8,12.6,100.0,33.5,3.75,39.2,43.8,55.3,0,3,CRITICAL
571.5,0.314,5.4,9.2,43.8,11.1,37.3,15.0,0.3,15.6,15.9,15.2,0,1,MODERATE
558.5,0.616,1.0,14.6,44.1,20.7,3.7,10.3,-0.28,9.6,8.5,9.6,0,0,LOW
579.0,0.14,23.3,63.9,53.5,10.8,100.0,25.0,2.98,29.9,33.8,42.2,0,2,HIGH
554.3,0.714,2.3,26.3,38.9,12.4,12.6,12.5,-0.2,12.2,11.7,13.1,0,0,LOW
551.4,0.781,6.5,48.6,64.1,12.1,60.3,28.4,0.06,28.7,28.3,27.9,0,2,HIGH
561.2,0.553,13.7,61.5,55.5,21.2,62.8,23.6,0.2,23.5,24.0,25.6,0,2,HIGH
574.8,0.237,15.0,57.0,59.4,12.1,100.0,27.1,3.66,32.8,38.8,47.1,0,3,CRITICAL
583.0,0.047,16.5,49.5,57.0,12.9,100.0,27.3,2.97,31.3,36.3,43.7,0,3,CRITICAL
547.5,0.872,3.3,21.2,31.0,16.2,11.1,16.7,-0.06,16.9,16.9,17.2,0,1,MODERATE
572.9,0.281,8.6,29.0,51.3,13.8,55.9,19.6,-0.02,19.8,20.4,18.9,0,1,MODERATE
567.9,0.398,17.3,37.0,55.3,15.6,100.0,32.3,4.37,39.2,46.1,56.6,0,3,CRITICAL
571.0,0.326,63.0,95.0,83.6,14.8,100.0,31.3,7.0,41.5,53.2,73.6,0,3,CRITICAL
564.7,0.472,23.4,50.5,47.2,10.2,100.0,32.1,3.84,37.7,44.0,54.4,0,3,CRITICAL
562.5,0.523,46.1,110.5,89.2,17.1,100.0,29.5,5.78,38.3,47.1,62.6,0,3,CRITICAL
549.9,0.816,25.9,68.9,65.4,16.6,100.0,33.8,5.89,43.1,51.6,67.9,0,3,CRITICAL
560.7,0.565,16.1,59.5,65.3,19.6,93.9,31.7,3.94,37.5,43.8,53.9,0,3,CRITICAL
572.5,0.291,3.8,33.9,49.6,18.4,17.9,8.4,0.05,8.2,9.0,10.5,0,0,LOW
552.3,0.76,19.8,44.4,48.9,10.4,100.0,32.6,4.1,38.4,45.8,56.4,0,3,CRITICAL
542.2,0.995,17.6,22.5,42.0,12.1,100.0,35.7,4.48,42.2,49.6,60.0,0,3,CRITICAL
567.2,0.414,16.6,49.6,64.5,10.7,100.0,31.4,2.91,35.7,39.3,48.1,0,3,CRITICAL
577.9,0.165,12.1,18.5,38.7,18.0,45.5,12.9,0.12,12.9,13.4,14.4,0,1,MODERATE
575.1,0.23,13.5,43.4,42.6,15.9,63.3,18.5,0.31,19.0,19.7,20.3,0,1,MODERATE
561.9,0.537,7.3,15.3,36.9,23.8,19.8,10.1,-0.24,10.1,9.1,7.5,0,0,LOW
555.1,0.695,13.2,34.8,53.8,24.3,51.1,19.9,0.14,20.4,19.4,21.4,0,1,MODERATE
570.9,0.328,4.0,42.1,59.3,19.9,20.9,12.8,0.05,12.6,13.5,14.0,0,1,MODERATE
560.5,0.57,29.4,70.9,63.0,15.9,100.0,33.7,5.27,41.8,49.3,65.6,0,3,CRITICAL
547.2,0.879,3.7,25.6,33.0,10.1,21.2,19.3,-0.32,19.0,17.8,19.0,0,1,MODERATE
561.1,0.556,1.6,22.8,41.2,11.5,10.0,11.7,-0.22,11.7,10.4,9.3,0,0,LOW
556.0,0.674,10.3,50.8,56.2,13.3,76.2,28.0,4.18,34.7,40.8,51.0,0,3,CRITICAL
584.8,0.005,19.3,56.2,49.0,15.1,100.0,23.8,2.8,27.9,32.3,39.8,0,2,HIGH
577.0,0.186,10.4,41.7,41.9,10.3,74.0,20.8,-0.14,21.1,20.4,19.6,0,1,MODERATE
569.7,0.356,5.8,33.8,41.7,13.2,32.1,16.0,0.29,16.4,17.0,16.9,0,1,MODERATE
547.5,0.872,14.7,66.2,60.9,23.8,65.8,26.3,0.47,27.5,27.4,28.5,0,2,HIGH
564.6,0.474,7.7,37.4,46.1,21.6,28.8,13.7,-0.19,13.6,12.3,14.1,0,0,LOW
551.6,0.777,48.6,120.1,83.9,10.8,100.0,36.8,6.75,46.7,57.1,76.4,0,3,CRITICAL
542.7,0.984,46.1,129.8,86.7,17.6,100.0,39.1,8.01,50.9,62.3,87.1,0,3,CRITICAL
549.6,0.823,12.6,57.7,63.6,24.9,56.3,24.7,-0.11,24.9,25.3,25.7,0,2,HIGH
552.7,0.751,7.2,37.8,39.7,10.7,46.7,20.9,-0.02,20.7,21.4,22.0,0,1,MODERATE
562.9,0.514,24.0,59.0,51.1,10.6,100.0,30.1,4.29,36.7,42.9,54.3,0,3,CRITICAL
578.5,0.151,0.7,25.8,47.0,21.2,2.7,3.1,-0.37,2.2,1.9,2.1,0,0,LOW
542.5,0.988,11.6,47.3,60.9,11.5,100.0,39.8,5.19,47.3,55.5,71.2,0,3,CRITICAL
572.4,0.293,7.4,33.1,45.2,13.3,44.0,15.9,-0.11,15.8,15.2,17.0,0,1,MODERATE
571.7,0.309,45.6,107.5,85.3,24.7,100.0,27.5,5.87,36.2,45.3,61.6,0,3,CRITICAL
559.4,0.595,0.2,13.2,34.5,16.5,0.7,6.8,-0.21,6.3,6.4,5.2,0,0,LOW
554.0,0.721,14.5,40.2,48.4,22.4,54.8,23.8,0.35,24.5,24.5,25.3,0,2,HIGH
575.3,0.226,24.3,39.2,56.3,18.0,100.0,29.7,4.07,36.1,41.6,53.8,0,3,CRITICAL
583.0,0.047,11.9,30.7,37.3,22.9,33.9,7.3,0.15,7.9,7.3,8.4,0,0,LOW
565.5,0.453,1.6,40.0,56.7,23.5,6.8,7.8,0.23,8.6,9.2,10.3,0,0,LOW
561.0,0.558,64.7,170.3,100.0,22.5,100.0,33.5,7.35,45.0,55.6,77.7,0,3,CRITICAL
545.8,0.912,13.1,33.0,56.0,16.8,76.4,28.6,3.84,34.1,39.5,52.5,0,3,CRITICAL
563.1,0.509,17.1,29.1,40.8,16.8,72.7,28.3,0.01,28.4,27.5,27.5,0,2,HIGH
564.7,0.472,4.9,8.5,39.3,23.1,14.6,7.9,-0.16,8.0,7.8,5.8,0,0,LOW
547.0,0.884,11.9,53.5,51.9,10.1,100.0,34.2,4.89,41.3,49.4,63.1,0,3,CRITICAL
549.0,0.837,10.1,43.3,58.9,23.2,44.9,22.8,0.08,22.9,22.3,22.5,0,2,HIGH
569.7,0.356,1.4,41.3,47.1,11.1,10.4,9.3,0.07,9.8,9.4,10.0,0,0,LOW
546.2,0.902,2.0,30.7,50.2,12.9,13.6,17.7,0.21,18.1,18.2,18.9,0,1,MODERATE
543.9,0.956,32.7,130.0,87.1,17.7,100.0,38.9,6.54,48.8,58.9,77.2,0,3,CRITICAL
542.6,0.986,4.9,18.9,48.3,23.3,17.8,19.3,-0.08,19.1,19.2,19.0,0,1,MODERATE
576.5,0.198,3.9,30.0,36.4,15.7,15.8,6.8,0.05,6.5,7.4,7.4,0,0,LOW
566.4,0.433,12.7,47.1,52.7,16.8,69.7,20.8,0.36,21.7,21.7,23.9,0,1,MODERATE
557.3,0.644,26.4,102.2,89.6,21.0,100.0,33.0,5.12,40.6,49.3,63.1,0,3,CRITICAL
581.1,0.091,1.2,21.7,44.7,21.9,4.3,3.9,-0.37,3.7,2.4,2.6,0,0,LOW
559.7,0.588,15.5,48.1,49.0,17.1,77.7,29.5,3.55,34.6,40.1,49.3,0,3,CRITICAL
546.0,0.907,2.3,12.2,36.1,17.5,8.3,15.9,-0.08,15.7,15.9,15.6,0,1,MODERATE
582.4,0.06,0.7,17.2,43.5,21.3,2.5,3.0,0.2,3.8,4.5,2.8,0,0,LOW
552.7,0.751,1.0,14.5,43.2,20.2,3.7,11.4,0.1,11.6,12.5,13.7,0,0,LOW
584.3,0.016,32.3,116.5,90.0,22.3,100.0,25.2,4.25,31.9,37.7,50.8,0,3,CRITICAL
544.4,0.944,2.3,13.3,42.9,10.5,16.4,17.0,-0.0,16.6,17.4,17.4,0,1,MODERATE
573.2,0.274,0.8,9.0,37.7,11.2,4.7,6.9,-0.25,6.3,6.4,5.7,0,0,LOW
563.2,0.507,10.4,45.5,55.5,24.6,41.1,16.1,0.25,16.5,16.1,17.3,0,1,MODERATE
575.2,0.228,33.4,76.9,64.8,18.8,100.0,27.2,4.04,33.1,39.9,51.4,0,3,CRITICAL
544.0,0.953,5.5,16.2,46.8,19.5,23.1,19.9,0.17,20.6,19.8,19.1,0,1,MODERATE
568.1,0.393,9.9,41.1,41.7,23.4,30.9,11.9,0.31,12.2,13.5,13.4,0,1,MODERATE
544.7,0.937,0.7,26.4,43.4,11.8,4.5,11.0,-0.23,10.5,10.5,10.8,0,0,LOW
548.8,0.842,10.7,47.1,45.1,17.7,47.7,23.7,0.37,24.7,24.1,24.3,0,2,HIGH
546.5,0.895,15.5,58.3,49.8,10.5,100.0,39.3,4.56,46.5,53.2,65.7,0,3,CRITICAL
554.7,0.705,15.2,60.4,64.3,23.7,72.2,26.2,0.41,26.7,27.0,27.1,0,2,HIGH
584.4,0.014,7.3,54.3,65.8,15.1,55.7,15.6,-0.0,16.1,15.2,16.0,0,1,MODERATE
557.0,0.651,6.8,20.4,44.0,15.7,33.4,15.6,-0.02,15.4,15.3,13.8,0,1,MODERATE
561.2,0.553,2.0,11.7,29.4,22.1,4.7,10.9,-0.36,10.8,9.0,8.3,0,0,LOW
559.1,0.602,8.2,48.2,57.1,19.2,42.7,21.0,0.14,21.4,21.4,22.3,0,1,MODERATE
577.4,0.177,1.9,5.5,38.7,12.2,10.5,8.4,-0.2,8.5,7.3,7.5,0,0,LOW
571.5,0.314,26.2,58.5,49.7,10.3,100.0,28.4,4.83,35.9,42.0,56.5,0,3,CRITICAL
543.7,0.96,61.0,197.3,100.0,19.0,100.0,36.1,8.88,49.3,63.3,86.5,0,3,CRITICAL
581.5,0.081,63.2,85.9,75.3,18.7,100.0,29.2,6.4,39.3,49.2,65.5,0,3,CRITICAL
574.4,0.247,36.1,109.7,84.3,10.4,100.0,29.6,4.15,36.1,42.3,53.2,0,3,CRITICAL
582.0,0.07,16.5,37.6,43.0,18.5,67.1,20.0,0.02,19.8,21.0,19.7,0,1,MODERATE
555.7,0.681,21.7,66.0,64.0,15.4,100.0,35.7,4.12,42.4,48.8,60.0,0,3,CRITICAL
572.5,0.291,6.0,46.3,45.9,21.5,22.4,12.5,-0.15,12.7,11.9,13.0,0,0,LOW
574.6,0.242,17.9,33.2,55.1,19.8,87.2,23.7,3.08,28.2,33.1,41.5,0,2,HIGH
559.2,0.6,10.9,47.9,44.1,19.3,43.6,16.6,0.1,16.9,17.7,15.9,0,1,MODERATE
551.8,0.772,11.8,45.8,45.4,21.0,44.6,20.6,-0.11,20.3,20.0,18.8,0,1,MODERATE
574.4,0.247,25.5,94.4,81.6,24.7,100.0,30.1,4.11,36.5,42.9,55.7,0,3,CRITICAL
571.8,0.307,6.0,16.9,44.3,20.0,23.3,8.0,0.22,8.4,8.7,9.7,0,0,LOW
549.4,0.828,6.9,19.3,35.4,18.2,23.5,18.7,-0.2,18.1,17.4,17.5,0,1,MODERATE
551.1,0.788,46.5,113.6,89.7,20.4,100.0,38.5,7.18,49.4,60.8,78.9,0,3,CRITICAL
572.8,0.284,1.0,7.1,26.3,12.4,3.7,4.9,-0.11,5.1,5.0,3.9,0,0,LOW
574.1,0.253,12.0,27.5,39.6,25.0,33.3,15.0,0.31,15.9,16.0,16.7,0,1,MODERATE
568.3,0.388,43.9,90.8,79.3,16.6,100.0,29.5,5.39,37.2,45.4,61.1,0,3,CRITICAL
570.7,0.333,17.0,49.0,48.2,15.2,94.3,26.6,3.06,30.8,35.4,43.5,0,3,CRITICAL
565.1,0.463,14.2,51.4,48.1,24.3,49.2,18.1,0.44,19.0,19.7,21.0,0,1,MODERATE
562.8,0.516,5.2,24.5,35.0,18.2,17.5,9.3,-0.1,9.1,9.8,8.4,0,0,LOW
556.9,0.653,7.6,21.9,39.5,12.6,41.7,16.4,-0.13,16.5,15.9,14.3,0,1,MODERATE
568.3,0.388,34.4,94.0,70.3,17.8,100.0,31.2,4.42,37.4,43.8,56.9,0,3,CRITICAL
574.5,0.244,14.7,50.2,51.6,16.4,80.9,22.0,2.36,26.0,29.8,35.7,0,2,HIGH
542.9,0.979,13.0,45.5,42.8,17.5,55.6,29.0,-0.04,28.5,29.5,28.3,0,2,HIGH
568.9,0.374,1.9,30.4,47.1,21.5,7.3,5.5,-0.15,5.0,5.2,3.6,0,0,LOW
573.4,0.27,0.3,31.7,38.5,22.7,0.9,4.9,-0.29,4.1,3.1,3.8,0,0,LOW
549.2,0.833,59.7,139.9,100.0,22.7,100.0,38.0,8.22,50.6,63.3,87.1,0,3,CRITICAL
552.6,0.753,8.5,48.6,59.1,13.8,63.7,24.2,0.03,23.8,23.6,23.2,0,2,HIGH
544.1,0.951,16.6,46.0,52.5,10.5,100.0,35.8,5.36,43.4,51.1,66.3,0,3,CRITICAL
580.5,0.105,1.5,9.0,32.1,17.6,4.8,5.8,-0.03,5.8,6.4,4.4,0,0,LOW
571.0,0.326,20.7,47.5,50.9,21.7,85.0,24.0,4.26,30.3,36.5,47.1,0,3,CRITICAL
583.4,0.037,48.5,132.2,100.0,14.3,100.0,25.1,4.64,32.3,38.2,53.8,0,3,CRITICAL
580.6,0.102,15.4,36.1,56.5,20.8,73.2,19.0,-0.02,18.8,19.3,19.5,0,1,MODERATE
542.9,0.979,2.4,15.9,39.5,17.6,9.4,15.2,-0.23,15.1,14.9,15.6,0,1,MODERATE
582.0,0.07,15.7,57.8,62.1,19.4,87.9,21.3,2.4,25.3,28.8,34.1,0,2,HIGH
577.4,0.177,26.2,93.5,84.7,20.1,100.0,30.7,3.93,37.0,43.1,52.0,0,3,CRITICAL
567.0,0.419,9.4,52.7,56.3,10.7,86.6,30.6,3.2,35.0,40.5,50.0,0,3,CRITICAL
544.0,0.953,38.1,76.8,74.7,23.5,100.0,38.2,6.1,47.8,55.9,72.7,0,3,CRITICAL
583.2,0.042,18.8,48.7,50.8,24.4,68.5,21.2,0.36,21.7,21.8,24.8,0,1,MODERATE
584.3,0.016,41.3,119.1,90.4,10.8,100.0,23.9,4.36,30.1,37.8,47.8,0,3,CRITICAL
578.3,0.156,17.6,71.1,68.0,15.1,100.0,26.4,3.36,31.1,35.8,46.6,0,3,CRITICAL
556.0,0.674,2.5,10.0,29.1,15.9,8.0,10.4,-0.17,9.8,9.3,8.4,0,0,LOW
561.4,0.549,6.7,50.5,60.1,20.5,34.4,16.6,-0.23,15.9,15.1,16.7,0,1,MODERATE
552.7,0.751,4.1,16.9,33.9,12.4,19.6,14.0,-0.16,14.2,14.2,12.4,0,1,MODERATE
570.6,0.335,43.1,119.9,82.4,18.7,100.0,30.0,5.78,39.0,46.5,63.3,0,3,CRITICAL
546.8,0.888,25.7,52.1,57.6,23.5,100.0,33.9,5.74,42.2,50.9,68.0,0,3,CRITICAL
565.0,0.465,20.3,44.8,62.3,19.3,100.0,28.9,3.36,34.3,38.0,46.6,0,3,CRITICAL
567.2,0.414,6.4,33.4,48.8,20.5,26.7,10.8,0.31,11.7,10.9,12.5,0,0,LOW
583.3,0.04,3.7,37.4,44.5,21.4,13.5,6.9,-0.18,6.2,6.1,5.3,0,0,LOW
577.2,0.181,25.4,79.7,68.5,10.3,100.0,25.9,3.55,30.8,36.7,46.3,0,3,CRITICAL
558.2,0.623,11.6,47.9,63.8,19.1,67.8,27.4,-0.15,27.1,26.4,26.5,0,2,HIGH
566.9,0.421,4.6,22.4,41.9,18.9,17.8,8.0,-0.09,8.2,7.6,8.3,0,0,LOW
556.3,0.667,17.3,83.8,67.0,16.9,100.0,34.1,4.74,41.5,48.1,61.8,0,3,CRITICAL
573.5,0.267,0.7,26.0,48.9,21.1,2.8,7.1,0.21,7.6,8.1,7.2,0,0,LOW
545.5,0.919,7.1,38.9,43.8,17.4,31.3,21.5,-0.19,21.5,20.2,22.1,0,1,MODERATE
549.4,0.828,11.4,41.0,42.8,19.7,43.3,23.1,0.2,23.0,24.2,24.1,0,2,HIGH
546.2,0.902,2.9,9.0,25.1,25.0,5.1,15.3,-0.16,14.8,14.8,15.4,0,1,MODERATE
576.2,0.205,75.2,102.7,84.5,12.1,100.0,31.3,7.94,43.6,54.8,75.9,0,3,CRITICAL
556.6,0.66,4.2,21.0,36.5,24.8,10.8,12.0,0.27,12.3,13.0,12.0,0,1,MODERATE
566.7,0.426,2.5,7.3,40.6,24.8,7.2,8.9,-0.19,8.8,8.5,6.1,0,0,LOW
555.1,0.695,4.1,21.6,42.2,12.5,24.2,16.9,-0.09,17.1,16.5,15.5,0,1,MODERATE
580.8,0.098,26.4,90.3,84.2,21.1,100.0,28.9,4.32,35.7,42.2,53.8,0,3,CRITICAL
559.4,0.595,10.0,43.3,55.7,22.7,42.9,19.7,-0.09,20.0,18.9,20.4,0,1,MODERATE
575.0,0.233,15.0,53.3,46.8,23.8,51.6,15.8,0.23,15.7,15.8,16.7,0,1,MODERATE
544.5,0.942,0.4,22.8,40.1,14.9,1.9,13.8,-0.02,14.0,12.8,12.3,0,0,LOW
548.0,0.86,0.6,5.7,38.4,16.2,2.5,10.2,0.16,10.6,10.4,12.6,0,0,LOW
542.1,0.998,10.6,45.7,51.8,22.9,42.0,22.5,0.11,23.0,22.2,24.2,0,2,HIGH
560.7,0.565,30.5,72.1,61.2,12.0,100.0,32.5,5.62,40.4,49.7,66.9,0,3,CRITICAL
578.2,0.158,39.0,62.9,66.9,12.0,100.0,28.7,4.1,34.5,41.7,53.1,0,3,CRITICAL
543.9,0.956,1.6,38.8,47.4,21.0,6.3,11.1,-0.1,11.0,11.3,11.3,0,0,LOW
558.0,0.628,13.9,52.3,53.0,14.4,89.5,31.0,3.67,36.4,42.9,53.9,0,3,CRITICAL
565.9,0.444,44.0,93.0,68.6,17.6,100.0,31.6,6.53,41.1,50.9,69.7,0,3,CRITICAL
546.8,0.888,8.8,40.8,59.1,16.2,56.2,24.9,0.09,25.3,24.9,24.3,0,2,HIGH
568.3,0.388,31.8,83.0,64.2,11.4,100.0,32.2,4.84,39.7,45.8,58.5,0,3,CRITICAL
564.0,0.488,2.6,10.1,39.1,23.5,7.6,10.7,-0.15,10.2,10.9,10.5,0,0,LOW
580.6,0.102,49.3,164.1,100.0,11.6,100.0,27.5,6.14,36.9,45.5,64.4,0,3,CRITICAL
545.4,0.921,25.1,56.1,66.1,14.0,100.0,38.2,5.32,46.0,54.1,68.8,0,3,CRITICAL
558.7,0.612,51.0,137.1,91.6,13.0,100.0,33.0,6.26,42.4,52.3,67.7,0,3,CRITICAL
555.1,0.695,20.3,75.1,71.4,11.8,100.0,37.2,4.53,43.9,51.7,64.6,0,3,CRITICAL
573.0,0.279,8.1,51.7,46.8,12.0,55.3,16.9,-0.13,16.4,17.4,14.7,0,1,MODERATE
584.6,0.009,50.1,124.6,95.5,12.9,100.0,27.9,5.97,36.7,45.0,62.9,0,3,CRITICAL
568.7,0.379,5.8,19.2,30.9,11.0,28.5,10.5,0.31,10.6,11.9,10.5,0,0,LOW
576.1,0.207,7.3,43.2,45.8,10.8,54.2,18.9,0.0,18.7,18.0,20.5,0,1,MODERATE
572.0,0.302,21.7,61.0,60.5,21.4,100.0,30.8,4.49,37.1,43.4,57.2,0,3,CRITICAL
546.9,0.886,26.1,101.9,78.8,10.7,100.0,35.6,5.78,43.8,53.1,70.3,0,3,CRITICAL
580.6,0.102,47.7,114.1,84.0,10.3,100.0,27.5,5.47,35.4,44.3,58.1,0,3,CRITICAL
561.8,0.54,4.1,30.7,51.9,23.6,15.8,12.9,-0.31,12.3,11.4,10.4,0,0,LOW
564.7,0.472,28.8,96.8,78.2,25.0,100.0,32.3,5.07,39.8,47.4,62.8,0,3,CRITICAL
555.5,0.686,24.1,51.2,57.5,12.5,100.0,34.6,4.53,41.1,47.3,62.2,0,3,CRITICAL
575.2,0.228,1.2,11.6,34.9,18.7,3.9,5.8,0.15,5.6,5.4,5.0,0,0,LOW
563.9,0.491,8.8,38.7,53.0,11.8,69.2,22.1,-0.13,22.0,21.2,20.5,0,1,MODERATE
566.6,0.428,6.0,28.1,50.1,21.9,24.0,12.4,0.04,12.7,12.3,13.1,0,0,LOW
579.5,0.128,6.5,49.9,46.6,13.9,38.1,9.8,-0.05,9.4,10.1,8.0,0,0,LOW
547.7,0.867,73.3,191.3,100.0,21.8,100.0,33.9,8.88,47.3,60.4,86.4,0,3,CRITICAL
570.5,0.337,18.5,56.3,52.4,19.0,89.3,26.3,3.37,31.8,36.7,44.6,0,3,CRITICAL
556.4,0.665,22.8,52.7,50.5,12.6,100.0,36.8,5.22,44.9,52.3,68.4,0,3,CRITICAL
551.4,0.781,67.6,221.7,100.0,10.4,100.0,37.5,8.78,50.4,63.6,88.0,0,3,CRITICAL
544.2,0.949,8.5,55.5,66.7,18.4,53.9,27.8,-0.18,27.7,27.5,28.4,0,2,HIGH
565.6,0.451,29.1,79.7,71.1,11.3,100.0,33.5,4.27,40.3,46.0,58.1,0,3,CRITICAL
568.8,0.377,10.3,42.9,47.9,10.2,84.6,23.9,3.03,28.3,33.4,40.6,0,2,HIGH
547.7,0.867,36.7,114.3,92.5,19.5,100.0,34.4,6.31,44.3,53.8,72.5,0,3,CRITICAL
571.0,0.326,3.6,16.4,32.8,17.6,11.7,5.6,0.21,5.7,6.0,8.1,0,0,LOW
584.4,0.014,53.1,104.6,77.7,19.0,100.0,25.2,5.76,33.4,42.0,59.5,0,3,CRITICAL
552.5,0.756,4.4,20.1,36.7,10.0,28.3,14.9,-0.23,14.1,14.4,14.2,0,1,MODERATE
564.4,0.479,7.1,31.3,37.7,11.2,41.8,20.0,0.32,20.9,20.5,22.0,0,1,MODERATE
564.4,0.479,25.4,60.4,61.5,12.3,100.0,34.3,3.96,39.8,46.6,58.8,0,3,CRITICAL
579.7,0.123,9.0,39.5,58.1,18.9,48.4,11.9,0.26,12.6,12.5,13.5,0,0,LOW
572.0,0.302,16.9,31.2,49.7,16.7,88.0,24.0,4.0,30.2,36.2,49.0,0,3,CRITICAL
562.7,0.519,10.6,44.1,47.9,19.9,44.7,16.5,0.21,16.9,17.3,18.5,0,1,MODERATE
548.1,0.858,24.4,51.1,49.3,11.8,100.0,35.3,4.98,43.3,50.1,63.3,0,3,CRITICAL
560.5,0.57,4.7,9.8,34.4,14.9,19.0,12.2,-0.13,11.7,11.0,11.5,0,0,LOW
549.9,0.816,1.1,30.5,53.4,15.0,6.9,15.3,0.04,15.0,16.2,15.0,0,1,MODERATE
555.8,0.679,6.4,14.0,43.2,24.1,20.1,15.6,0.27,16.3,16.5,16.5,0,1,MODERATE
577.5,0.174,11.6,26.0,49.5,18.9,53.2,18.2,-0.16,18.4,18.4,18.1,0,1,MODERATE
544.3,0.947,3.3,44.2,52.2,21.7,13.9,16.3,0.24,16.7,17.6,18.9,0,1,MODERATE
569.3,0.365,7.9,45.0,50.6,15.8,44.3,16.9,-0.23,16.1,16.5,15.0,0,1,MODERATE
575.1,0.23,9.2,31.3,42.5,24.3,28.2,12.2,-0.2,11.6,11.0,12.8,0,0,LOW
546.4,0.898,1.1,39.6,41.7,22.4,3.6,15.3,-0.24,14.9,14.5,12.7,0,1,MODERATE
581.2,0.088,15.8,72.6,57.2,24.7,64.0,20.4,0.3,20.7,20.7,22.6,0,1,MODERATE
576.6,0.195,38.8,84.6,73.7,24.9,100.0,29.0,4.76,36.4,43.3,55.1,0,3,CRITICAL
582.0,0.07,3.0,29.5,53.5,21.6,13.0,3.0,-0.12,2.6,3.4,1.6,0,0,LOW
574.6,0.242,16.4,58.7,55.5,21.5,74.1,22.4,-0.01,21.9,22.4,23.3,0,2,HIGH
575.7,0.216,19.7,70.8,70.6,22.7,100.0,26.1,3.66,31.5,37.3,46.1,0,3,CRITICAL
567.4,0.409,9.8,34.4,49.8,18.7,45.7,18.1,0.03,18.2,18.5,17.6,0,1,MODERATE
562.5,0.523,21.7,49.5,45.0,19.3,88.5,32.3,4.42,38.9,45.8,56.5,0,3,CRITICAL
546.4,0.898,9.5,55.9,59.5,21.5,46.0,25.6,-0.03,25.5,26.4,25.0,0,2,HIGH
577.3,0.179,12.6,28.4,40.9,21.7,41.6,12.2,0.1,12.2,13.4,13.0,0,1,MODERATE
577.6,0.172,0.1,17.9,36.5,13.5,0.5,3.0,0.19,2.9,4.5,5.2,0,0,LOW
557.9,0.63,21.2,92.6,69.1,11.1,100.0,33.5,4.42,40.1,46.7,57.9,0,3,CRITICAL
559.5,0.593,19.5,60.4,54.3,14.9,100.0,30.2,4.82,37.0,45.0,59.2,0,3,CRITICAL
565.9,0.444,0.7,5.8,28.3,20.0,1.7,4.2,-0.34,3.3,3.7,0.6,0,0,LOW
545.5,0.919,8.3,28.2,39.3,18.4,31.0,22.7,0.18,23.0,22.4,24.1,0,2,HIGH
576.9,0.188,69.6,189.8,100.0,12.8,100.0,25.7,6.93,36.4,46.6,65.0,0,3,CRITICAL
575.5,0.221,9.8,43.9,42.5,17.5,41.7,14.6,0.07,14.8,14.5,14.2,0,1,MODERATE
550.3,0.807,12.5,35.4,43.2,20.2,46.8,23.5,-0.11,23.0,23.4,21.5,0,2,HIGH
555.7,0.681,43.3,118.6,87.4,19.1,100.0,32.0,6.96,42.4,53.3,72.6,0,3,CRITICAL
548.4,0.851,22.7,86.7,77.4,20.8,100.0,36.4,5.1,43.6,52.5,67.6,0,3,CRITICAL
552.4,0.758,15.7,51.7,60.5,15.3,100.0,35.6,5.07,43.6,49.9,63.8,0,3,CRITICAL
580.4,0.107,28.8,43.5,52.0,25.0,100.0,26.6,4.36,33.1,40.6,52.1,0,3,CRITICAL
554.0,0.721,36.0,103.1,81.9,16.3,100.0,32.4,5.75,41.5,50.1,64.9,0,3,CRITICAL
580.6,0.102,11.0,50.1,62.7,22.1,54.6,15.6,-0.15,15.2,14.8,14.2,0,1,MODERATE
580.5,0.105,11.6,32.3,54.0,10.3,100.0,28.8,1.72,31.4,34.6,37.4,0,2,HIGH
571.4,0.316,8.8,50.9,45.8,20.2,34.9,11.6,0.06,11.2,12.1,12.8,0,0,LOW
565.7,0.449,61.2,151.6,100.0,13.0,100.0,32.0,6.74,42.6,51.5,71.1,0,3,CRITICAL
546.5,0.895,21.5,55.4,66.7,22.3,100.0,38.7,5.62,47.5,56.0,70.0,0,3,CRITICAL
549.2,0.833,1.6,14.5,30.0,11.1,7.6,14.5,-0.13,13.9,13.5,13.8,0,1,MODERATE
569.7,0.356,35.8,77.9,70.6,18.9,100.0,30.5,5.26,38.9,45.6,61.7,0,3,CRITICAL
550.2,0.809,11.8,55.1,53.6,21.3,52.0,26.6,-0.09,26.5,26.2,24.4,0,2,HIGH
572.4,0.293,1.3,19.2,32.5,23.7,3.1,3.0,0.01,3.0,3.5,2.4,0,0,LOW
582.6,0.056,14.4,40.2,45.3,19.9,57.4,18.0,0.04,17.7,18.1,19.0,0,1,MODERATE
579.6,0.126,9.7,63.3,70.0,19.6,60.6,20.6,0.28,21.3,20.8,21.1,0,1,MODERATE
556.8,0.656,37.8,104.8,73.0,17.4,100.0,34.0,6.37,43.7,53.2,72.0,0,3,CRITICAL
560.8,0.563,4.1,15.6,42.5,21.3,14.3,13.7,0.28,14.0,13.5,15.9,0,1,MODERATE
565.7,0.449,31.5,75.9,67.7,24.3,100.0,32.9,4.71,40.2,47.9,59.7,0,3,CRITICAL
564.3,0.481,14.7,77.1,73.1,23.7,79.3,25.5,4.14,31.4,37.6,48.5,0,3,CRITICAL
551.1,0.788,1.0,26.0,33.7,13.7,4.3,12.9,0.22,13.3,14.5,15.2,0,1,MODERATE
544.4,0.944,64.3,151.4,100.0,16.9,100.0,38.9,9.43,52.7,68.1,95.0,0,3,CRITICAL
547.2,0.879,12.9,66.9,62.7,19.5,72.6,27.6,0.18,28.2,28.7,28.1,0,2,HIGH
548.9,0.84,6.2,44.1,48.6,11.7,45.1,22.0,-0.13,22.3,20.9,19.7,0,1,MODERATE
578.6,0.149,11.4,64.0,53.3,16.7,63.7,19.5,0.03,19.4,19.5,18.9,0,1,MODERATE
552.7,0.751,35.1,84.0,71.1,14.6,100.0,33.8,6.22,43.4,53.0,70.1,0,3,CRITICAL
543.8,0.958,6.5,53.1,60.6,17.3,39.8,22.4,0.27,23.0,23.2,23.0,0,2,HIGH
576.8,0.191,3.9,50.1,56.6,12.0,32.2,12.4,0.12,13.1,11.8,12.1,0,0,LOW
555.0,0.698,2.5,25.8,52.4,21.7,10.6,13.3,0.12,13.0,14.3,14.4,0,1,MODERATE
550.3,0.807,6.4,24.8,51.3,24.0,23.9,14.8,-0.05,14.4,15.3,13.6,0,1,MODERATE
573.6,0.265,27.3,74.8,68.8,21.9,100.0,26.4,4.51,33.2,40.0,53.8,0,3,CRITICAL
581.1,0.091,11.5,54.7,58.2,20.5,57.1,16.8,0.42,17.4,17.3,18.1,0,1,MODERATE
567.1,0.416,4.6,31.2,36.4,18.9,15.5,12.3,-0.17,12.3,12.1,12.6,0,0,LOW
559.0,0.605,3.3,12.3,26.9,12.7,12.2,10.0,-0.08,9.8,9.6,8.4,0,0,LOW
543.7,0.96,7.3,13.9,34.7,11.0,40.3,23.0,-0.1,22.7,21.8,23.0,0,1,MODERATE
572.0,0.302,50.6,167.5,100.0,22.3,100.0,28.3,5.71,36.4,45.5,59.9,0,3,CRITICAL
546.5,0.895,7.6,19.0,45.1,12.6,47.6,22.6,0.03,22.2,21.9,22.8,0,1,MODERATE
544.0,0.953,79.8,172.4,100.0,22.8,100.0,34.5,9.51,49.0,63.9,91.2,0,3,CRITICAL
549.7,0.821,12.0,60.9,53.6,20.3,55.4,26.8,-0.06,27.0,27.1,28.0,0,2,HIGH
570.7,0.333,3.6,40.3,54.2,13.3,25.7,8.8,-0.1,9.1,8.0,7.0,0,0,LOW
561.9,0.537,39.9,128.0,92.8,17.0,100.0,32.2,6.02,41.2,49.8,65.4,0,3,CRITICAL
550.1,0.812,11.1,67.9,72.3,15.0,93.6,36.6,3.85,42.6,47.3,58.5,0,3,CRITICAL
565.1,0.463,22.3,61.9,70.0,21.7,100.0,32.1,4.18,38.3,44.2,58.1,0,3,CRITICAL
575.9,0.212,74.1,184.3,100.0,17.2,100.0,26.7,8.11,38.7,51.5,74.1,0,3,CRITICAL
581.3,0.086,0.9,38.9,41.2,10.2,6.4,3.0,0.13,3.2,2.9,5.1,0,0,LOW
584.7,0.007,1.8,42.9,56.1,13.1,13.5,5.3,-0.32,4.9,4.7,1.8,0,0,LOW
581.2,0.088,22.9,36.6,48.6,19.4,100.0,25.4,3.56,30.4,37.0,45.2,0,3,CRITICAL
554.5,0.709,6.0,37.1,45.6,24.5,19.5,16.0,0.27,16.9,16.7,19.1,0,1,MODERATE
572.5,0.291,3.7,21.0,46.4,22.2,13.5,9.2,-0.05,9.4,9.0,7.2,0,0,LOW
581.8,0.074,0.7,19.4,45.1,21.2,2.6,3.0,-0.38,2.7,1.1,0.7,0,0,LOW
568.2,0.391,0.4,7.4,32.8,11.3,2.0,6.6,-0.2,6.5,6.7,6.7,0,0,LOW
550.8,0.795,26.8,53.1,63.7,17.4,100.0,32.7,4.74,39.8,46.1,61.8,0,3,CRITICAL
582.5,0.058,2.6,15.5,43.7,24.5,8.1,5.4,-0.28,4.9,3.7,2.6,0,0,LOW
580.8,0.098,11.4,45.2,57.7,21.0,54.8,16.5,-0.06,16.3,16.9,17.1,0,1,MODERATE
579.2,0.135,16.8,47.5,47.4,18.1,77.0,24.2,2.93,28.1,33.8,42.5,0,2,HIGH
557.3,0.644,10.1,25.7,38.2,12.8,52.7,22.3,-0.16,21.7,22.3,20.0,0,2,HIGH
554.5,0.709,0.5,17.2,37.0,23.7,1.4,10.8,-0.08,10.2,11.5,10.3,0,0,LOW
567.7,0.402,27.5,69.3,59.0,24.9,100.0,29.9,4.03,35.9,42.8,53.4,0,3,CRITICAL
576.5,0.198,0.2,12.5,39.3,20.7,0.7,5.0,-0.1,5.0,5.7,3.0,0,0,LOW
554.5,0.709,25.8,69.4,54.8,20.8,100.0,33.1,5.27,40.9,48.4,63.7,0,3,CRITICAL
545.9,0.909,40.3,86.7,82.1,18.1,100.0,38.4,6.52,48.5,58.1,75.2,0,3,CRITICAL
552.8,0.749,10.2,31.5,52.5,15.5,60.5,23.2,0.08,23.6,23.7,23.6,0,2,HIGH
548.0,0.86,13.8,51.5,61.5,19.9,74.6,28.9,-0.05,28.5,29.0,30.0,0,2,HIGH
576.9,0.188,11.7,61.9,54.6,17.1,65.4,18.8,0.36,19.5,20.0,20.4,0,1,MODERATE
555.5,0.686,8.9,38.1,48.1,14.8,50.6,19.7,-0.07,19.5,20.4,18.0,0,1,MODERATE
568.6,0.381,39.3,94.3,71.0,10.2,100.0,30.2,5.94,39.0,48.1,64.3,0,3,CRITICAL
549.8,0.819,40.4,122.1,87.0,19.1,100.0,36.3,7.06,46.4,56.9,78.0,0,3,CRITICAL
549.3,0.83,7.4,24.7,40.2,18.0,28.9,16.5,-0.21,16.3,16.4,14.6,0,1,MODERATE
543.1,0.974,17.2,64.2,70.4,19.2,100.0,37.0,4.34,43.8,50.5,61.4,0,3,CRITICAL
554.9,0.7,47.1,141.3,94.2,11.9,100.0,32.7,6.51,42.4,52.6,69.1,0,3,CRITICAL
567.5,0.407,58.9,198.7,100.0,17.3,100.0,29.7,7.64,41.2,52.4,73.7,0,3,CRITICAL
552.4,0.758,12.8,28.3,44.9,15.9,63.3,23.1,-0.14,23.3,23.4,21.3,0,2,HIGH
570.8,0.33,10.9,29.9,38.8,16.6,44.6,15.6,0.34,16.5,15.7,18.2,0,1,MODERATE
553.3,0.737,5.9,47.8,45.4,23.3,20.1,14.6,0.07,14.6,15.3,14.7,0,1,MODERATE
544.2,0.949,57.4,142.4,100.0,25.0,100.0,37.4,7.94,49.7,61.4,84.1,0,3,CRITICAL
584.8,0.005,2.8,41.1,49.1,16.3,14.8,5.6,0.03,5.5,4.9,6.0,0,0,LOW
574.3,0.249,15.6,49.2,57.5,20.6,76.2,21.2,2.64,25.1,29.0,36.5,0,2,HIGH
555.9,0.677,6.0,21.7,40.4,20.2,21.0,11.5,-0.26,11.4,11.3,10.8,0,0,LOW
565.7,0.449,5.9,19.5,40.6,15.6,26.9,12.6,0.17,13.1,14.0,14.9,0,1,MODERATE
572.4,0.293,9.3,54.7,48.8,22.4,35.5,12.9,-0.12,12.7,13.4,13.8,0,1,MODERATE
556.8,0.656,121.0,343.3,100.0,23.3,100.0,34.6,12.63,53.6,73.1,106.5,0,3,CRITICAL
584.4,0.014,1.0,3.2,32.8,13.8,4.2,3.0,-0.32,2.7,2.6,2.7,0,0,LOW
581.8,0.074,15.6,58.7,57.4,14.6,100.0,28.6,3.23,33.2,38.0,48.0,0,3,CRITICAL
565.2,0.46,1.6,11.3,41.7,13.4,8.7,6.2,-0.02,6.3,5.9,5.3,0,0,LOW
556.0,0.674,3.0,13.0,42.5,24.4,9.1,9.4,-0.34,9.3,8.2,7.2,0,0,LOW
550.9,0.793,10.4,38.7,53.3,11.3,85.8,32.4,3.35,37.8,43.3,50.0,0,3,CRITICAL
542.8,0.981,12.9,63.9,59.9,22.7,59.6,27.5,-0.13,27.5,27.8,27.8,0,2,HIGH
555.3,0.691,5.4,40.0,57.9,15.9,34.4,20.7,0.28,21.3,22.1,21.8,0,2,HIGH
548.4,0.851,6.8,46.7,62.0,12.4,59.5,23.5,-0.21,22.8,23.6,20.9,0,2,HIGH
583.1,0.044,1.6,21.1,50.3,24.7,5.7,3.0,-0.08,3.3,2.7,2.2,0,0,LOW
559.0,0.605,6.5,15.7,30.6,21.3,16.3,10.5,0.05,10.2,11.0,11.7,0,0,LOW
562.4,0.526,61.2,144.9,100.0,23.8,100.0,31.1,7.3,42.1,52.6,73.7,0,3,CRITICAL
558.1,0.626,52.1,129.9,91.4,16.8,100.0,35.1,7.61,46.1,57.2,78.2,0,3,CRITICAL
547.0,0.884,7.3,39.8,45.4,17.5,33.1,17.9,0.25,18.1,18.9,20.6,0,1,MODERATE
583.6,0.033,15.2,37.6,44.8,15.7,75.9,20.7,2.9,25.2,29.5,37.8,0,2,HIGH
550.0,0.814,43.3,142.3,100.0,23.1,100.0,33.9,6.97,44.3,54.6,73.1,0,3,CRITICAL
564.6,0.474,0.1,37.8,54.5,16.2,0.6,9.2,-0.18,8.8,9.0,6.4,0,0,LOW
548.1,0.858,30.0,94.4,78.5,11.2,100.0,38.8,5.93,47.8,55.8,72.1,0,3,CRITICAL
580.7,0.1,53.3,122.6,81.5,21.6,100.0,26.5,5.42,34.9,41.9,59.0,0,3,CRITICAL
568.8,0.377,1.7,13.1,40.1,18.8,6.3,4.7,-0.18,4.7,3.3,2.3,0,0,LOW
569.5,0.36,3.2,26.7,42.9,19.5,12.3,5.8,0.17,6.2,5.4,6.0,0,0,LOW
547.7,0.867,58.3,119.8,96.0,10.1,100.0,35.1,8.14,47.4,59.2,80.8,0,3,CRITICAL
580.6,0.102,13.9,50.4,51.5,12.6,99.4,28.1,2.36,31.6,35.6,41.4,0,3,CRITICAL
548.1,0.858,0.3,2.6,36.2,14.8,1.3,10.2,0.09,10.3,9.5,12.4,0,0,LOW
558.5,0.616,5.4,37.6,51.2,20.5,23.6,16.1,-0.05,16.1,15.0,17.6,0,1,MODERATE
577.8,0.167,10.8,38.0,48.8,20.7,44.6,13.2,0.13,13.7,14.1,14.8,0,1,MODERATE
582.7,0.053,21.3,70.2,72.8,23.3,100.0,24.1,3.65,29.7,34.2,45.1,0,2,HIGH
543.0,0.977,23.8,48.0,44.1,24.2,75.9,31.0,5.54,39.1,47.0,62.6,0,3,CRITICAL
565.5,0.453,97.0,217.0,100.0,13.5,100.0,32.6,9.99,47.9,63.3,90.0,0,3,CRITICAL
560.3,0.574,6.1,27.1,37.8,13.5,29.9,16.8,0.17,17.5,16.8,16.0,0,1,MODERATE
553.2,0.74,13.9,48.0,53.7,23.9,54.7,26.2,0.03,25.8,26.5,25.8,0,2,HIGH
554.7,0.705,13.7,57.7,62.8,10.9,100.0,35.0,3.52,39.8,46.4,56.1,0,3,CRITICAL
542.8,0.981,9.4,31.3,36.4,21.5,27.9,20.3,-0.18,20.1,20.5,18.3,0,1,MODERATE
552.9,0.747,3.3,41.0,54.4,10.8,29.1,17.4,-0.05,17.8,17.3,17.7,0,1,MODERATE
558.9,0.607,68.3,144.6,95.4,15.3,100.0,35.4,8.14,47.6,59.8,82.1,0,3,CRITICAL
560.7,0.565,34.6,95.8,87.3,18.7,100.0,32.7,5.19,40.1,47.7,63.9,0,3,CRITICAL
547.6,0.87,12.4,40.6,52.5,12.1,94.2,33.1,4.94,40.1,47.7,62.2,0,3,CRITICAL
580.3,0.109,16.6,44.9,44.5,14.1,91.7,25.5,2.21,28.6,32.6,39.2,0,2,HIGH
572.1,0.3,4.6,28.7,44.3,19.3,18.5,6.9,-0.16,6.4,5.9,5.6,0,0,LOW
583.5,0.035,14.1,55.6,67.7,23.8,70.2,18.0,0.09,17.9,18.2,19.0,0,1,MODERATE
581.3,0.086,21.4,85.3,67.0,23.1,100.0,28.3,3.08,33.4,37.3,44.9,0,3,CRITICAL
579.9,0.119,13.0,38.8,57.9,19.4,67.9,18.7,0.44,19.5,21.0,20.7,0,1,MODERATE
569.4,0.363,83.4,193.6,100.0,19.6,100.0,31.6,9.21,45.8,60.2,86.6,0,3,CRITICAL
581.5,0.081,17.0,65.7,70.4,14.7,100.0,29.2,3.48,34.4,40.1,49.1,0,3,CRITICAL
562.1,0.533,8.3,12.3,32.4,14.8,31.8,12.8,0.32,13.1,14.3,14.2,0,1,MODERATE
546.2,0.902,26.6,64.9,64.4,18.2,100.0,37.2,5.49,45.7,54.4,70.4,0,3,CRITICAL
545.7,0.914,3.4,31.4,37.0,11.1,19.8,16.9,0.17,17.2,18.2,19.1,0,1,MODERATE
573.4,0.27,8.7,43.0,54.3,15.3,54.0,17.2,0.16,17.2,16.8,16.5,0,1,MODERATE
569.5,0.36,7.7,52.4,54.3,21.5,34.0,13.7,0.12,13.7,13.6,15.3,0,1,MODERATE
578.7,0.147,10.2,58.0,63.7,21.6,52.6,16.5,0.34,17.2,16.7,19.3,0,1,MODERATE
571.8,0.307,27.4,69.0,68.6,10.5,100.0,31.6,4.17,37.6,43.8,55.6,0,3,CRITICAL
568.8,0.377,11.9,54.5,52.1,10.5,100.0,33.4,3.68,38.9,44.6,55.9,0,3,CRITICAL
544.6,0.94,28.4,62.7,67.3,24.9,100.0,39.5,5.79,48.5,56.0,71.5,0,3,CRITICAL
570.1,0.347,15.5,55.2,63.0,11.0,100.0,27.6,3.64,33.3,39.0,50.0,0,3,CRITICAL
570.0,0.349,7.5,35.6,56.6,13.1,56.7,16.5,-0.06,16.8,16.0,15.0,0,1,MODERATE
565.5,0.453,29.9,50.3,52.3,23.5,100.0,28.5,5.42,36.7,44.1,61.1,0,3,CRITICAL
552.1,0.765,4.9,43.0,60.1,14.2,36.3,16.3,0.24,16.6,17.5,17.6,0,1,MODERATE
569.9,0.351,4.6,27.1,36.1,18.8,15.5,7.2,0.02,6.8,6.4,8.7,0,0,LOW
580.9,0.095,12.6,64.3,57.8,19.8,64.4,19.9,0.35,20.7,21.6,21.7,0,1,MODERATE
564.9,0.467,5.4,44.0,55.3,17.8,29.4,12.9,-0.11,12.4,11.9,13.1,0,0,LOW
584.1,0.021,0.2,5.6,33.9,10.8,1.1,3.1,0.13,2.9,2.8,4.2,0,0,LOW
574.3,0.249,18.8,55.9,66.0,15.3,100.0,31.6,3.69,37.2,42.5,53.0,0,3,CRITICAL
569.5,0.36,12.9,50.2,62.1,24.5,57.2,17.8,0.11,18.2,17.7,19.6,0,1,MODERATE
563.1,0.509,10.6,39.9,45.1,15.0,55.8,23.3,0.41,24.4,23.9,24.7,0,2,HIGH
584.3,0.016,61.4,134.4,98.5,16.8,100.0,29.1,6.93,39.4,50.1,69.3,0,3,CRITICAL
583.4,0.037,15.2,71.7,59.7,12.4,100.0,25.4,3.08,30.3,34.3,42.1,0,2,HIGH
583.9,0.026,35.8,86.4,76.2,19.6,100.0,23.4,3.77,28.8,35.5,44.3,0,3,CRITICAL
562.5,0.523,2.7,24.4,42.1,20.3,9.8,9.7,-0.15,9.1,9.8,10.1,0,0,LOW
580.2,0.112,15.2,73.6,75.0,10.5,100.0,26.2,2.95,30.3,36.0,42.0,0,3,CRITICAL
582.0,0.07,36.4,55.5,64.3,17.2,100.0,25.1,4.04,31.6,37.9,48.0,0,3,CRITICAL
543.4,0.967,15.7,24.1,45.3,16.2,76.8,32.1,4.78,39.2,46.0,60.7,0,3,CRITICAL
559.5,0.593,22.8,54.7,59.8,14.6,100.0,30.5,4.67,37.5,45.3,58.9,0,3,CRITICAL
546.9,0.886,8.4,38.8,45.6,22.0,30.5,20.6,-0.08,20.1,20.1,20.1,0,1,MODERATE
563.1,0.509,1.7,15.4,45.5,18.1,7.5,6.5,0.02,6.6,6.3,6.2,0,0,LOW
560.0,0.581,11.0,49.8,48.6,17.7,52.9,18.4,-0.13,18.0,18.5,17.2,0,1,MODERATE
549.4,0.828,9.0,38.1,39.2,15.3,40.4,24.0,0.18,23.9,25.4,26.6,0,2,HIGH
553.2,0.74,36.3,80.2,67.5,14.1,100.0,34.8,5.78,43.9,53.0,68.1,0,3,CRITICAL
571.4,0.316,5.0,41.2,60.1,23.4,22.5,10.2,0.18,10.3,10.1,10.3,0,0,LOW
582.2,0.065,61.3,147.0,97.8,14.5,100.0,27.4,6.2,36.5,45.7,63.5,0,3,CRITICAL
548.7,0.844,57.1,164.1,100.0,22.3,100.0,34.9,7.78,46.4,58.1,79.7,0,3,CRITICAL
573.8,0.26,5.1,39.6,41.5,14.1,26.3,13.2,0.11,13.1,14.4,13.0,0,1,MODERATE
555.4,0.688,7.7,38.4,46.9,21.0,30.1,18.4,0.06,18.1,18.9,20.0,0,1,MODERATE
546.3,0.9,40.7,91.3,84.2,24.3,100.0,38.3,6.96,48.9,59.4,78.7,0,3,CRITICAL
551.7,0.774,61.2,151.1,100.0,19.9,100.0,34.8,8.37,47.7,59.4,84.5,0,3,CRITICAL
564.5,0.477,10.5,41.0,49.5,12.0,75.8,25.4,3.33,30.9,35.2,43.8,0,3,CRITICAL
578.0,0.163,7.0,55.2,55.5,19.0,35.8,14.6,0.14,14.8,15.5,16.1,0,1,MODERATE
572.7,0.286,13.4,52.2,57.2,16.9,79.4,27.0,2.32,30.7,33.1,38.9,0,2,HIGH
576.7,0.193,21.0,74.1,71.4,20.5,100.0,28.5,3.14,33.5,38.6,48.2,0,3,CRITICAL
554.4,0.712,5.8,23.0,34.3,16.7,20.8,11.9,-0.07,12.3,12.4,11.6,0,0,LOW
556.1,0.672,24.0,93.2,77.9,21.7,100.0,32.4,4.79,39.6,45.9,59.2,0,3,CRITICAL
561.5,0.547,1.0,38.0,50.1,24.7,3.5,5.7,-0.19,5.8,6.0,3.7,0,0,LOW
543.6,0.963,0.9,37.7,58.1,18.1,5.1,13.0,0.02,13.1,13.5,14.8,0,1,MODERATE
561.7,0.542,8.8,44.1,46.6,19.8,36.2,13.9,-0.18,13.7,13.2,14.1,0,1,MODERATE
553.5,0.733,7.9,23.2,43.2,22.4,26.7,16.2,-0.23,15.6,15.1,13.2,0,1,MODERATE
577.9,0.165,6.8,40.9,51.0,13.3,45.6,13.5,0.25,13.7,14.3,16.4,0,1,MODERATE
559.1,0.602,12.2,29.9,49.3,16.3,64.6,27.2,0.41,28.0,28.0,31.3,0,2,HIGH
545.5,0.919,7.0,33.8,37.6,19.0,24.2,18.9,0.19,18.7,19.3,19.9,0,1,MODERATE
551.7,0.774,3.8,16.2,47.4,13.1,24.1,13.9,-0.18,14.1,13.4,14.2,0,1,MODERATE
562.4,0.526,6.7,34.4,55.1,16.5,39.2,19.1,0.04,19.2,19.0,18.6,0,1,MODERATE
563.2,0.507,66.3,116.3,89.5,13.8,100.0,29.8,7.63,41.4,52.7,75.8,0,3,CRITICAL
576.0,0.209,9.5,49.8,53.0,10.7,82.3,23.7,2.42,27.2,31.8,37.4,0,2,HIGH
584.1,0.021,10.6,44.3,46.8,12.1,71.7,19.9,0.27,20.6,20.9,19.8,0,1,MODERATE
569.6,0.358,15.5,76.7,69.8,13.1,100.0,29.6,2.67,33.9,38.5,45.8,0,3,CRITICAL
559.1,0.602,73.7,116.4,87.0,19.6,100.0,36.2,9.38,50.6,65.0,91.5,0,3,CRITICAL
579.2,0.135,5.0,28.3,44.6,20.1,19.4,7.2,-0.02,7.2,6.8,8.5,0,0,LOW
542.9,0.979,20.6,50.2,47.4,12.2,100.0,36.3,5.22,43.9,51.7,66.3,0,3,CRITICAL
551.5,0.779,22.7,71.4,63.5,24.6,100.0,35.7,5.4,43.5,52.1,68.1,0,3,CRITICAL
576.9,0.188,16.8,52.4,47.4,14.3,97.5,29.2,2.46,32.6,36.8,45.2,0,3,CRITICAL
566.5,0.43,1.7,40.4,46.2,18.1,7.6,8.4,0.06,8.2,9.0,10.2,0,0,LOW
546.0,0.907,20.3,45.3,51.6,20.5,89.4,36.1,5.51,44.6,52.9,68.8,0,3,CRITICAL
556.9,0.653,1.2,8.6,26.9,22.5,2.5,10.2,-0.0,10.6,9.3,9.2,0,0,LOW
542.6,0.986,16.3,62.3,68.8,20.7,94.8,37.5,5.6,45.4,54.7,69.9,0,3,CRITICAL
554.8,0.702,24.2,90.8,67.0,13.4,100.0,32.4,4.39,39.4,45.4,57.6,0,3,CRITICAL
555.4,0.688,4.3,40.4,55.7,18.4,22.8,12.5,0.02,12.7,13.0,11.6,0,1,MODERATE
552.7,0.751,33.2,59.7,58.5,16.8,100.0,36.6,6.49,46.8,55.9,73.5,0,3,CRITICAL
582.5,0.058,0.6,27.9,35.5,14.3,2.6,3.0,0.15,2.8,3.8,3.2,0,0,LOW
546.6,0.893,33.4,49.0,52.5,24.3,100.0,37.3,6.4,46.6,57.4,75.5,0,3,CRITICAL
549.9,0.816,11.1,32.4,48.6,21.1,44.7,22.4,0.37,22.8,23.9,26.3,0,2,HIGH
551.0,0.791,4.4,11.5,43.9,10.6,31.9,19.5,0.05,19.6,18.8,18.0,0,1,MODERATE
548.8,0.842,2.6,35.6,50.9,23.2,10.0,14.6,0.14,14.6,15.5,15.5,0,1,MODERATE
576.4,0.2,55.2,109.9,81.1,11.9,100.0,28.5,6.22,37.6,48.0,63.7,0,3,CRITICAL
556.6,0.66,1.4,8.3,36.1,14.5,6.1,12.3,-0.07,12.2,12.0,11.9,0,0,LOW
548.7,0.844,4.0,28.8,47.2,11.2,29.5,19.1,-0.1,19.4,19.0,17.1,0,1,MODERATE
554.6,0.707,7.7,35.9,53.3,20.6,34.9,16.3,0.33,17.3,18.1,16.5,0,1,MODERATE
574.1,0.253,17.4,59.1,52.4,10.7,100.0,29.7,3.11,34.0,39.9,48.7,0,3,CRITICAL
560.2,0.577,14.2,41.0,41.8,18.2,57.1,24.0,0.16,24.2,24.8,25.1,0,2,HIGH
559.8,0.586,2.4,42.6,54.0,16.6,13.7,9.6,0.22,9.6,11.0,10.2,0,0,LOW
575.0,0.233,6.2,44.0,52.9,11.3,50.8,19.2,0.14,19.8,18.7,20.8,0,1,MODERATE
564.7,0.472,4.9,27.1,45.4,12.7,30.7,11.6,-0.1,11.1,11.1,9.8,0,0,LOW
578.1,0.16,4.3,24.1,35.1,21.9,12.1,6.0,-0.3,5.1,5.3,4.0,0,0,LOW
543.1,0.974,9.5,33.7,37.3,22.6,27.4,19.6,0.18,20.0,19.8,22.4,0,1,MODERATE
562.4,0.526,21.9,95.0,70.0,10.7,100.0,31.0,3.88,36.3,42.7,53.3,0,3,CRITICAL
565.4,0.456,4.4,45.5,50.5,12.4,31.4,16.6,0.0,16.4,15.8,15.6,0,1,MODERATE
550.3,0.807,8.2,19.3,33.2,23.8,20.0,13.0,0.05,13.1,12.2,12.3,0,0,LOW
551.2,0.786,8.9,26.3,49.2,22.9,33.5,18.4,0.06,18.7,19.1,19.9,0,1,MODERATE
557.9,0.63,67.5,213.7,100.0,23.1,100.0,33.7,7.73,45.8,57.6,77.7,0,3,CRITICAL
558.4,0.619,55.7,108.3,79.7,22.1,100.0,32.2,7.87,44.2,56.1,77.9,0,3,CRITICAL
548.5,0.849,29.0,62.9,57.8,20.9,100.0,37.1,5.88,46.1,54.1,70.2,0,3,CRITICAL
553.7,0.728,5.0,42.1,41.9,20.0,18.3,16.8,-0.1,16.9,16.5,15.7,0,1,MODERATE
564.1,0.486,1.3,16.0,45.1,16.4,6.3,9.0,-0.16,9.1,8.8,8.9,0,0,LOW
567.7,0.402,6.9,39.4,59.0,19.8,36.0,16.4,0.2,16.6,16.4,16.5,0,1,MODERATE
549.6,0.823,5.6,40.2,44.2,18.0,24.1,18.4,0.23,18.6,19.6,19.2,0,1,MODERATE
570.3,0.342,12.7,68.3,54.3,18.0,67.0,21.1,0.18,21.2,21.6,23.3,0,1,MODERATE
571.0,0.326,27.1,76.6,70.2,11.0,100.0,32.1,4.92,39.7,46.7,59.1,0,3,CRITICAL
550.1,0.812,35.2,100.6,72.3,16.5,100.0,36.5,5.41,44.8,51.8,67.7,0,3,CRITICAL
580.9,0.095,33.5,101.0,70.6,22.3,100.0,28.9,4.62,36.0,43.0,54.3,0,3,CRITICAL
543.3,0.97,8.0,48.2,59.6,22.8,36.6,21.4,-0.1,21.6,21.6,20.6,0,1,MODERATE
549.5,0.826,20.9,46.3,58.4,22.7,94.1,36.1,5.53,44.2,51.9,69.9,0,3,CRITICAL
547.6,0.87,6.8,51.9,53.5,21.9,29.1,21.3,-0.17,21.5,21.6,20.8,0,1,MODERATE
544.0,0.953,1.1,24.5,42.1,20.6,3.9,15.6,-0.33,14.8,13.7,12.0,0,1,MODERATE
548.3,0.853,21.8,72.5,56.5,20.1,100.0,36.8,4.94,44.4,52.6,65.5,0,3,CRITICAL
553.2,0.74,0.2,9.4,26.3,18.4,0.5,11.0,0.03,10.7,11.0,10.0,0,0,LOW
569.3,0.365,9.5,55.2,61.8,14.5,70.9,22.4,-0.07,22.7,21.7,21.2,0,1,MODERATE
562.1,0.533,7.2,22.9,44.3,16.2,34.5,17.7,0.23,18.4,18.6,20.3,0,1,MODERATE
548.5,0.849,21.3,70.5,72.0,22.0,100.0,37.6,5.02,45.4,53.3,68.0,0,3,CRITICAL
550.1,0.812,26.2,62.9,55.8,19.4,100.0,36.1,5.17,43.9,52.4,67.3,0,3,CRITICAL
571.7,0.309,6.5,24.9,36.9,20.1,20.9,12.4,-0.15,12.6,12.2,9.8,0,0,LOW
568.2,0.391,30.0,47.7,54.7,21.9,100.0,32.5,4.21,38.4,44.4,56.2,0,3,CRITICAL
563.1,0.509,6.3,34.2,47.9,16.6,31.8,12.5,-0.02,12.2,12.5,13.2,0,0,LOW
582.6,0.056,10.6,19.1,33.8,23.9,26.2,10.8,0.19,11.1,11.0,11.4,0,0,LOW
576.1,0.207,23.4,42.8,44.3,19.5,93.0,27.1,4.28,33.1,40.8,52.5,0,3,CRITICAL
567.0,0.419,21.3,57.3,65.8,10.4,100.0,29.4,4.5,35.8,42.9,54.8,0,3,CRITICAL
551.6,0.777,78.7,143.4,97.8,22.2,100.0,37.2,9.06,51.2,64.8,90.7,0,3,CRITICAL
565.3,0.458,4.6,15.2,44.9,13.0,27.8,11.8,-0.22,11.1,10.3,10.9,0,0,LOW
552.3,0.76,19.5,70.0,68.9,10.4,100.0,34.4,4.48,40.9,47.2,59.9,0,3,CRITICAL
581.9,0.072,16.9,53.6,51.8,10.4,100.0,24.5,2.56,28.1,32.3,37.6,0,2,HIGH
556.0,0.674,44.4,105.4,77.4,17.7,100.0,35.4,6.45,45.1,55.3,72.0,0,3,CRITICAL
566.9,0.421,3.1,17.0,34.1,24.9,7.4,8.1,0.23,8.6,9.6,10.8,0,0,LOW
573.0,0.279,25.1,69.1,69.7,16.1,100.0,31.7,4.29,38.6,43.8,55.6,0,3,CRITICAL
553.2,0.74,15.1,51.6,55.2,12.5,100.0,36.5,4.04,42.8,49.1,59.5,0,3,CRITICAL
554.5,0.709,5.8,48.1,46.3,23.2,20.3,13.7,0.3,14.3,15.6,13.8,0,1,MODERATE
561.4,0.549,11.6,24.0,47.0,19.7,48.4,22.6,-0.05,22.9,22.3,21.0,0,2,HIGH
569.3,0.365,7.3,42.5,43.4,10.0,55.4,20.8,0.3,21.5,21.6,21.9,0,1,MODERATE
561.5,0.547,15.6,42.0,58.8,19.8,81.1,28.5,4.61,34.9,42.2,54.1,0,3,CRITICAL
551.8,0.772,39.6,132.1,94.4,22.7,100.0,33.5,6.73,43.3,52.9,71.1,0,3,CRITICAL
558.9,0.607,15.2,21.9,48.2,19.1,67.1,24.0,0.03,23.6,23.4,25.1,0,2,HIGH
565.2,0.46,18.0,55.9,52.7,10.7,100.0,30.9,4.12,37.5,43.3,54.7,0,3,CRITICAL
571.4,0.316,13.2,44.4,52.0,14.9,80.6,22.8,2.95,27.2,31.2,38.7,0,2,HIGH
577.8,0.167,0.9,34.1,52.7,19.3,4.3,5.7,0.03,5.4,6.6,6.3,0,0,LOW
579.7,0.123,4.8,27.8,49.7,24.1,17.3,6.0,0.07,6.4,5.9,6.0,0,0,LOW
576.4,0.2,12.2,40.8,54.5,16.3,71.4,23.2,0.12,23.0,23.6,24.3,0,2,HIGH
569.6,0.358,6.7,26.1,42.6,11.3,44.2,15.9,0.08,15.9,16.0,15.2,0,1,MODERATE
548.1,0.858,3.6,34.1,50.0,23.7,13.3,17.6,0.03,18.0,17.3,17.7,0,1,MODERATE
573.7,0.263,12.6,26.8,37.9,13.4,62.4,22.5,0.29,22.8,23.9,24.0,0,2,HIGH
546.4,0.898,7.0,31.7,38.9,22.2,21.5,15.6,-0.01,16.0,16.1,14.5,0,1,MODERATE
543.7,0.96,5.4,31.7,54.8,13.1,39.5,20.7,0.17,21.2,21.4,20.2,0,1,MODERATE
563.5,0.5,11.2,53.5,54.0,16.3,64.9,24.0,-0.13,23.8,23.5,24.7,0,2,HIGH
546.5,0.895,2.6,20.0,49.4,18.6,12.1,14.6,-0.22,14.5,13.2,11.7,0,1,MODERATE
578.3,0.156,47.3,142.6,100.0,14.5,100.0,29.6,5.29,37.4,46.5,58.6,0,3,CRITICAL
554.6,0.707,36.4,90.0,80.2,21.4,100.0,35.0,6.06,44.4,53.0,71.9,0,3,CRITICAL
578.5,0.151,22.1,64.2,69.4,23.6,100.0,29.0,3.56,33.9,39.6,51.0,0,3,CRITICAL
547.7,0.867,2.0,43.3,49.3,19.7,8.8,15.9,0.08,16.0,16.8,15.4,0,1,MODERATE
558.1,0.626,26.9,57.1,58.1,16.0,100.0,30.6,5.42,38.6,45.9,60.3,0,3,CRITICAL
566.0,0.442,29.7,48.9,54.7,21.7,100.0,31.7,4.13,37.9,44.9,56.7,0,3,CRITICAL
569.8,0.353,26.3,71.2,68.4,19.0,100.0,33.2,4.21,39.7,46.0,57.6,0,3,CRITICAL
573.2,0.274,2.2,10.0,35.3,15.6,8.7,7.7,-0.11,7.3,8.1,7.3,0,0,LOW
542.2,0.995,18.6,71.3,58.5,23.6,80.7,31.2,4.93,38.9,45.9,61.5,0,3,CRITICAL
559.8,0.586,32.4,71.6,63.0,16.5,100.0,32.5,4.83,39.6,47.9,61.6,0,3,CRITICAL
554.8,0.702,15.5,56.5,52.3,21.3,66.6,24.1,0.5,25.0,25.6,25.3,0,2,HIGH
566.9,0.421,18.7,57.0,66.3,11.2,100.0,30.5,3.43,35.7,40.7,52.1,0,3,CRITICAL
554.7,0.705,11.0,54.5,58.6,24.3,46.4,23.8,0.23,24.3,25.2,23.4,0,2,HIGH
576.9,0.188,13.5,41.9,41.9,19.3,51.3,15.7,0.38,16.2,16.5,16.6,0,1,MODERATE
582.9,0.049,0.6,24.9,37.5,17.1,2.3,3.0,0.12,2.8,3.2,3.8,0,0,LOW
563.1,0.509,18.3,52.3,65.0,10.4,100.0,29.6,3.91,35.4,41.1,53.9,0,3,CRITICAL
544.0,0.953,1.5,2.8,34.4,13.7,6.6,15.3,-0.19,14.6,14.8,12.9,0,1,MODERATE
556.8,0.656,10.3,16.5,34.5,12.5,49.7,19.9,0.01,20.1,19.3,20.4,0,1,MODERATE
548.4,0.851,6.2,17.1,35.8,25.0,15.5,16.0,-0.26,15.4,14.4,13.4,0,1,MODERATE
575.8,0.214,14.2,38.5,45.8,14.7,77.4,22.6,2.76,26.7,31.1,37.6,0,2,HIGH
555.0,0.698,2.6,18.6,45.9,19.8,10.5,10.1,-0.26,10.1,9.9,8.1,0,0,LOW
583.8,0.028,21.2,69.4,68.0,12.9,100.0,28.7,2.7,32.4,35.8,42.9,0,3,CRITICAL
552.2,0.763,28.5,62.3,58.5,17.9,100.0,35.9,5.37,44.1,52.2,68.8,0,3,CRITICAL
559.8,0.586,3.2,36.5,40.5,18.5,12.3,9.4,0.17,9.2,9.4,10.7,0,0,LOW
563.3,0.505,2.0,13.4,35.1,16.4,7.5,11.7,-0.33,11.7,11.1,11.2,0,0,LOW
562.1,0.533,2.8,41.9,44.7,11.5,19.0,13.0,-0.07,13.2,13.0,10.9,0,1,MODERATE
550.2,0.809,37.7,115.5,84.4,20.8,100.0,35.8,6.79,45.8,56.6,74.3,0,3,CRITICAL
549.8,0.819,13.5,52.3,65.2,13.4,100.0,37.3,4.32,44.0,50.2,61.4,0,3,CRITICAL
564.1,0.486,11.3,39.3,41.5,20.0,41.0,19.0,-0.08,19.3,19.3,18.2,0,1,MODERATE
571.5,0.314,2.0,40.9,53.2,11.8,15.8,5.8,-0.2,5.1,4.6,3.3,0,0,LOW
542.6,0.986,18.9,77.6,72.5,24.7,97.1,36.3,5.04,44.1,51.8,67.1,0,3,CRITICAL
553.2,0.74,36.4,74.7,61.9,22.9,100.0,37.3,5.36,45.1,53.7,68.0,0,3,CRITICAL
555.5,0.686,31.7,92.3,80.2,11.3,100.0,35.0,4.91,42.7,48.9,65.0,0,3,CRITICAL
579.2,0.135,17.7,35.3,40.0,18.7,66.3,19.6,0.05,20.2,20.4,20.6,0,1,MODERATE
584.6,0.009,1.4,4.7,28.9,20.7,3.4,3.2,-0.35,2.5,1.9,2.9,0,0,LOW
547.3,0.877,2.1,23.6,37.2,15.9,8.6,15.7,-0.06,15.4,14.8,17.1,0,1,MODERATE
549.8,0.819,0.9,29.8,53.2,22.9,3.7,14.4,0.1,14.9,15.6,16.5,0,1,MODERATE
565.7,0.449,5.4,35.2,40.2,17.6,21.6,9.1,-0.2,8.4,7.9,9.3,0,0,LOW
543.3,0.97,2.6,37.4,39.5,19.7,9.1,15.0,0.24,15.4,16.0,15.3,0,1,MODERATE
559.6,0.591,5.4,18.3,34.6,11.9,27.5,15.4,0.2,15.8,16.3,18.3,0,1,MODERATE
565.1,0.463,8.8,37.0,48.5,20.8,35.9,13.2,0.32,13.2,15.0,15.0,0,1,MODERATE
560.3,0.574,51.6,170.6,100.0,16.6,100.0,32.4,7.38,43.7,55.5,76.1,0,3,CRITICAL
547.7,0.867,17.0,82.9,80.1,19.1,100.0,38.8,5.42,47.2,54.4,68.9,0,3,CRITICAL
543.5,0.965,32.4,111.9,80.2,16.0,100.0,35.2,6.08,44.2,53.9,71.1,0,3,CRITICAL
568.4,0.386,22.3,62.1,52.5,25.0,82.0,28.1,4.16,34.5,40.9,52.3,0,3,CRITICAL
542.4,0.991,2.1,11.6,38.4,14.9,9.5,13.3,-0.09,13.1,13.4,12.3,0,1,MODERATE
583.5,0.035,24.0,50.5,51.7,18.1,100.0,28.7,3.41,34.2,39.8,50.1,0,3,CRITICAL
575.3,0.226,5.8,30.4,36.2,13.6,27.0,12.2,0.0,12.2,13.1,12.5,0,1,MODERATE
554.4,0.712,18.3,62.5,69.0,21.5,100.0,36.6,4.34,42.8,49.4,62.7,0,3,CRITICAL
543.5,0.965,7.5,40.5,41.2,20.2,26.8,17.1,0.34,17.6,18.4,17.9,0,1,MODERATE
542.0,1.0,109.1,284.2,100.0,18.0,100.0,40.4,13.05,59.8,78.6,117.8,0,3,CRITICAL
551.5,0.779,5.5,23.9,50.1,16.7,28.9,16.6,0.05,16.8,16.5,17.0,0,1,MODERATE
546.3,0.9,5.9,51.9,59.9,18.8,32.9,17.6,-0.15,17.2,18.0,15.4,0,1,MODERATE
557.4,0.642,48.0,136.1,93.3,19.7,100.0,36.6,5.97,45.8,54.4,71.2,0,3,CRITICAL
549.6,0.823,0.4,27.4,35.9,21.2,1.2,12.8,0.16,12.8,12.8,14.3,0,0,LOW
564.1,0.486,21.5,43.7,47.8,16.1,100.0,29.3,4.45,35.5,43.3,53.6,0,3,CRITICAL
542.2,0.995,23.3,67.4,63.4,18.7,100.0,39.4,5.2,47.6,55.3,69.0,0,3,CRITICAL
546.1,0.905,32.6,92.9,74.3,16.7,100.0,39.0,5.63,47.3,55.4,70.5,0,3,CRITICAL
571.0,0.326,66.0,122.1,99.5,11.5,100.0,27.4,7.43,39.0,50.6,72.3,0,3,CRITICAL
580.0,0.116,66.8,128.3,90.4,16.0,100.0,26.0,6.68,35.6,45.4,63.0,0,3,CRITICAL
552.3,0.76,1.2,24.3,40.8,23.1,3.7,10.6,-0.11,10.3,10.1,10.4,0,0,LOW
576.8,0.191,31.1,89.1,72.2,13.1,100.0,31.3,3.52,36.4,42.3,51.4,0,3,CRITICAL
578.1,0.16,18.7,63.5,69.7,19.9,100.0,24.9,3.18,30.1,35.1,41.8,0,3,CRITICAL
555.1,0.695,18.8,46.6,61.0,10.9,100.0,35.1,3.99,41.3,46.5,58.7,0,3,CRITICAL
553.5,0.733,2.5,26.1,37.7,14.6,11.3,13.8,-0.12,13.3,14.0,13.1,0,1,MODERATE
564.2,0.484,18.9,33.6,42.1,13.0,100.0,31.3,4.08,37.8,44.0,56.7,0,3,CRITICAL
570.9,0.328,72.8,185.9,100.0,13.7,100.0,27.9,8.44,40.7,53.7,77.2,0,3,CRITICAL
569.9,0.351,43.7,75.2,76.6,23.9,100.0,27.6,5.48,35.9,43.6,57.7,0,3,CRITICAL
559.0,0.605,10.4,32.0,45.0,23.8,34.4,14.0,0.03,14.2,14.3,14.8,0,1,MODERATE
549.2,0.833,0.7,35.2,46.2,18.7,3.0,9.9,0.19,10.3,10.5,11.9,0,0,LOW
548.7,0.844,8.1,51.3,49.4,23.0,30.4,16.7,0.12,16.7,16.9,16.7,0,1,MODERATE
554.8,0.702,31.5,63.4,57.5,20.4,100.0,33.9,5.34,41.8,50.7,63.3,0,3,CRITICAL
559.4,0.595,21.8,69.9,55.5,12.4,100.0,32.9,4.32,39.3,46.2,59.6,0,3,CRITICAL
557.3,0.644,11.1,28.9,38.8,20.5,36.8,19.5,-0.05,19.2,19.1,20.3,0,1,MODERATE
567.9,0.398,1.0,20.5,39.9,21.8,3.2,5.4,0.07,5.9,4.9,5.8,0,0,LOW
575.7,0.216,10.0,47.0,56.8,19.6,50.7,17.9,0.38,18.1,19.5,20.1,0,1,MODERATE
560.3,0.574,11.4,26.8,47.7,19.2,49.6,22.3,0.1,22.6,22.8,22.1,0,2,HIGH
584.6,0.009,47.5,123.9,88.2,22.8,100.0,25.6,5.15,33.0,41.0,55.1,0,3,CRITICAL
545.9,0.909,18.4,58.9,60.6,17.1,100.0,39.8,4.46,46.8,54.1,65.7,0,3,CRITICAL
553.4,0.735,6.7,23.9,35.1,16.9,24.4,18.6,-0.03,19.0,18.7,18.9,0,1,MODERATE
574.5,0.244,13.4,54.3,55.5,14.8,87.9,28.5,2.22,31.6,34.9,40.0,0,2,HIGH
543.1,0.974,1.2,19.2,44.6,17.0,5.5,14.0,-0.31,14.0,12.8,10.9,0,0,LOW
542.7,0.984,64.7,181.3,100.0,11.9,100.0,40.8,8.74,54.2,67.4,90.0,0,3,CRITICAL
576.9,0.188,8.0,29.8,42.6,12.1,49.3,13.8,-0.06,13.4,13.9,11.9,0,1,MODERATE
567.3,0.412,11.7,28.8,50.4,22.2,46.5,15.9,0.16,16.5,17.2,15.5,0,1,MODERATE
577.1,0.184,7.9,44.1,43.2,22.4,26.7,11.6,0.21,12.4,12.7,13.3,0,0,LOW
574.9,0.235,20.7,47.5,44.6,14.7,100.0,26.8,3.13,31.6,37.1,45.0,0,3,CRITICAL
556.5,0.663,19.5,60.3,53.4,24.2,75.3,29.7,3.8,35.0,40.9,52.6,0,3,CRITICAL
559.3,0.598,22.6,52.9,62.8,19.1,100.0,35.8,4.08,42.3,47.2,59.9,0,3,CRITICAL
568.1,0.393,5.6,50.4,62.4,18.8,32.5,16.0,0.21,16.3,15.9,18.2,0,1,MODERATE
580.9,0.095,6.8,22.5,46.3,20.5,26.9,11.7,0.22,12.3,11.5,12.0,0,0,LOW
551.5,0.779,2.4,22.1,43.8,21.6,8.5,11.2,-0.23,10.8,10.1,8.3,0,0,LOW
554.7,0.705,19.2,65.1,61.9,21.2,98.1,32.6,4.31,39.0,46.0,58.9,0,3,CRITICAL
546.7,0.891,0.7,15.2,38.8,11.2,4.2,12.2,-0.38,12.1,10.7,8.4,0,0,LOW
560.9,0.56,16.4,49.7,45.4,21.6,60.3,25.6,0.21,26.0,26.6,27.3,0,2,HIGH
578.7,0.147,36.7,106.3,85.7,13.4,100.0,27.5,5.18,35.5,42.3,57.9,0,3,CRITICAL
573.4,0.27,39.9,130.4,100.0,13.0,100.0,26.9,5.25,34.9,42.9,58.7,0,3,CRITICAL
555.1,0.695,10.7,59.0,65.6,11.6,100.0,33.1,3.65,38.5,44.2,55.7,0,3,CRITICAL
565.5,0.453,11.1,50.2,53.6,14.4,72.3,23.3,-0.04,23.3,23.5,24.4,0,2,HIGH
553.8,0.726,1.4,18.5,47.1,15.3,7.5,10.7,0.07,11.2,11.5,10.9,0,0,LOW
565.8,0.447,20.0,51.4,60.0,18.7,100.0,31.9,3.92,37.4,42.8,56.2,0,3,CRITICAL
545.6,0.916,31.0,74.4,73.0,13.4,100.0,35.0,5.99,44.4,52.4,71.2,0,3,CRITICAL
559.0,0.605,5.1,36.1,53.6,17.5,27.3,17.9,0.2,18.2,18.5,19.7,0,1,MODERATE
558.5,0.616,9.8,37.2,58.3,17.5,57.1,22.9,0.3,23.5,23.8,26.3,0,2,HIGH
553.4,0.735,32.9,74.4,69.9,23.6,100.0,35.5,6.13,45.0,53.1,72.1,0,3,CRITICAL
555.6,0.684,37.7,135.5,93.4,14.2,100.0,33.7,5.45,41.4,49.3,64.9,0,3,CRITICAL
575.9,0.212,5.0,32.1,48.5,16.3,26.0,9.9,0.16,10.1,11.4,11.5,0,0,LOW
577.8,0.167,14.4,29.8,51.1,15.7,82.0,21.8,2.81,25.6,30.1,38.2,0,2,HIGH
555.1,0.695,3.8,27.1,35.0,11.9,19.6,11.5,-0.07,11.5,11.5,9.9,0,0,LOW
561.7,0.542,1.9,43.9,53.6,19.6,9.1,11.1,-0.08,11.4,10.0,11.1,0,0,LOW
582.7,0.053,43.6,94.1,78.8,21.5,100.0,27.8,4.56,35.0,41.2,53.8,0,3,CRITICAL
563.0,0.512,30.9,44.1,50.7,20.4,100.0,31.5,5.62,40.0,49.2,62.5,0,3,CRITICAL
553.2,0.74,25.7,74.0,67.2,16.0,100.0,37.1,4.91,44.1,51.1,64.2,0,3,CRITICAL
573.8,0.26,0.9,31.9,54.5,15.2,5.6,6.6,0.16,7.0,6.7,6.1,0,0,LOW
553.7,0.728,33.4,77.5,71.9,10.0,100.0,37.3,6.41,46.4,56.3,75.3,0,3,CRITICAL
565.6,0.451,10.4,33.5,55.2,10.4,96.6,32.6,3.1,37.3,41.8,51.6,0,3,CRITICAL
583.2,0.042,7.5,54.3,58.3,22.0,34.8,10.9,-0.17,10.2,10.3,8.5,0,0,LOW
552.1,0.765,14.2,50.9,55.6,24.7,55.9,23.5,0.1,23.8,22.8,25.0,0,2,HIGH
569.2,0.367,1.7,29.1,41.7,22.2,5.6,4.4,-0.23,4.4,4.1,1.9,0,0,LOW
583.3,0.04,25.4,103.9,72.7,15.6,100.0,23.9,2.67,27.5,32.6,40.1,0,2,HIGH
557.6,0.637,15.7,77.8,75.5,19.0,100.0,32.2,4.17,38.8,44.8,54.8,0,3,CRITICAL
553.4,0.735,3.7,31.4,50.8,12.2,27.0,17.7,-0.14,18.0,17.2,17.6,0,1,MODERATE
555.0,0.698,3.8,18.3,45.1,20.1,14.9,12.9,-0.1,12.7,12.4,13.5,0,0,LOW
567.8,0.4,3.7,14.4,47.0,13.5,22.5,14.0,0.05,13.6,15.0,15.9,0,1,MODERATE
567.3,0.412,1.1,6.0,38.3,12.0,6.1,5.1,-0.17,5.2,5.0,5.8,0,0,LOW
561.8,0.54,16.0,47.9,44.6,20.4,61.2,23.7,0.36,24.4,25.5,25.9,0,2,HIGH
582.0,0.07,33.0,43.6,48.6,17.7,100.0,26.2,4.66,33.5,40.4,51.7,0,3,CRITICAL
582.5,0.058,0.3,5.5,42.5,11.3,2.0,3.0,-0.04,3.2,2.2,1.8,0,0,LOW
545.4,0.921,0.9,37.0,45.5,16.2,4.4,15.7,-0.27,14.9,14.9,15.7,0,1,MODERATE
573.3,0.272,15.3,73.9,67.3,11.9,100.0,26.8,3.42,31.8,37.8,48.4,0,3,CRITICAL
569.0,0.372,30.8,53.4,58.4,20.4,100.0,29.1,5.08,36.5,44.8,58.2,0,3,CRITICAL
581.8,0.074,7.1,52.9,57.9,12.7,56.6,13.8,-0.23,13.5,13.8,13.2,0,1,MODERATE
553.9,0.723,7.7,18.5,33.0,24.1,18.5,12.3,0.24,12.5,13.2,13.0,0,1,MODERATE
549.6,0.823,16.3,26.1,42.7,14.2,85.8,31.6,3.95,37.4,43.5,52.9,0,3,CRITICAL
569.5,0.36,5.8,16.6,47.4,24.1,20.0,7.3,0.01,6.9,7.0,9.0,0,0,LOW
572.9,0.281,0.5,8.8,44.1,12.3,3.1,3.0,0.14,3.7,3.3,4.7,0,0,LOW
560.5,0.57,23.9,65.4,56.4,17.2,100.0,32.8,4.12,39.4,45.8,57.6,0,3,CRITICAL
548.8,0.842,17.7,31.8,44.5,18.6,74.1,31.1,0.28,31.9,32.8,34.2,0,2,HIGH
580.2,0.112,15.6,38.0,57.3,19.7,79.4,20.6,2.1,24.0,27.3,32.4,0,2,HIGH
546.0,0.907,24.4,83.9,78.3,10.8,100.0,34.8,5.16,42.1,49.6,63.5,0,3,CRITICAL
542.7,0.984,20.2,52.9,63.1,10.3,100.0,39.5,5.95,48.0,57.8,74.5,0,3,CRITICAL
578.0,0.163,4.1,38.8,57.4,22.6,18.2,9.2,0.16,9.2,8.9,8.6,0,0,LOW
579.9,0.119,7.8,26.0,42.6,13.5,43.1,11.6,0.03,11.7,11.7,12.9,0,0,LOW
564.8,0.47,2.4,9.4,43.0,24.6,7.3,5.7,-0.27,5.0,4.8,3.8,0,0,LOW
580.6,0.102,2.5,6.2,37.9,17.3,9.6,5.7,-0.07,5.5,4.8,5.2,0,0,LOW
561.6,0.544,20.3,60.8,61.0,15.5,100.0,31.8,4.75,39.2,46.3,57.8,0,3,CRITICAL
581.4,0.084,35.2,72.7,57.7,11.8,100.0,28.3,4.47,34.8,41.8,54.7,0,3,CRITICAL
576.8,0.191,59.2,105.8,78.0,24.2,100.0,29.3,6.02,38.1,46.7,65.0,0,3,CRITICAL
570.1,0.347,17.8,80.2,78.4,10.1,100.0,30.3,3.02,35.1,39.2,49.6,0,3,CRITICAL
580.4,0.107,3.7,19.3,36.2,11.2,20.9,8.1,0.05,8.5,8.7,8.2,0,0,LOW
571.0,0.326,2.0,4.1,37.0,20.2,6.4,8.5,-0.16,8.3,8.0,7.6,0,0,LOW
552.2,0.763,30.2,100.5,72.6,16.7,100.0,34.8,5.16,42.2,49.8,64.8,0,3,CRITICAL
576.7,0.193,15.6,37.1,57.0,24.0,64.8,21.3,0.0,21.8,21.3,22.6,0,1,MODERATE
562.7,0.519,17.3,53.8,58.5,24.8,71.4,22.6,0.28,22.6,24.4,25.6,0,2,HIGH
571.9,0.305,27.4,65.5,58.5,11.7,100.0,30.3,4.19,36.7,43.7,54.0,0,3,CRITICAL
567.8,0.4,21.9,72.8,73.8,13.6,100.0,27.9,4.29,34.3,41.5,54.4,0,3,CRITICAL
542.6,0.986,32.4,74.6,67.7,24.5,100.0,40.8,5.8,49.3,57.7,74.1,0,3,CRITICAL
581.4,0.084,1.0,25.9,34.2,20.7,2.9,5.6,0.1,6.1,5.9,5.1,0,0,LOW
566.9,0.421,24.8,79.5,63.6,18.0,100.0,31.4,3.84,37.4,43.8,53.1,0,3,CRITICAL
567.9,0.398,34.3,123.5,89.0,24.0,100.0,33.6,4.59,40.2,48.2,61.8,0,3,CRITICAL
573.9,0.258,6.1,21.7,33.5,12.8,27.9,10.6,-0.15,10.2,10.0,9.7,0,0,LOW
564.2,0.484,18.4,65.0,68.7,17.1,100.0,33.6,4.32,39.9,47.4,60.4,0,3,CRITICAL
578.8,0.144,6.8,35.6,43.3,17.0,30.3,8.0,-0.04,8.1,7.5,7.0,0,0,LOW
557.3,0.644,57.0,166.9,100.0,12.4,100.0,32.3,7.98,44.7,56.2,80.2,0,3,CRITICAL
559.3,0.598,0.6,29.2,53.2,14.6,3.8,8.6,-0.08,8.6,8.8,6.9,0,0,LOW
551.3,0.784,15.6,47.5,48.4,23.0,57.4,27.4,-0.07,26.9,27.5,27.1,0,2,HIGH
549.5,0.826,3.3,30.1,49.6,20.9,13.7,16.9,-0.31,16.0,15.7,14.8,0,1,MODERATE
569.8,0.353,22.4,76.0,71.3,18.1,100.0,31.2,3.79,36.4,42.7,52.9,0,3,CRITICAL
567.0,0.419,3.5,18.9,46.0,20.9,13.5,11.5,0.24,12.2,12.6,14.6,0,0,LOW
571.7,0.309,4.8,48.1,44.7,24.5,15.3,10.0,-0.26,9.9,8.3,9.0,0,0,LOW
581.1,0.091,12.3,20.9,46.6,17.7,56.7,16.4,0.2,17.0,16.1,16.6,0,1,MODERATE
549.1,0.835,44.3,104.7,89.5,23.7,100.0,37.9,6.48,47.5,58.0,76.1,0,3,CRITICAL
583.0,0.047,4.3,20.1,33.0,23.5,10.6,5.9,-0.02,5.9,5.1,7.2,0,0,LOW
547.1,0.881,2.8,44.2,53.6,13.7,19.2,18.3,-0.15,17.6,17.8,17.8,0,1,MODERATE
557.1,0.649,25.6,60.5,59.4,23.0,100.0,34.2,5.17,42.2,49.5,63.3,0,3,CRITICAL
580.8,0.098,12.5,25.9,44.5,23.7,41.1,15.2,0.09,15.4,15.1,14.9,0,1,MODERATE
553.2,0.74,43.7,129.4,100.0,14.9,100.0,32.8,6.33,42.2,51.2,70.8,0,3,CRITICAL
562.5,0.523,2.9,42.1,41.9,20.9,10.2,8.5,-0.28,8.2,8.3,5.6,0,0,LOW
554.2,0.716,18.7,56.6,63.2,22.5,91.9,35.5,5.15,43.4,51.6,66.5,0,3,CRITICAL
567.5,0.407,4.8,6.0,24.8,18.8,11.1,6.5,-0.01,6.7,5.7,6.4,0,0,LOW
570.2,0.344,3.1,19.7,38.2,16.3,12.7,6.7,-0.31,5.8,5.3,5.6,0,0,LOW
569.5,0.36,20.7,71.2,64.7,15.5,100.0,28.9,3.62,34.1,39.4,50.8,0,3,CRITICAL
560.4,0.572,16.2,29.8,45.6,20.6,62.8,23.3,0.48,23.9,23.9,26.0,0,2,HIGH
575.6,0.219,25.3,90.0,76.5,23.7,100.0,26.2,3.3,30.8,35.6,45.5,0,3,CRITICAL
557.9,0.63,6.7,33.0,53.9,19.3,32.7,19.2,-0.23,18.7,18.5,18.2,0,1,MODERATE
559.3,0.598,10.7,42.4,48.9,15.5,59.1,24.0,0.17,24.1,24.3,25.7,0,2,HIGH
566.3,0.435,9.4,36.8,45.8,23.7,31.8,15.7,-0.12,15.3,14.4,13.5,0,1,MODERATE
572.0,0.302,74.5,129.8,100.0,10.4,100.0,27.2,7.25,38.0,49.1,70.4,0,3,CRITICAL
549.3,0.83,6.2,38.2,48.3,21.7,24.1,14.2,-0.1,13.8,13.3,13.7,0,1,MODERATE
547.9,0.863,6.3,57.2,62.1,18.2,37.6,19.9,-0.0,19.9,19.3,18.5,0,1,MODERATE
572.8,0.284,7.9,27.6,34.6,20.5,23.3,8.6,0.05,8.8,8.5,7.3,0,0,LOW
561.1,0.556,15.0,44.0,60.2,18.9,83.6,26.8,4.39,33.6,40.8,51.0,0,3,CRITICAL
564.9,0.467,5.2,45.8,49.4,21.1,21.3,12.4,-0.22,11.8,12.7,10.2,0,0,LOW
582.0,0.07,44.4,95.7,70.4,14.3,100.0,23.9,5.04,31.3,39.5,54.0,0,3,CRITICAL
560.3,0.574,5.6,13.8,45.7,14.5,30.9,13.5,0.16,14.1,13.1,15.7,0,1,MODERATE
558.4,0.619,40.7,92.6,72.9,17.3,100.0,34.5,5.45,43.1,51.8,66.2,0,3,CRITICAL
542.0,1.0,2.0,26.7,43.8,15.0,10.2,14.6,0.02,15.0,15.0,13.6,0,1,MODERATE
581.3,0.086,19.2,44.5,43.2,23.0,63.1,16.3,0.23,16.6,16.1,17.8,0,1,MODERATE
582.7,0.053,42.8,87.9,70.2,15.3,100.0,28.6,4.41,35.0,40.9,54.0,0,3,CRITICAL
557.6,0.637,3.3,34.4,39.7,14.1,16.3,15.0,0.02,14.6,15.3,14.9,0,1,MODERATE
552.5,0.756,62.1,140.5,93.3,11.5,100.0,32.2,7.88,44.3,55.9,78.4,0,3,CRITICAL
577.9,0.165,10.9,38.2,39.6,15.4,49.0,17.7,0.2,17.7,18.5,18.5,0,1,MODERATE
560.8,0.563,52.4,152.8,98.9,15.6,100.0,30.1,7.21,40.9,52.7,73.2,0,3,CRITICAL
566.7,0.426,20.3,46.3,49.1,16.2,100.0,29.2,3.52,34.1,40.7,51.4,0,3,CRITICAL
551.1,0.788,6.5,42.5,55.6,18.3,34.6,16.8,0.31,16.8,17.8,18.5,0,1,MODERATE
581.9,0.072,3.8,47.1,44.1,10.5,27.9,8.5,-0.02,8.9,8.6,9.5,0,0,LOW
546.0,0.907,6.5,29.9,50.4,16.8,34.1,17.5,0.29,18.3,19.3,19.2,0,1,MODERATE
563.8,0.493,1.8,37.8,57.7,16.5,11.0,6.9,-0.04,6.6,6.8,7.3,0,0,LOW
563.1,0.509,2.8,31.1,36.4,22.7,7.9,7.7,-0.13,7.2,7.5,6.2,0,0,LOW
583.4,0.037,2.0,24.9,42.0,13.7,10.7,6.4,-0.21,5.9,5.2,5.1,0,0,LOW
584.1,0.021,9.9,23.8,48.3,15.0,55.8,13.6,0.36,14.2,14.8,14.4,0,1,MODERATE
542.8,0.981,28.6,77.3,59.4,10.2,100.0,40.3,6.15,49.4,58.8,77.4,0,3,CRITICAL
559.1,0.602,2.7,26.5,43.4,14.8,13.9,10.9,-0.13,10.6,10.8,8.7,0,0,LOW
572.3,0.295,2.5,40.5,58.8,24.0,10.7,4.8,-0.25,4.7,3.3,2.7,0,0,LOW
559.7,0.588,18.6,64.8,68.9,19.4,100.0,34.3,3.59,39.7,44.2,56.5,0,3,CRITICAL
569.7,0.356,4.0,18.3,31.2,23.9,9.1,8.5,-0.03,8.8,9.4,8.7,0,0,LOW
582.6,0.056,1.8,17.8,38.7,21.2,5.8,3.0,-0.07,3.0,1.9,2.1,0,0,LOW
551.9,0.77,3.3,19.2,36.5,13.4,15.7,12.4,-0.22,11.8,12.4,11.3,0,0,LOW
568.1,0.393,46.3,102.3,87.8,21.3,100.0,33.3,5.44,41.1,50.4,63.3,0,3,CRITICAL
547.7,0.867,31.0,91.8,73.7,16.0,100.0,38.7,5.71,47.3,56.8,71.7,0,3,CRITICAL
562.3,0.528,7.9,17.1,43.2,14.7,40.6,16.2,-0.19,16.4,15.0,16.1,0,1,MODERATE
552.9,0.747,19.2,75.9,59.5,20.6,97.0,32.7,4.89,40.4,48.3,61.0,0,3,CRITICAL
573.1,0.277,13.9,62.4,55.3,17.2,78.2,23.5,3.25,28.4,32.8,42.7,0,2,HIGH
578.5,0.151,20.3,80.8,72.4,11.1,100.0,25.7,3.81,31.6,37.5,46.5,0,3,CRITICAL
579.8,0.121,20.7,47.3,56.6,21.8,94.1,23.0,3.16,28.1,31.9,42.7,0,2,HIGH
567.9,0.398,17.8,38.1,56.1,17.7,98.7,31.7,4.18,38.4,44.3,56.8,0,3,CRITICAL
563.3,0.505,5.6,27.2,46.9,14.2,32.4,17.6,0.28,17.9,17.9,19.8,0,1,MODERATE
558.5,0.616,0.7,24.1,49.1,18.5,3.3,7.7,-0.34,6.8,7.2,4.4,0,0,LOW
549.1,0.835,10.9,48.9,55.1,15.3,68.7,29.7,0.03,29.8,28.9,28.8,0,2,HIGH
576.3,0.202,39.9,115.4,85.4,17.6,100.0,28.7,4.46,35.0,43.0,53.1,0,3,CRITICAL
552.6,0.753,15.2,60.9,53.9,20.8,68.9,27.7,0.38,28.1,27.9,28.4,0,2,HIGH
559.3,0.598,32.2,74.8,74.1,11.3,100.0,34.7,4.89,41.7,49.3,64.3,0,3,CRITICAL
550.1,0.812,86.1,185.4,100.0,24.2,100.0,35.4,10.07,50.3,65.3,93.0,0,3,CRITICAL
577.7,0.17,3.2,31.8,55.9,16.6,18.9,10.4,0.12,10.3,9.9,10.5,0,0,LOW
584.3,0.016,21.2,72.2,63.5,18.0,100.0,28.9,2.79,33.1,37.1,46.6,0,3,CRITICAL
583.6,0.033,20.2,62.9,64.9,11.4,100.0,26.0,3.37,30.9,35.4,46.5,0,3,CRITICAL
560.7,0.565,70.4,204.0,100.0,24.1,100.0,35.2,7.79,47.4,59.2,79.0,0,3,CRITICAL
583.4,0.037,76.3,220.6,100.0,24.2,100.0,26.8,7.76,38.3,49.8,72.9,0,3,CRITICAL
579.8,0.121,20.9,54.8,63.0,14.0,100.0,24.5,3.25,29.6,34.3,44.5,0,2,HIGH
542.6,0.986,5.0,22.2,34.3,21.7,13.8,18.5,0.16,18.6,18.2,19.8,0,1,MODERATE
543.6,0.963,28.8,82.1,71.9,18.9,100.0,36.5,6.08,45.2,53.9,72.0,0,3,CRITICAL
563.5,0.5,2.0,32.1,46.5,17.8,9.1,6.7,-0.09,6.3,6.6,6.8,0,0,LOW
560.2,0.577,27.3,70.9,61.9,17.1,100.0,34.0,4.91,41.3,48.7,63.7,0,3,CRITICAL
565.0,0.465,43.4,77.3,62.2,13.0,100.0,31.9,6.53,41.6,51.8,69.3,0,3,CRITICAL
568.3,0.388,8.7,24.3,49.4,24.2,31.1,12.2,0.19,12.7,13.7,12.9,0,1,MODERATE
575.8,0.214,17.9,41.0,51.4,19.6,82.1,21.6,3.48,27.1,32.0,43.0,0,2,HIGH
563.1,0.509,10.1,56.0,59.2,14.8,70.7,26.0,0.17,26.2,26.3,26.5,0,2,HIGH
570.3,0.342,10.4,39.3,46.0,10.4,80.5,23.4,3.67,29.4,34.9,43.9,0,2,HIGH
549.9,0.816,6.7,20.0,43.1,20.1,25.1,17.6,-0.06,17.1,16.9,18.7,0,1,MODERATE
569.3,0.365,25.8,83.3,62.6,16.3,100.0,33.3,4.0,39.4,44.6,55.7,0,3,CRITICAL
569.1,0.37,49.5,73.2,71.8,22.1,100.0,30.7,6.4,40.0,49.3,66.4,0,3,CRITICAL
554.7,0.705,50.9,136.9,89.5,10.0,100.0,33.8,7.38,44.6,56.8,75.3,0,3,CRITICAL
566.2,0.437,3.5,19.1,48.5,21.8,13.6,10.9,-0.21,10.5,9.5,7.9,0,0,LOW
566.3,0.435,37.4,104.1,86.4,11.9,100.0,33.0,5.78,41.2,50.1,66.1,0,3,CRITICAL
553.8,0.726,24.1,52.0,64.8,17.5,100.0,37.5,4.6,44.2,50.8,65.2,0,3,CRITICAL
558.1,0.626,5.2,40.4,41.4,17.6,21.4,15.1,-0.17,15.1,14.7,12.8,0,1,MODERATE
553.2,0.74,1.3,19.5,47.5,14.2,7.6,12.2,-0.12,11.7,11.4,11.3,0,0,LOW
568.7,0.379,5.6,30.8,36.8,23.6,15.3,11.6,-0.16,11.6,11.2,12.3,0,0,LOW
543.5,0.965,43.8,123.4,81.7,20.4,100.0,37.8,7.22,48.8,60.4,80.0,0,3,CRITICAL
566.2,0.437,18.1,66.3,68.5,24.1,90.0,28.4,3.1,32.6,38.0,47.8,0,3,CRITICAL
554.9,0.7,23.0,44.7,47.3,10.7,100.0,37.1,5.02,44.3,51.4,64.5,0,3,CRITICAL
551.2,0.786,5.4,36.1,43.3,10.5,39.0,20.7,0.31,21.0,22.2,23.3,0,2,HIGH
548.3,0.853,22.9,51.9,50.3,20.4,98.8,36.0,4.65,43.0,49.4,62.2,0,3,CRITICAL
543.3,0.97,0.5,13.0,37.3,18.3,1.8,11.4,-0.36,10.7,11.3,8.8,0,0,LOW
576.0,0.209,8.5,26.2,43.0,15.4,41.5,16.2,0.1,16.6,16.5,18.6,0,1,MODERATE
546.2,0.902,17.7,59.6,60.8,20.5,91.9,33.6,5.16,41.1,49.8,62.3,0,3,CRITICAL
549.4,0.828,2.8,44.6,47.4,22.2,10.5,10.6,-0.1,10.9,9.5,10.7,0,0,LOW
578.3,0.156,31.2,91.8,68.7,15.4,100.0,29.8,4.2,36.4,43.2,55.8,0,3,CRITICAL
559.5,0.593,4.8,48.3,49.5,10.4,40.0,15.5,0.1,16.0,15.1,16.6,0,1,MODERATE
572.3,0.295,19.0,86.3,65.3,20.4,100.0,26.9,3.35,32.2,36.0,47.9,0,3,CRITICAL
559.2,0.6,9.4,49.9,53.1,12.7,68.8,24.7,-0.05,24.3,23.6,22.8,0,2,HIGH
550.4,0.805,16.3,42.7,42.0,18.9,63.4,25.2,0.05,25.4,25.8,27.3,0,2,HIGH
542.2,0.995,2.0,20.9,41.1,15.9,9.0,13.1,-0.02,13.0,12.3,14.5,0,0,LOW
549.4,0.828,0.3,40.5,49.4,21.7,1.2,13.1,0.01,12.7,13.9,13.4,0,1,MODERATE
543.6,0.963,43.3,127.7,91.6,10.3,100.0,37.2,7.77,49.1,60.5,82.5,0,3,CRITICAL
545.3,0.923,5.7,29.9,40.6,12.2,33.2,21.1,-0.13,21.4,19.9,18.6,0,1,MODERATE
570.2,0.344,30.8,109.6,94.1,20.0,100.0,32.1,4.72,39.5,45.3,57.9,0,3,CRITICAL
564.3,0.481,130.0,224.7,100.0,11.7,100.0,33.3,13.19,52.7,72.8,109.5,0,3,CRITICAL
580.7,0.1,4.3,32.5,38.8,11.9,24.5,9.5,0.17,10.0,9.9,11.9,0,0,LOW
544.1,0.951,5.5,40.9,58.6,20.6,27.4,18.4,-0.19,17.7,17.3,16.5,0,1,MODERATE
577.8,0.167,19.6,73.3,65.2,16.1,100.0,27.4,3.39,32.1,37.6,48.3,0,3,CRITICAL
548.0,0.86,60.6,177.4,100.0,24.0,100.0,36.3,8.45,49.1,61.6,84.5,0,3,CRITICAL
562.1,0.533,44.5,135.5,96.1,15.7,100.0,31.9,5.96,41.3,50.4,68.1,0,3,CRITICAL
572.7,0.286,12.6,47.7,45.9,23.8,42.5,16.6,0.32,17.5,18.4,17.4,0,1,MODERATE
555.0,0.698,28.5,45.1,62.4,13.8,100.0,33.5,5.58,42.2,49.8,67.7,0,3,CRITICAL
571.7,0.309,2.6,15.9,29.9,10.2,13.3,8.5,-0.23,8.6,6.9,5.6,0,0,LOW
578.2,0.158,68.2,117.5,90.0,16.3,100.0,25.4,6.79,35.7,45.4,65.4,0,3,CRITICAL
565.1,0.463,60.0,110.3,79.2,16.9,100.0,33.1,6.51,42.8,52.7,71.8,0,3,CRITICAL
545.9,0.909,3.2,26.5,34.0,23.5,8.1,12.9,0.06,13.4,14.1,12.4,0,1,MODERATE
583.4,0.037,6.4,45.3,62.2,10.6,65.7,19.2,0.09,19.1,20.4,18.5,0,1,MODERATE
577.2,0.181,1.9,26.7,45.1,10.0,15.0,5.1,0.11,4.9,5.9,6.9,0,0,LOW
557.5,0.64,5.7,29.4,47.0,23.7,19.8,12.8,0.18,13.5,12.5,14.5,0,0,LOW
546.8,0.888,30.5,68.6,70.3,15.7,100.0,33.9,5.98,42.5,51.8,66.8,0,3,CRITICAL
547.6,0.87,8.6,20.9,44.3,13.0,51.3,22.5,-0.19,22.0,22.9,22.1,0,2,HIGH
568.8,0.377,1.7,9.6,26.2,16.3,4.8,4.2,0.13,4.9,3.8,3.4,0,0,LOW
579.2,0.135,7.5,55.2,55.8,17.5,41.8,11.1,-0.18,10.8,10.5,8.9,0,0,LOW
558.1,0.626,71.7,179.1,100.0,10.6,100.0,31.7,8.29,44.2,56.4,79.6,0,3,CRITICAL
545.8,0.912,17.9,46.6,47.4,22.9,64.8,29.8,0.54,31.0,30.8,31.8,0,2,HIGH
572.5,0.291,9.7,45.4,45.3,19.1,40.3,17.3,0.35,18.1,19.3,17.8,0,1,MODERATE
551.8,0.772,3.3,39.8,40.2,15.8,14.7,11.4,0.23,11.7,11.3,11.4,0,0,LOW
556.8,0.656,77.1,225.1,100.0,13.9,100.0,33.6,8.64,46.3,60.3,82.0,0,3,CRITICAL
554.7,0.705,31.0,50.7,59.1,15.5,100.0,32.7,5.78,41.8,50.9,65.4,0,3,CRITICAL
579.5,0.128,6.0,30.6,48.8,16.7,30.7,9.3,-0.06,8.9,10.0,8.1,0,0,LOW
573.7,0.263,1.3,25.0,51.9,23.6,5.0,7.3,-0.32,6.5,7.3,4.9,0,0,LOW
564.4,0.479,1.0,39.1,39.6,22.2,3.1,4.8,0.06,4.5,5.7,5.4,0,0,LOW
583.1,0.044,2.3,17.8,48.5,13.7,14.2,4.6,-0.09,4.1,5.2,5.0,0,0,LOW
573.8,0.26,15.6,65.0,60.4,13.1,100.0,29.6,2.9,33.9,37.5,44.9,0,3,CRITICAL
545.6,0.916,47.6,100.5,82.4,22.0,100.0,35.1,7.53,46.5,57.0,78.6,0,3,CRITICAL
549.3,0.83,12.4,62.2,69.3,18.0,83.5,31.9,4.72,39.4,45.8,59.7,0,3,CRITICAL
576.7,0.193,33.3,42.8,52.5,17.0,100.0,27.1,4.34,33.1,39.7,50.8,0,3,CRITICAL
552.3,0.76,10.6,60.2,53.3,22.7,43.6,22.8,-0.03,23.0,23.6,21.7,0,2,HIGH
556.0,0.674,22.2,50.1,51.3,21.4,93.1,30.9,5.16,38.8,47.0,61.9,0,3,CRITICAL
558.7,0.612,23.7,49.1,53.0,18.1,100.0,31.2,4.86,38.6,46.0,59.3,0,3,CRITICAL
572.0,0.302,3.4,33.1,42.1,21.9,11.4,9.3,-0.08,9.4,9.7,10.1,0,0,LOW
570.5,0.337,8.1,51.7,56.7,17.6,45.7,18.4,-0.02,18.1,18.5,18.6,0,1,MODERATE
555.4,0.688,18.3,69.9,58.5,19.6,95.6,31.9,5.14,39.4,48.0,63.1,0,3,CRITICAL
561.8,0.54,1.3,31.1,42.5,11.2,8.6,10.4,0.0,10.5,9.6,11.2,0,0,LOW
559.2,0.6,8.1,31.6,39.0,11.4,48.5,20.6,0.36,21.5,20.8,23.7,0,1,MODERATE
576.3,0.202,13.8,54.3,58.3,24.5,57.5,15.3,0.23,15.5,15.9,15.3,0,1,MODERATE
564.0,0.488,100.4,235.5,100.0,20.3,100.0,34.4,10.01,49.4,63.7,93.6,0,3,CRITICAL
578.4,0.153,11.6,31.9,54.7,24.6,45.1,16.7,0.35,17.3,17.5,17.5,0,1,MODERATE
569.3,0.365,30.5,88.6,70.4,23.7,100.0,32.9,5.07,40.9,49.0,63.2,0,3,CRITICAL
574.0,0.256,10.2,23.6,41.9,21.8,34.3,12.5,-0.01,12.0,11.8,13.8,0,0,LOW
574.8,0.237,28.6,70.9,55.9,21.8,100.0,27.0,4.48,33.4,41.3,52.0,0,3,CRITICAL
578.9,0.142,16.3,34.0,41.8,21.6,55.2,17.2,0.32,18.2,18.4,18.4,0,1,MODERATE
568.8,0.377,39.2,136.8,100.0,19.5,100.0,31.7,5.14,39.2,46.9,61.5,0,3,CRITICAL
562.0,0.535,9.5,45.6,54.7,21.9,41.5,18.2,0.19,18.5,18.8,18.6,0,1,MODERATE
582.0,0.07,16.7,31.0,38.6,16.6,68.0,20.6,0.04,20.8,21.3,20.1,0,1,MODERATE
566.1,0.44,17.9,43.2,47.3,12.4,100.0,28.5,3.47,34.2,39.4,48.5,0,3,CRITICAL
549.6,0.823,9.7,55.7,50.1,19.0,44.8,23.0,0.32,23.5,23.9,24.0,0,2,HIGH
557.7,0.635,2.8,16.7,28.9,19.5,7.3,11.9,-0.26,11.1,11.4,10.2,0,0,LOW
568.2,0.391,1.8,18.8,49.2,23.1,6.7,7.2,-0.11,6.7,7.6,7.1,0,0,LOW
547.1,0.881,0.3,5.8,40.4,20.4,1.0,12.6,0.11,12.5,13.0,12.8,0,1,MODERATE
563.4,0.502,37.2,95.3,80.5,13.2,100.0,31.4,6.17,40.7,50.2,65.6,0,3,CRITICAL
558.6,0.614,4.9,43.0,55.1,15.0,31.5,16.3,0.24,16.2,16.5,18.6,0,1,MODERATE
564.9,0.467,4.3,22.2,37.6,12.8,22.1,12.2,-0.03,12.4,12.0,11.9,0,0,LOW
580.1,0.114,24.0,40.9,46.3,10.0,100.0,26.6,3.55,32.2,36.6,47.3,0,3,CRITICAL
543.2,0.972,6.9,14.4,28.9,18.8,18.6,18.3,0.15,18.5,18.4,20.4,0,1,MODERATE
584.5,0.012,12.7,29.5,40.1,19.9,44.8,10.9,0.34,11.6,12.2,11.3,0,0,LOW
549.5,0.826,3.2,37.5,58.1,11.6,28.0,16.9,0.17,17.3,16.8,19.3,0,1,MODERATE
569.1,0.37,57.8,180.4,100.0,20.2,100.0,28.5,6.22,37.9,46.4,66.1,0,3,CRITICAL
580.4,0.107,34.3,130.4,97.1,12.9,100.0,24.7,4.16,31.1,37.5,50.0,0,3,CRITICAL
547.3,0.877,35.9,95.1,82.7,23.0,100.0,35.1,6.75,44.8,56.0,74.5,0,3,CRITICAL
543.3,0.97,9.4,42.5,42.7,21.1,33.3,19.3,0.3,20.0,20.0,20.9,0,1,MODERATE
570.3,0.342,25.9,56.8,63.7,16.4,100.0,32.7,4.5,39.0,46.0,57.1,0,3,CRITICAL
546.1,0.905,2.8,12.9,41.1,10.3,19.6,17.9,-0.29,17.3,16.6,16.1,0,1,MODERATE
542.9,0.979,0.2,21.0,41.8,21.3,0.7,11.1,-0.26,10.7,10.8,10.9,0,0,LOW
560.6,0.567,0.4,27.5,36.9,14.4,1.8,9.5,-0.35,9.4,7.6,8.8,0,0,LOW
577.4,0.177,15.9,38.3,50.1,12.0,100.0,30.1,2.77,34.5,38.1,46.7,0,3,CRITICAL
562.3,0.528,10.9,56.4,62.7,24.3,49.2,19.1,0.12,19.1,18.5,21.3,0,1,MODERATE
583.7,0.03,13.1,47.3,58.8,17.7,76.2,22.5,2.28,26.4,30.0,37.1,0,2,HIGH
568.6,0.381,0.1,26.8,42.0,18.5,0.4,3.8,-0.02,3.9,3.2,2.8,0,0,LOW
576.6,0.195,9.9,61.2,55.7,13.3,72.6,21.3,0.21,21.4,21.8,23.7,0,1,MODERATE
553.3,0.737,22.8,77.9,73.7,12.5,100.0,36.3,4.25,43.0,49.0,62.3,0,3,CRITICAL
575.7,0.216,10.5,56.6,66.7,10.5,100.0,31.6,3.28,36.6,40.5,49.1,0,3,CRITICAL
545.3,0.923,23.7,54.3,59.5,11.0,100.0,37.1,5.88,46.3,55.2,71.3,0,3,CRITICAL
571.9,0.305,4.8,30.5,36.4,11.7,26.1,9.9,-0.3,9.6,8.5,8.9,0,0,LOW
552.9,0.747,30.2,86.6,78.8,22.6,100.0,32.8,5.39,40.5,49.9,65.5,0,3,CRITICAL
544.8,0.935,16.0,49.9,64.1,11.3,100.0,37.6,4.66,44.8,52.2,64.3,0,3,CRITICAL
580.6,0.102,4.3,46.2,44.5,15.1,22.2,5.3,0.17,5.2,6.6,4.5,0,0,LOW
542.0,1.0,4.9,30.6,50.3,19.8,21.8,21.0,0.08,20.9,21.8,20.8,0,1,MODERATE
561.7,0.542,17.8,40.4,50.3,14.9,100.0,35.2,4.46,42.4,48.9,59.5,0,3,CRITICAL
574.5,0.244,31.9,81.3,71.4,11.1,100.0,26.2,5.06,33.5,41.3,56.9,0,3,CRITICAL
582.5,0.058,9.7,48.5,63.9,20.8,52.1,13.1,0.37,13.6,13.4,13.5,0,1,MODERATE
549.3,0.83,5.4,41.3,44.5,16.8,25.0,18.2,0.22,18.6,18.3,21.1,0,1,MODERATE
555.5,0.686,36.3,97.8,70.3,14.4,100.0,32.9,6.12,42.1,52.1,68.1,0,3,CRITICAL
578.6,0.149,19.9,51.7,61.3,22.2,96.2,29.5,3.25,34.8,38.5,50.0,0,3,CRITICAL
548.2,0.856,10.7,55.7,48.8,15.7,58.2,27.5,0.22,27.7,29.1,29.1,0,2,HIGH
557.6,0.637,12.0,46.8,57.1,16.9,71.0,28.0,-0.01,27.9,28.4,29.4,0,2,HIGH
559.5,0.593,4.1,25.9,47.3,12.0,28.3,14.4,-0.16,14.1,13.0,14.6,0,1,MODERATE
562.9,0.514,17.7,43.4,51.1,24.3,65.1,25.2,0.46,25.6,25.6,27.7,0,2,HIGH
584.0,0.023,8.0,45.2,57.4,22.2,36.2,12.2,-0.13,11.9,12.6,11.5,0,0,LOW
575.0,0.233,97.9,155.0,100.0,18.5,100.0,26.1,10.13,41.0,56.6,85.7,0,3,CRITICAL
554.5,0.709,11.8,21.7,43.9,20.7,43.8,21.4,0.43,22.1,22.4,23.9,0,2,HIGH
568.0,0.395,12.0,39.0,42.4,19.4,45.9,18.2,0.33,18.4,19.7,21.6,0,1,MODERATE
554.8,0.702,15.0,44.5,62.2,14.5,100.0,35.6,4.62,42.4,50.2,63.3,0,3,CRITICAL
554.2,0.716,44.7,93.6,83.9,14.6,100.0,36.2,7.28,46.9,58.8,78.1,0,3,CRITICAL
551.3,0.784,29.0,80.9,74.9,15.8,100.0,36.9,6.04,45.9,54.1,70.9,0,3,CRITICAL
560.9,0.56,10.8,52.3,63.8,14.0,86.1,27.0,2.96,31.8,35.7,45.5,0,3,CRITICAL
559.0,0.605,22.8,68.0,64.0,20.4,100.0,33.5,4.32,40.1,45.5,57.2,0,3,CRITICAL
566.0,0.442,15.9,59.0,50.5,23.2,60.6,21.5,0.18,21.4,21.3,21.0,0,1,MODERATE
556.2,0.67,12.2,45.2,61.4,16.7,78.5,28.4,3.38,33.8,38.4,49.8,0,3,CRITICAL
558.8,0.609,3.8,18.4,35.5,22.9,10.3,12.1,0.15,12.8,11.7,12.3,0,0,LOW
543.5,0.965,11.2,54.5,53.7,14.1,74.6,28.6,-0.0,28.5,27.7,30.0,0,2,HIGH
575.9,0.212,5.1,49.3,47.5,11.0,38.5,13.8,0.21,13.8,13.6,13.7,0,1,MODERATE
560.0,0.581,44.3,80.8,70.5,22.9,100.0,34.3,6.7,44.0,53.5,71.6,0,3,CRITICAL
560.8,0.563,7.4,50.3,64.0,16.9,49.0,18.5,-0.17,18.1,17.2,17.8,0,1,MODERATE
559.5,0.593,54.8,123.3,86.2,22.6,100.0,31.9,7.82,43.4,55.1,76.0,0,3,CRITICAL
558.0,0.628,13.7,59.3,63.0,13.7,100.0,35.0,4.26,41.8,47.3,59.1,0,3,CRITICAL
575.9,0.212,18.0,45.5,56.6,12.5,100.0,27.2,2.89,31.5,35.1,45.2,0,3,CRITICAL
543.5,0.965,14.1,75.2,71.7,18.6,95.1,37.8,5.33,46.1,53.0,69.1,0,3,CRITICAL
572.8,0.284,2.5,27.0,40.0,25.0,7.0,9.1,0.11,9.1,8.5,8.2,0,0,LOW
545.1,0.928,8.5,31.2,36.7,13.4,40.7,22.1,0.22,22.1,23.1,22.2,0,2,HIGH
544.8,0.935,1.9,29.2,51.1,15.8,10.8,12.5,0.2,12.8,13.3,12.1,0,1,MODERATE
555.4,0.688,17.6,58.9,50.8,11.2,100.0,35.2,4.57,41.8,49.5,61.9,0,3,CRITICAL
550.9,0.793,10.7,29.1,50.5,19.7,48.0,24.4,0.29,24.9,25.5,27.8,0,2,HIGH
557.4,0.642,27.1,71.2,75.0,15.5,100.0,36.4,5.39,44.9,53.4,68.2,0,3,CRITICAL
542.9,0.979,4.5,22.0,33.8,17.2,15.5,19.4,-0.11,19.7,19.6,17.7,0,1,MODERATE
558.6,0.614,3.2,34.6,41.2,13.5,17.1,9.8,0.02,10.2,10.8,10.8,0,0,LOW
557.5,0.64,9.4,27.4,41.2,14.4,47.1,22.6,0.21,23.2,22.6,23.2,0,2,HIGH
579.3,0.133,47.0,65.4,57.4,15.9,100.0,25.8,5.12,33.3,41.7,56.8,0,3,CRITICAL
552.1,0.765,22.3,90.1,69.3,15.2,100.0,32.8,5.54,41.5,48.6,63.6,0,3,CRITICAL
570.2,0.344,9.8,21.2,34.7,24.8,24.0,13.1,0.08,13.4,12.4,12.4,0,0,LOW
582.9,0.049,13.1,65.2,60.0,19.5,70.5,20.7,-0.05,20.9,19.7,20.5,0,1,MODERATE
543.3,0.97,1.6,12.0,40.6,17.6,6.5,14.8,-0.24,14.2,13.2,14.0,0,1,MODERATE
544.7,0.937,75.1,178.1,100.0,19.7,100.0,37.6,10.34,53.0,69.5,96.4,0,3,CRITICAL
578.9,0.142,19.8,70.2,66.3,16.1,100.0,30.2,3.54,35.6,40.9,49.9,0,3,CRITICAL
550.8,0.795,6.0,50.1,61.2,23.6,27.2,16.9,0.31,17.1,18.7,18.7,0,1,MODERATE
566.1,0.44,15.9,50.0,64.8,16.8,100.0,32.2,4.1,38.3,43.6,55.6,0,3,CRITICAL
563.3,0.505,2.1,13.9,35.3,14.1,9.2,11.9,0.04,12.4,12.1,13.9,0,0,LOW
573.0,0.279,60.8,110.3,89.0,24.2,100.0,29.9,7.09,40.5,51.9,71.3,0,3,CRITICAL
576.7,0.193,3.5,19.5,32.6,22.4,8.9,3.5,0.21,3.6,4.3,3.1,0,0,LOW
555.0,0.698,18.8,57.3,64.2,22.2,95.1,35.1,4.03,41.3,47.7,57.9,0,3,CRITICAL
568.8,0.377,5.1,29.4,43.0,17.9,21.4,13.6,-0.13,13.7,13.9,13.0,0,1,MODERATE
552.8,0.749,22.8,50.9,50.3,16.8,100.0,36.9,5.46,45.2,52.6,68.3,0,3,CRITICAL
551.4,0.781,27.0,65.1,62.7,11.1,100.0,37.9,5.15,46.0,53.5,67.4,0,3,CRITICAL
545.7,0.914,20.1,59.0,58.0,15.6,100.0,38.0,5.79,46.2,55.8,72.7,0,3,CRITICAL
572.6,0.288,17.2,35.6,38.7,11.7,99.6,27.9,2.62,31.5,36.1,44.3,0,3,CRITICAL
556.6,0.66,40.1,125.5,83.0,23.8,100.0,34.1,6.64,43.7,54.8,72.9,0,3,CRITICAL
576.5,0.198,1.5,26.5,39.3,13.2,7.8,3.0,0.07,3.1,3.8,2.6,0,0,LOW
570.3,0.342,7.2,32.7,51.6,18.0,36.1,14.1,-0.06,14.3,13.8,13.8,0,1,MODERATE
547.6,0.87,5.1,43.3,53.6,20.2,23.7,18.2,0.25,18.7,18.9,21.2,0,1,MODERATE
552.1,0.765,79.6,204.5,100.0,19.2,100.0,37.3,8.83,50.5,63.6,89.6,0,3,CRITICAL
552.8,0.749,8.9,50.8,56.7,20.2,43.7,18.2,-0.02,18.5,17.4,19.8,0,1,MODERATE
577.3,0.179,23.7,68.9,73.3,14.4,100.0,30.5,3.18,34.9,40.6,49.8,0,3,CRITICAL
583.9,0.026,20.8,52.7,65.2,20.4,100.0,23.9,3.7,29.3,35.5,43.6,0,3,CRITICAL
548.2,0.856,4.3,44.4,43.2,15.0,21.7,16.8,-0.12,17.0,16.2,17.6,0,1,MODERATE
550.9,0.793,4.9,24.3,51.3,17.8,24.7,17.9,0.25,18.2,18.7,19.5,0,1,MODERATE
560.0,0.581,5.9,31.1,41.4,10.3,41.5,19.5,-0.23,19.1,19.6,17.0,0,1,MODERATE
549.1,0.835,9.5,27.0,35.1,17.6,33.2,16.9,0.13,17.4,17.2,16.8,0,1,MODERATE
565.6,0.451,4.8,26.5,50.6,16.9,25.2,13.6,0.27,14.3,15.2,16.2,0,1,MODERATE
574.3,0.249,0.4,21.9,45.8,18.4,1.7,3.0,-0.14,2.5,2.0,2.5,0,0,LOW
560.6,0.567,38.1,97.7,79.5,20.4,100.0,33.0,5.92,42.1,50.4,66.5,0,3,CRITICAL
583.5,0.035,60.7,165.6,100.0,14.7,100.0,27.6,6.63,37.2,47.0,66.7,0,3,CRITICAL
561.6,0.544,7.5,25.0,46.3,22.3,27.3,14.6,0.02,14.3,14.0,14.5,0,1,MODERATE
546.4,0.898,7.4,14.9,34.5,24.1,18.5,18.0,0.25,18.3,18.9,19.8,0,1,MODERATE
561.4,0.549,0.1,1.0,34.1,13.8,0.4,8.9,0.15,9.2,10.2,8.3,0,0,LOW
559.0,0.605,20.5,40.7,51.6,23.2,79.8,31.0,4.25,37.0,43.8,55.5,0,3,CRITICAL
574.6,0.242,31.4,113.8,86.9,10.6,100.0,26.0,3.84,32.1,38.5,49.3,0,3,CRITICAL
567.7,0.402,2.9,33.6,47.2,16.9,14.2,10.6,-0.3,10.2,10.1,10.3,0,0,LOW
583.8,0.028,3.1,30.0,51.5,18.5,15.1,3.2,0.22,3.7,3.2,5.0,0,0,LOW
543.4,0.967,28.1,102.8,81.3,17.8,100.0,34.9,6.44,44.5,54.6,72.4,0,3,CRITICAL
567.8,0.4,17.2,26.3,46.3,20.9,66.7,22.5,0.08,23.1,22.2,21.4,0,2,HIGH
542.6,0.986,0.8,9.7,42.4,14.2,4.2,13.9,-0.27,13.6,13.7,11.1,0,1,MODERATE
583.6,0.033,17.5,62.6,60.9,23.1,80.7,24.1,2.6,28.4,32.4,40.4,0,2,HIGH
548.2,0.856,6.7,44.4,42.6,14.6,34.2,19.1,0.18,19.7,20.3,19.4,0,1,MODERATE
579.5,0.128,8.3,54.1,62.1,23.4,38.5,12.6,-0.08,12.3,11.4,10.8,0,0,LOW
584.8,0.005,26.4,71.7,71.8,13.3,100.0,25.8,4.09,32.4,38.8,50.8,0,3,CRITICAL
554.2,0.716,30.0,94.8,68.6,11.8,100.0,37.1,5.38,45.6,53.6,68.7,0,3,CRITICAL
565.0,0.465,9.2,56.9,64.1,21.9,47.1,17.8,0.25,18.0,18.0,19.9,0,1,MODERATE
556.5,0.663,52.9,129.2,100.0,12.6,100.0,31.9,7.12,42.2,54.0,74.3,0,3,CRITICAL
571.2,0.321,9.4,22.7,39.0,12.7,50.5,15.6,-0.05,15.7,14.9,15.8,0,1,MODERATE
584.9,0.002,26.6,66.8,68.0,12.9,100.0,26.2,3.97,31.7,38.2,47.5,0,3,CRITICAL
571.6,0.312,11.9,59.5,61.2,13.5,94.4,31.1,2.77,35.1,39.3,47.5,0,3,CRITICAL
549.5,0.826,41.0,145.1,93.3,20.6,100.0,36.1,6.83,46.6,56.2,76.4,0,3,CRITICAL
572.9,0.281,42.9,61.4,58.4,11.5,100.0,29.4,5.11,37.4,43.8,57.7,0,3,CRITICAL
550.1,0.812,1.6,35.0,55.1,14.1,10.9,11.1,0.14,11.8,10.8,10.6,0,0,LOW
549.3,0.83,49.6,95.3,85.0,21.2,100.0,36.4,6.64,45.9,55.8,73.8,0,3,CRITICAL
573.8,0.26,31.4,104.1,74.5,18.5,100.0,30.0,3.87,36.0,41.2,53.8,0,3,CRITICAL
563.8,0.493,28.2,78.5,69.1,14.8,100.0,29.9,4.14,35.9,43.2,54.3,0,3,CRITICAL
558.9,0.607,4.0,33.0,38.2,22.3,12.0,11.8,-0.19,11.2,10.4,10.1,0,0,LOW
562.6,0.521,29.4,105.5,88.6,22.2,100.0,34.4,5.15,41.7,49.4,64.8,0,3,CRITICAL
552.6,0.753,34.2,63.6,64.9,19.7,100.0,36.2,5.3,44.5,52.0,67.3,0,3,CRITICAL
565.1,0.463,6.1,24.4,32.6,11.6,30.0,15.9,0.17,16.5,15.6,16.3,0,1,MODERATE
576.5,0.198,54.8,88.6,73.0,16.7,100.0,25.7,6.38,34.9,45.7,64.3,0,3,CRITICAL
583.4,0.037,0.9,38.1,50.2,12.1,6.5,3.0,-0.22,2.5,3.2,2.3,0,0,LOW
543.3,0.97,2.9,25.5,45.4,20.6,11.2,13.6,0.12,13.4,14.3,14.5,0,1,MODERATE
550.8,0.795,13.9,41.7,53.6,20.5,63.6,23.8,0.48,24.3,24.9,27.3,0,2,HIGH
562.0,0.535,15.4,71.4,64.2,24.2,71.5,22.7,0.5,23.4,24.8,27.0,0,2,HIGH
555.4,0.688,18.6,31.1,40.1,15.2,85.9,31.2,3.9,37.3,42.4,54.7,0,3,CRITICAL
555.3,0.691,0.3,18.8,30.3,20.0,0.8,6.6,-0.06,6.9,6.4,7.9,0,0,LOW
578.1,0.16,58.1,169.6,100.0,22.4,100.0,29.2,6.98,39.3,50.5,69.8,0,3,CRITICAL
556.8,0.656,0.8,1.6,28.9,11.4,3.5,11.9,0.09,12.1,11.7,13.1,0,0,LOW
546.3,0.9,2.8,36.9,41.0,15.1,13.3,15.4,-0.03,15.5,14.3,13.5,0,1,MODERATE
556.3,0.667,0.3,25.1,36.3,16.6,1.1,6.7,0.15,7.4,6.8,8.4,0,0,LOW
554.9,0.7,15.1,64.0,68.9,12.2,100.0,32.1,4.06,38.2,43.9,54.7,0,3,CRITICAL
553.6,0.73,48.5,144.7,100.0,22.3,100.0,31.9,7.16,42.6,53.3,73.5,0,3,CRITICAL
550.5,0.802,19.7,66.6,56.8,21.5,91.1,30.7,4.59,37.2,44.8,57.0,0,3,CRITICAL
556.5,0.663,31.1,102.7,76.5,10.8,100.0,34.2,5.18,41.8,50.0,63.8,0,3,CRITICAL
567.1,0.416,0.2,10.7,30.2,19.1,0.6,5.2,-0.38,5.1,3.7,3.7,0,0,LOW
570.7,0.333,14.1,66.6,67.4,20.5,81.1,26.7,3.65,32.4,36.7,47.4,0,3,CRITICAL
555.8,0.679,11.1,42.2,44.8,17.9,48.6,18.7,-0.12,18.5,18.7,19.3,0,1,MODERATE
582.0,0.07,12.4,62.6,69.5,12.8,100.0,26.9,1.88,29.9,32.2,37.8,0,2,HIGH
561.7,0.542,1.3,9.6,43.8,23.6,4.2,10.9,0.12,11.0,10.7,12.9,0,0,LOW
568.5,0.384,20.8,61.5,51.2,24.5,76.1,26.9,4.58,33.8,41.0,54.2,0,3,CRITICAL
544.9,0.933,12.6,45.7,59.5,17.6,74.5,33.3,-0.14,33.3,32.6,33.7,0,2,HIGH
574.6,0.242,26.1,52.4,48.6,23.6,94.1,28.0,4.51,34.6,41.0,52.7,0,3,CRITICAL
545.6,0.916,12.0,48.2,60.7,22.6,56.4,25.4,0.37,25.9,26.0,25.9,0,2,HIGH
571.2,0.321,2.9,39.8,44.0,18.7,11.9,10.1,-0.29,9.6,8.8,8.3,0,0,LOW
